Order_Id,Product_Id,Quantity,Unit_Price
3341,211,4,14011.25
5327,286,3,43456.05
2318,274,2,49150.01
4613,209,4,40182.66
2793,240,5,19495.45
1696,269,4,28861.86
5393,236,1,556.19
1508,289,5,5039.71
4475,291,3,49040.85
3929,272,3,45067.66
2399,232,4,1668.03
5667,238,1,39615.09
4212,273,1,6322.47
4305,277,3,48891.99
4816,202,4,10685.78
5417,289,1,35167.98
4695,299,3,18552.84
5254,217,1,25028.25
2405,235,5,30456.35
5543,289,1,40202.06
2028,287,1,47865.04
5314,271,2,3375.55
4700,282,1,19241.24
5907,237,5,31320.6
5281,227,3,32075.87
2974,265,3,21142.07
5305,250,2,2040.94
4511,247,1,9017.21
2575,209,5,47800.18
2886,203,4,5790.56
5933,214,3,36464.02
5450,278,2,43507.9
5843,275,4,34923.0
4869,300,4,8540.61
1020,219,2,3379.31
4128,241,3,25255.26
2877,251,3,42226.42
5986,257,4,42206.22
5930,237,3,4895.14
2750,289,1,8103.23
3790,203,3,49474.32
1316,269,4,47642.55
5515,262,2,44125.67
3192,296,5,18931.92
1491,209,5,21709.73
5939,284,1,5050.18
2975,204,3,8884.8
4787,214,2,17913.49
2453,266,1,27611.35
5617,268,2,808.78
5083,215,4,27413.48
1884,296,4,14807.58
3556,284,1,18807.01
5570,269,2,44118.66
2689,274,3,4488.55
2184,208,3,32559.47
1804,250,1,32877.26
1420,236,1,43590.04
1773,284,1,14513.46
2546,272,4,49841.27
4537,276,1,38223.93
4304,291,3,10354.1
3706,265,1,45255.32
1904,243,1,14076.34
3043,253,1,3495.29
2107,270,3,46844.9
3456,290,4,33723.19
3724,229,3,16277.62
2484,300,5,3277.87
3947,257,4,15471.42
1770,220,5,5678.76
2228,201,5,13626.2
4207,222,4,27414.86
5664,220,1,47159.4
2439,238,4,18809.61
3874,234,1,47532.34
3626,220,4,47754.87
3181,247,5,16852.11
3819,281,3,46988.22
3673,279,3,33687.71
5202,277,5,30758.95
5322,238,5,12508.35
5748,285,5,41984.8
1340,265,1,7043.28
1122,230,2,40217.1
5544,299,5,43245.88
1079,240,4,1371.68
3595,262,3,1994.51
2766,265,1,45937.67
1941,222,2,25145.07
4244,261,3,5740.38
3600,253,3,6362.7
5848,203,5,40641.48
2744,294,3,44476.25
5910,250,5,41930.27
4915,219,5,39862.4
5313,260,2,36661.79
2457,231,5,32434.82
4047,241,1,27563.79
5955,261,5,29321.87
2986,209,5,13093.26
3747,253,5,14054.79
3904,295,1,30215.0
3612,211,5,18826.6
5807,226,5,49084.63
5644,201,3,43078.25
5671,257,5,9096.22
5841,281,3,16814.45
5247,266,5,46053.76
4310,263,4,35441.86
3157,283,2,13610.31
4393,288,5,17719.22
2669,215,4,1902.05
2668,237,4,23525.42
2418,297,2,4976.32
1021,207,2,44298.37
4831,222,1,13493.96
4943,270,5,18340.91
5735,222,5,43108.25
3874,296,2,8857.14
4642,264,3,6992.99
1468,259,2,35475.53
5498,270,3,46138.51
3247,227,5,40537.24
4906,284,5,5198.02
1662,252,3,36475.58
3948,277,4,49620.71
1591,265,3,30428.49
1662,267,5,38013.94
3408,267,5,35720.54
3625,217,4,24796.32
2381,299,1,38389.17
3055,273,3,6313.48
2047,227,2,27207.14
4054,228,4,28730.65
5793,277,2,16892.64
4890,248,1,20639.24
3564,262,4,1780.93
5803,242,5,8265.08
4495,250,5,33534.32
5548,288,1,27546.52
1708,249,2,1235.49
4054,248,2,29027.31
3545,236,3,4054.26
2245,258,1,33845.41
4329,283,5,42521.74
1059,281,4,4906.17
2990,223,4,44970.68
4680,272,1,7929.36
3318,291,1,39286.33
1578,221,3,2827.61
4173,230,4,2857.62
4711,275,4,13025.11
5056,227,2,24801.64
4933,272,2,28417.02
5503,240,5,16432.39
5291,269,1,49696.42
1391,255,3,25863.04
5477,278,2,34753.63
4413,224,4,23212.43
4876,217,1,6916.35
1378,230,5,7828.88
4655,287,3,42875.43
1305,232,5,43016.14
2433,228,3,28506.21
1468,269,4,42876.24
1974,226,2,19083.9
3561,202,5,3360.13
5617,264,5,13129.74
5101,251,3,34528.16
2481,239,4,9476.01
1159,245,2,32654.48
3313,218,1,25280.85
4748,296,5,19385.78
2419,213,3,48063.36
3334,226,3,44553.65
1921,300,2,9722.54
3953,249,1,23061.04
3475,204,2,45531.96
5486,209,3,30609.03
4030,248,2,5472.9
1514,264,3,13518.08
2849,278,2,31975.27
1788,272,3,1094.43
4501,241,2,48860.15
2963,206,4,45518.98
1429,287,1,23523.51
5537,223,4,3360.0
5899,236,5,459.75
4729,251,1,24081.13
2515,285,1,6150.02
4439,234,5,6175.98
3251,234,4,41685.72
5253,274,2,48987.15
2097,205,5,48632.5
3943,283,3,24332.65
2517,222,1,38048.28
4593,220,5,14742.93
1957,250,3,6486.29
2838,236,3,21853.72
2468,264,2,2478.57
3545,290,5,5214.89
3528,239,1,15975.38
3440,274,3,43231.52
4817,209,3,38066.02
1853,261,2,18278.36
1762,230,4,15001.15
5772,257,3,735.91
5157,212,1,6756.09
4688,241,5,4465.21
3116,298,2,37584.41
4870,242,5,48543.02
1603,296,1,11188.99
2702,259,1,1365.53
5926,273,2,8003.21
5108,216,5,48297.38
2243,215,2,4278.56
1520,288,5,33070.81
2334,271,2,21598.46
1631,221,3,12610.65
5811,225,2,33717.56
4778,294,4,44413.72
5270,291,2,8477.88
1310,247,1,2820.79
2842,243,5,3151.29
2727,295,1,6038.45
1949,289,4,46135.96
4427,250,2,40362.07
4853,235,4,31025.83
4549,291,2,26095.49
3125,209,5,29133.79
4288,286,1,35854.25
4143,298,2,41486.97
5853,252,2,44880.11
3355,259,4,21657.33
1382,243,4,39901.53
4182,235,4,42060.67
5405,299,3,5954.12
5126,244,4,30531.56
2008,294,3,12412.76
4048,229,2,30479.94
3470,265,5,42986.41
2907,226,1,44292.83
2726,274,3,17080.9
1014,275,5,3416.03
2105,269,4,27401.7
4064,227,2,16896.79
3789,276,3,48420.88
2844,282,1,28767.47
2324,223,2,44959.48
5508,246,3,12221.56
4870,225,2,34280.11
4657,297,4,19504.69
1683,251,3,20350.69
4079,300,2,4307.26
4371,242,4,35553.95
4880,252,2,39146.82
1334,287,2,8077.64
3948,268,5,27855.16
3594,211,1,40058.32
5476,278,5,27221.86
4175,235,1,29482.92
2709,260,5,3865.56
3785,232,1,13684.56
1445,276,3,31911.33
3625,252,1,38098.48
1604,287,4,5774.68
2132,282,2,3325.15
5922,205,5,4983.71
5874,237,2,38601.02
2418,220,5,5279.64
5226,229,2,21692.41
1539,295,1,17464.13
5661,297,5,12499.83
2792,277,2,15297.98
3347,205,2,22414.23
1021,292,4,29662.12
5724,212,1,35218.82
3866,236,4,40340.33
5589,214,2,46880.31
2513,238,2,10477.29
4713,202,4,39831.41
1079,288,5,10503.12
4682,253,5,12472.93
4485,217,3,36304.55
1912,201,4,8695.7
2078,287,4,44233.1
2336,262,1,14033.13
4024,229,3,36353.4
1746,257,3,46007.98
4083,239,1,49957.3
1619,258,1,36184.55
3850,262,3,34377.14
2355,254,3,4523.35
3094,287,2,6675.06
2943,237,3,30585.11
2016,251,5,1331.99
3884,298,5,34419.39
5475,221,5,7704.78
5767,247,1,28301.18
1066,266,3,21047.13
1137,227,2,15671.54
4455,212,3,11596.53
1596,208,1,36175.56
1717,248,2,7638.81
2591,207,5,11611.45
1792,274,3,22201.43
4263,255,5,36785.26
3896,236,2,14845.85
5693,213,2,12845.38
5658,240,2,15139.81
2544,281,5,13909.13
2421,254,1,15502.55
4104,216,4,32526.59
5991,251,2,22043.51
2254,240,2,20654.29
2060,289,3,22539.11
2390,239,1,9564.76
1257,279,5,29000.45
4832,233,2,20334.12
5672,255,1,37080.74
3268,248,1,48203.83
4760,261,5,1918.63
4641,249,4,27321.92
5134,211,4,1150.55
3236,276,5,17560.81
2825,264,4,29888.13
5135,210,5,9166.11
2498,255,1,334.64
5835,234,3,246.76
5140,268,1,2496.34
3340,248,4,22016.34
4905,224,3,48813.17
4910,207,2,29176.99
5459,248,5,22757.15
2437,252,5,19884.16
1892,281,5,11837.12
5522,220,4,35727.61
2223,231,4,31102.66
1805,215,4,35969.41
3626,279,1,25349.96
4852,285,3,48796.33
4064,300,1,18009.54
4593,217,2,17099.01
5801,204,4,9257.6
4198,202,5,7069.41
1019,206,4,11110.48
4469,283,5,24095.55
1182,240,1,35745.85
4986,299,2,29943.54
3482,206,4,18542.23
4474,238,2,38049.26
4752,268,5,35530.59
5611,242,5,26970.65
5661,288,5,1874.81
4958,220,1,45474.57
5482,263,3,2987.46
5866,230,2,42929.92
2374,255,5,14677.86
3930,268,2,31956.43
3615,267,1,5643.61
2120,265,3,32971.45
1312,227,5,5785.81
2006,300,2,45532.7
1825,288,3,14896.12
5794,290,2,33829.44
4630,227,3,31376.3
1286,299,5,16522.7
4767,246,3,17008.52
4042,247,4,2128.72
5622,222,3,21736.47
5150,255,3,18564.4
5335,213,2,19374.09
5328,297,1,42869.89
3444,261,4,34859.69
2446,218,2,391.25
5393,252,5,31358.62
1975,262,3,11545.55
2017,244,5,3338.75
3663,292,2,23466.66
3620,246,3,7714.93
3158,275,4,36689.38
3335,210,3,17657.33
5728,229,2,43538.93
5104,209,5,3859.22
5485,277,2,29412.84
1034,278,2,43099.53
3404,235,3,13356.12
5149,221,3,37032.41
5505,250,4,15971.1
5954,220,4,41246.68
3829,265,2,36466.26
2935,234,1,5432.84
5560,282,4,10923.17
5105,275,1,25619.45
1990,220,3,48159.79
5493,216,3,32175.45
2475,228,2,43975.66
4043,225,4,2773.45
3083,241,1,31447.13
1168,213,2,31785.08
2608,231,1,42821.84
1196,228,3,25979.13
1634,270,1,46429.15
2114,270,4,20396.46
1933,206,3,37991.72
4837,289,4,24032.63
4213,239,3,29802.31
4541,243,4,47410.47
5918,247,3,7228.37
5720,258,5,29148.23
5395,215,4,17102.54
4522,209,3,2328.87
3203,266,5,5984.2
3962,282,5,5112.4
2904,209,5,15873.68
5688,275,1,25847.1
1274,263,2,23207.82
2607,238,3,2673.27
3978,293,3,12549.05
5672,281,1,28268.89
5621,245,5,25130.73
3200,257,3,44724.43
1460,268,1,31186.49
1507,260,2,8550.71
3401,253,3,37759.56
4004,298,2,42497.95
5815,254,4,38302.26
1033,230,3,37327.69
2308,281,2,1669.01
3801,258,3,47000.78
1905,206,2,27983.72
1713,295,4,41983.68
4914,269,4,5874.86
4506,234,1,32632.97
5600,209,1,1066.6
4838,296,3,25656.56
2608,213,3,2243.04
3716,230,4,6739.03
1125,213,4,31711.28
1590,232,5,36193.65
3934,272,2,30859.57
4639,257,3,33748.35
5820,218,2,2636.28
1435,247,2,22630.85
4738,205,4,10041.95
4593,266,2,9408.01
3495,265,4,33240.05
2254,221,1,23136.17
4726,265,1,43084.82
2178,246,2,8487.1
1266,245,4,42688.36
5186,268,1,49963.37
5381,294,2,4850.54
5186,266,2,22392.51
5348,296,2,20677.38
3644,226,2,8681.89
1492,280,2,48972.62
4301,235,3,7999.3
1723,274,2,26071.83
2197,264,3,5399.08
1096,267,2,24428.56
1135,244,1,37695.41
1600,296,4,37403.47
5418,287,5,29844.84
5277,235,4,36837.42
3374,285,5,31395.97
4266,277,2,19297.94
4438,277,2,33397.0
4116,228,3,7435.28
1042,221,2,6032.53
3619,223,3,16304.14
1575,223,4,39670.54
4154,246,1,11653.67
2358,269,2,10259.35
5775,242,5,47358.35
4005,264,1,21324.4
3829,297,3,33789.28
5712,240,5,43516.22
2857,263,5,32375.41
5385,235,4,40172.0
5412,294,1,13715.0
4654,256,5,26625.4
5884,242,2,8568.7
5001,232,1,44703.36
3955,264,2,27007.43
4667,261,4,37830.57
5833,291,5,38842.21
1641,297,3,29622.67
1630,275,1,41941.98
3996,245,3,48558.49
3820,248,2,33640.91
4513,265,4,22433.93
5968,283,3,49107.7
1605,205,4,40507.18
1540,267,2,41962.02
4284,267,1,10631.39
2672,243,1,30635.21
3090,248,4,952.43
4643,246,5,49863.94
3813,241,3,48934.87
1543,223,1,30110.93
4115,286,4,6005.78
4469,283,5,34648.55
4105,289,4,323.11
3482,227,5,12678.7
3444,288,1,2545.03
1792,266,1,5143.44
4316,212,4,21600.61
1320,257,4,3327.37
4556,216,3,7157.94
2184,260,4,25924.81
4838,284,1,41148.32
3255,299,4,48808.9
4315,214,3,37856.76
3658,292,2,13456.57
4332,274,5,33430.46
3832,256,2,14370.39
2164,217,1,46993.94
4091,276,5,19709.8
4705,277,1,11053.69
4692,234,2,26989.15
2102,286,5,45311.86
2828,264,4,35699.01
1004,231,5,44226.79
2938,215,2,32449.67
4612,215,3,1678.26
1388,288,3,18376.64
5420,278,4,16821.83
5382,215,4,5621.44
5186,235,2,9939.28
4091,293,1,17520.53
3698,258,1,25268.4
1002,287,1,9769.78
5651,239,5,1580.09
4390,271,1,17928.57
5002,285,2,49455.56
1824,299,5,25864.76
1978,218,2,33808.1
1200,226,2,40290.72
4367,218,4,9417.3
2676,249,5,46737.04
5498,230,1,49920.54
4751,288,2,3338.07
5674,212,4,18030.05
3078,239,5,4793.17
3860,220,4,12003.63
5691,300,1,46368.55
4034,272,3,32115.43
1243,255,3,32123.1
1482,270,2,43102.45
2152,216,5,46461.29
4464,247,5,19347.04
3448,284,2,31355.24
3433,248,2,21850.58
3794,227,2,8602.64
4435,259,4,8640.64
2887,220,2,40195.96
2039,233,4,48301.16
4693,231,1,11580.34
1992,290,1,1168.27
1428,290,4,16923.81
2285,271,4,30301.94
4424,252,1,5420.83
2456,212,5,29094.14
5714,272,3,40374.46
5254,260,2,44080.77
1881,236,4,11100.51
3059,300,5,46989.88
4328,257,2,42156.55
1093,285,2,12891.92
4617,249,5,18339.19
3378,267,3,12860.79
2584,249,4,682.11
4081,263,5,4219.45
1743,224,2,31563.45
4844,226,2,40597.27
3847,272,1,25517.05
2043,299,1,13499.1
2463,206,4,26544.36
1216,286,3,48424.26
3069,256,1,8741.47
2506,219,4,25840.55
4661,270,1,37229.62
4028,214,5,919.86
1786,238,4,12187.9
3666,283,3,24186.24
3970,212,5,2532.76
3353,227,2,27360.68
5247,272,5,8091.37
4049,286,3,26398.71
4392,296,3,5484.19
1646,272,4,25844.89
4866,217,4,24836.42
3995,285,1,26179.09
3596,258,4,22320.58
2251,263,3,24499.65
2515,263,4,4930.45
3210,212,1,22637.84
1806,202,5,28782.24
1829,259,3,19063.6
1800,293,1,15067.84
2809,257,4,13104.8
4874,255,3,15156.59
1486,222,2,49633.62
1714,218,4,46965.13
2764,210,2,9874.65
3978,260,5,2619.61
3115,264,3,9919.64
4916,266,3,349.62
3395,276,5,4415.34
5847,273,2,21267.33
5321,265,5,3982.6
4256,268,5,11757.11
5643,281,5,46095.17
2963,236,2,30282.47
4733,246,3,293.83
4914,268,1,47515.87
1830,244,5,33432.52
3622,253,3,13133.16
3541,275,5,19516.57
3111,212,3,13669.77
4769,247,3,28784.15
4601,228,1,9194.04
5108,228,2,37860.89
4404,253,5,42609.36
1180,218,1,40256.32
4993,214,5,21148.8
4868,212,2,19751.22
1103,213,1,25230.19
2262,275,1,35414.39
5098,256,5,29256.24
4433,258,4,39499.33
4545,212,4,15633.1
5417,235,1,31394.7
3095,292,2,36235.18
2043,247,1,16236.11
5801,201,1,2156.5
2574,299,5,19404.39
3929,285,5,21775.73
2703,225,5,42911.22
3082,227,4,4336.27
2706,258,1,36966.7
4614,294,2,21233.21
5572,246,4,25373.48
5235,216,4,47723.18
3914,246,1,34573.35
2720,229,1,47970.89
4391,215,3,9258.73
2833,244,1,48476.3
2697,291,1,24257.34
5949,243,2,27085.39
3972,226,1,5922.22
5028,236,1,11309.63
2206,266,2,6874.61
4040,206,5,3478.22
5463,261,1,48300.49
2932,237,3,8524.4
4515,271,4,10078.4
5886,241,5,34171.23
5604,257,2,14389.11
3449,210,5,6809.68
2070,298,2,32432.7
3219,281,2,40614.21
1273,229,1,7819.33
3932,260,2,42984.34
3019,228,4,42456.85
2143,237,5,5510.36
2759,293,4,27542.95
1311,300,5,34467.07
4350,247,5,45844.84
3140,226,5,1774.68
2224,245,3,34576.54
2120,243,3,38340.6
2672,258,5,41982.03
5813,254,1,43148.57
1093,286,1,26171.93
3849,224,5,30485.06
1060,232,4,1695.88
3422,280,5,3430.45
3854,271,5,12113.99
5996,224,4,31794.85
4727,256,3,5429.55
4223,274,2,31927.36
1849,247,1,26330.19
2688,297,2,34450.87
1068,255,2,26096.96
4459,228,4,15412.94
4146,256,3,39238.23
4518,280,1,5369.45
1128,259,5,21774.38
4978,274,2,29243.68
1094,283,2,36781.26
1413,227,1,46990.15
2485,280,4,16327.31
1970,252,4,24767.88
4236,256,3,3019.49
2669,267,3,38953.17
5863,248,1,3378.52
3650,247,3,44963.27
1289,270,2,42257.62
2484,221,4,43965.19
2642,209,5,21386.32
3739,228,5,4483.36
5189,251,3,42786.22
2468,225,3,49239.34
1379,291,3,28520.67
4947,245,2,21594.18
5698,252,2,3007.93
1631,208,5,28861.75
2223,250,3,4141.72
1900,276,5,35484.53
2984,235,4,4808.46
5242,210,3,4085.58
2894,295,1,44884.72
5902,229,2,29578.56
2121,206,2,6924.61
2870,217,2,11624.15
1228,298,5,25186.75
3293,218,5,33051.96
2559,270,5,46198.09
3303,246,4,11421.79
5248,234,1,47913.31
1273,211,5,759.61
3881,281,3,40789.68
5702,266,2,49786.82
1532,299,4,40671.96
3942,296,3,12800.82
4088,279,1,32419.75
2258,257,1,27118.1
2539,275,1,1130.01
4791,300,5,8557.17
2163,260,2,29978.49
4750,269,5,11511.99
5160,287,3,15109.98
1467,217,2,1746.22
5770,282,4,31073.25
4783,248,2,5842.17
3761,291,2,4795.19
3988,246,1,10086.53
4022,264,1,33781.74
2156,218,5,46112.23
5409,255,3,19251.97
4129,216,5,42069.31
4781,206,3,15359.89
1008,256,5,38682.54
3430,279,3,16881.93
3495,277,3,24197.78
2574,238,1,37569.3
2300,221,5,7912.63
5249,274,2,21180.94
4182,211,5,47087.65
2115,295,4,882.17
4265,264,5,36449.13
2271,208,1,9564.23
4875,285,5,8533.26
2250,241,1,31054.57
1988,243,1,36095.53
4860,282,5,40931.49
5951,249,2,37084.54
1684,263,3,44222.33
3856,234,5,24544.39
2970,221,2,5598.14
2991,268,1,21091.9
1936,252,2,29320.59
1186,242,5,43672.71
1289,270,3,9550.03
1877,220,1,46499.8
1732,296,3,46544.48
4389,296,2,27787.77
5329,278,2,49775.05
1912,245,2,19585.18
3613,238,2,17859.75
4635,271,1,37829.57
5633,208,3,48063.0
4387,246,4,24311.25
3033,264,3,47852.12
1457,284,4,2644.65
5095,259,3,39224.08
4242,209,2,44425.46
4783,209,1,29354.86
5433,211,5,28807.71
1157,292,5,26584.38
3045,246,1,36623.87
2364,206,5,45214.75
3780,217,4,6896.64
4400,241,2,48639.21
5531,273,4,16308.85
1690,287,5,18897.31
2902,204,3,38795.93
3554,215,3,48414.82
4257,271,5,45429.03
1387,215,4,33915.92
3709,219,4,31260.65
6000,268,5,3095.71
3726,291,3,20288.47
5390,229,1,28600.22
2309,276,5,1677.25
5389,213,5,19943.72
3556,247,5,39632.64
3981,233,3,24122.61
2399,282,3,47779.48
1409,226,5,9633.48
1048,298,1,29156.61
5515,285,1,32715.42
1998,294,4,23037.36
2832,213,1,3296.43
5100,222,2,45555.94
5472,294,4,30881.18
2405,276,1,5383.74
2218,246,1,15489.95
4505,245,5,23499.01
4745,207,1,39725.59
5794,278,5,2383.22
4225,266,1,22370.89
1057,228,1,44073.84
3852,217,5,18951.19
3986,210,4,7799.94
5181,274,2,36562.51
1670,280,2,27884.64
1479,212,5,22652.96
1501,286,2,39352.75
3451,251,4,1505.13
3618,299,4,22630.07
1351,254,1,4903.4
2115,217,1,47288.67
5891,201,1,30925.97
4609,207,2,17618.72
1815,292,2,31576.24
3265,236,4,28856.48
4387,276,4,33968.16
2119,211,3,41997.39
5088,212,3,48385.41
2830,202,3,38540.26
2609,278,4,29028.8
4293,292,3,29837.54
5159,276,1,26454.1
4610,288,4,49787.12
4293,273,4,16096.59
2930,214,5,28877.9
2793,257,1,39285.39
5879,253,5,35662.31
1409,205,2,5408.22
3649,260,1,20162.84
4981,218,4,9102.67
3564,283,4,35467.18
5484,222,5,37425.75
2389,257,3,3965.86
3040,241,2,31117.86
2428,245,4,49052.34
3102,276,2,35259.86
2396,241,1,9470.18
4857,246,5,15022.72
4136,233,4,24736.13
2419,206,4,36452.5
4314,260,5,3708.86
1539,256,2,13808.82
2294,282,1,37413.6
2162,294,4,37430.11
4419,213,1,42274.71
2416,214,4,39970.89
5938,236,2,2098.09
5905,283,3,30400.52
3492,203,3,3779.72
5920,202,4,20317.12
5129,213,4,16895.21
3571,202,4,47664.71
2473,299,2,8092.17
3469,296,4,24511.63
1595,221,4,39829.32
4084,227,5,1710.1
2838,232,1,8190.51
3242,214,5,13437.53
5122,228,4,4326.22
3775,253,3,8839.84
4363,225,5,24851.46
1029,276,4,950.73
2361,279,5,13248.13
3010,228,1,48267.52
4740,238,3,8761.55
5787,206,3,3009.11
1404,281,3,43096.42
5954,289,5,47727.35
2902,264,3,48851.68
5700,254,1,5785.9
5442,270,3,42754.26
4967,217,4,14983.31
2755,242,2,32748.69
3736,252,3,46120.73
1718,208,5,41009.29
3191,228,5,6741.32
2418,283,3,12729.34
1187,218,2,26167.28
2313,254,3,13276.7
5944,275,2,10554.04
5238,256,2,42461.71
2824,284,3,28459.37
4463,209,2,7313.39
2043,268,2,24791.33
3243,295,4,35672.55
4197,271,4,33115.63
2687,269,1,7194.91
3628,204,1,18737.77
3983,284,5,23546.08
4322,253,4,29450.64
4751,217,5,36278.17
2880,213,5,18251.71
5377,251,1,18675.11
1976,256,3,18183.06
2593,216,3,48223.49
3887,290,3,28031.91
4217,202,3,15530.36
2753,293,2,22834.49
4453,208,3,45024.7
4601,233,2,15237.48
3081,224,5,12376.86
3846,265,2,16627.49
5281,225,2,44585.3
3797,233,1,24558.38
5237,274,1,40933.22
4532,245,2,34525.31
2715,283,2,24272.68
1718,220,4,28154.77
3320,231,2,3494.45
1982,244,1,6867.43
2540,296,2,37684.8
1345,227,2,34739.39
2241,211,5,47877.98
1024,243,5,6053.22
4925,214,3,26912.89
2785,293,1,32286.17
1669,229,3,22304.93
3113,297,3,25238.6
3953,275,5,7948.84
4120,262,2,25314.41
2145,220,2,34432.3
1380,278,2,14390.79
1108,291,5,37722.85
4654,262,5,49625.61
2165,262,4,3437.47
2207,253,5,47029.62
1593,236,2,16466.68
4470,272,2,23779.91
2612,272,2,2534.35
1691,266,2,43353.27
3417,288,2,48530.73
5515,290,3,5555.68
4892,238,5,10413.7
4538,246,4,38426.53
5594,240,2,4019.66
3649,291,2,8592.87
4981,254,4,11411.93
2176,209,5,29569.85
1331,243,2,32618.39
1333,282,2,11849.57
2251,231,4,46685.64
4348,213,3,8234.28
1365,214,1,32674.2
5673,212,5,25811.5
2716,278,4,27680.06
3616,248,3,32029.84
4161,255,2,22411.71
3313,295,4,29967.43
1726,244,2,4974.28
4140,288,5,45717.92
1667,250,1,38829.43
1264,279,5,21127.92
2010,231,1,39270.6
5002,208,4,28209.84
2614,236,5,32423.99
3448,241,4,38932.72
1323,215,1,47285.57
4121,240,2,43166.61
3998,213,3,4679.69
5461,230,4,40908.16
5302,288,4,49202.54
2992,275,3,26092.12
1814,209,1,46520.44
5366,250,3,23280.11
3757,226,1,39262.25
3726,287,3,37613.64
3746,243,3,45409.62
2365,256,5,3812.97
1870,228,2,225.1
3131,299,3,11362.66
1496,228,5,37973.35
2242,241,2,41089.25
5897,214,1,17182.9
4082,256,2,49578.46
3252,254,5,46841.86
4476,219,1,39874.23
4892,207,1,27419.8
1230,206,3,30924.12
3886,299,5,1001.09
1237,245,4,1388.96
3634,210,5,29370.15
2062,282,2,11979.35
5232,269,1,6572.61
1645,246,2,6418.52
1681,267,1,15840.6
4081,217,2,28744.74
5970,272,5,16020.44
3835,237,3,7950.35
3083,231,5,41440.71
5261,270,1,29296.8
4517,219,2,8236.25
2488,274,3,40950.46
1197,221,1,32825.83
1101,218,1,48648.48
3416,298,3,4653.88
4022,218,1,37579.38
2046,232,3,37288.07
2449,207,5,1733.81
1126,297,5,21066.82
4867,225,3,27552.12
2968,208,3,35667.91
5732,295,1,22232.41
4836,207,1,28140.32
5352,251,1,48242.01
1906,228,4,27316.53
1835,265,5,44540.03
5826,267,3,43641.91
4247,202,3,30617.12
1171,253,4,6994.93
2287,297,3,14302.56
2960,286,1,3520.41
2461,296,4,11499.94
1065,252,4,46223.48
3481,279,4,6090.72
5164,299,1,14852.13
2319,299,4,20064.85
4534,272,1,28128.2
3769,291,4,14522.56
5468,278,1,3611.32
3414,264,5,42457.85
4667,239,5,24528.4
4153,244,2,16156.07
2132,220,4,438.2
5531,263,5,27057.87
4350,235,4,11497.62
2558,226,4,25244.45
2237,295,3,241.24
4830,283,3,43194.23
5815,224,2,24302.2
3205,204,4,29196.81
2833,223,1,6364.35
4726,262,1,19470.15
3072,298,2,36666.04
1776,254,3,12860.68
1083,284,5,15957.18
1925,284,2,23759.41
4303,242,4,40508.02
2781,210,4,43097.23
4186,202,5,20765.48
5127,208,2,364.3
1866,291,2,37735.15
4833,282,2,48901.34
2071,269,3,39789.23
5193,245,2,30205.88
3729,273,5,4220.09
5535,264,2,29791.12
3645,237,1,22654.98
3537,279,1,16704.42
4364,241,3,10816.67
1837,274,1,47618.89
1138,221,3,5591.64
3625,277,5,14036.09
1150,276,4,7742.08
5300,286,4,32785.73
5458,205,2,5773.02
3976,263,3,10537.06
2382,279,1,31510.49
4595,264,5,8722.51
2422,248,5,24861.69
4803,235,4,29069.31
2720,257,1,22830.77
1476,285,4,27760.59
2665,217,5,3231.9
5048,208,1,12533.71
5157,279,3,47660.53
3019,208,5,23214.81
3135,252,5,20874.69
5601,275,2,2168.18
2180,278,1,31331.18
3573,207,5,36429.88
4532,209,2,16292.73
2636,270,4,4594.31
1323,218,3,29566.71
1696,251,4,552.54
1720,208,3,6250.13
2039,239,3,39000.5
5129,235,4,37038.33
1893,234,1,47551.03
1868,209,5,25372.49
4608,204,3,49454.89
4588,227,3,45815.8
1091,215,4,47394.32
1132,236,2,38510.95
4794,228,3,15651.35
3229,248,4,2622.49
5874,230,1,44567.17
1725,281,5,12509.85
2673,279,2,46049.69
3501,205,4,16770.86
2286,223,3,42565.22
2236,221,2,36516.52
3000,226,4,29309.0
2310,258,2,12530.06
5380,204,3,24893.95
1657,250,3,24616.4
3755,202,1,17161.06
3816,246,4,16405.12
4152,207,2,43415.71
4588,223,1,49713.07
1142,269,5,13485.96
3344,259,2,36207.28
2635,256,4,14425.64
1073,248,3,34559.96
3396,264,2,29667.67
4995,233,1,28119.76
5513,251,1,44997.91
3429,255,1,27668.38
2267,260,1,16243.54
3325,235,3,20543.77
3105,235,5,44291.03
5810,257,1,49063.79
1310,258,1,44388.57
3687,269,3,527.03
3082,299,4,7688.84
4938,249,1,37239.25
4052,243,2,6909.6
5127,268,4,23827.23
2444,273,4,17164.13
5595,232,4,35131.88
4496,232,2,18509.5
3735,280,4,6754.7
3275,248,5,10977.14
1490,259,3,29976.17
1196,293,5,4238.57
3564,297,3,43200.87
3637,282,3,14295.8
2516,275,1,44022.31
4254,255,5,4686.6
5968,246,1,28388.82
5100,205,5,24651.66
4261,290,4,3765.53
3470,299,3,17747.8
5448,217,2,49822.15
5833,272,2,28157.61
5702,264,1,43084.42
4659,289,3,5331.26
3538,289,3,5695.09
1747,236,4,35460.57
1023,256,3,7084.61
1693,240,2,43463.24
3603,272,3,24655.93
2974,265,4,43380.7
5139,270,4,40005.33
3804,208,4,2370.78
3795,258,2,9863.99
5034,249,4,44195.57
1687,270,2,44527.72
3946,228,2,10451.34
3602,254,5,25599.33
3042,280,3,21717.63
3971,208,2,35157.15
3049,267,5,34469.18
2814,292,3,29258.32
2177,243,3,33271.61
2203,229,1,19206.27
5725,291,1,15098.06
4235,243,3,16921.8
3949,213,2,8841.24
1996,290,4,39542.97
5925,285,1,15466.77
1006,280,1,36723.29
5423,214,5,16488.15
3230,239,3,5164.83
3372,269,2,25878.03
4243,218,3,37137.59
1826,273,2,6301.81
5320,289,2,18727.98
1908,267,4,27749.73
4406,211,1,25139.75
5156,250,4,4465.33
3707,258,1,47692.21
4367,298,1,588.01
4896,242,1,37696.8
1815,290,2,27645.11
2323,215,2,19579.74
1076,206,2,38662.18
5344,245,5,45867.63
4623,212,4,16493.85
5852,246,3,43460.08
2175,268,3,19918.87
2518,291,1,29241.05
5542,213,2,9893.45
1211,217,2,2765.18
4452,245,1,15475.61
3596,270,2,17865.36
1791,255,4,11298.03
3635,249,3,20539.11
5430,270,1,47287.97
1288,221,4,43533.85
2093,259,2,19584.27
3904,227,5,3052.73
3148,281,5,45971.59
5777,248,2,40950.52
2176,288,3,36168.07
2818,213,4,9489.7
4715,267,1,11792.42
5368,217,3,5329.66
3564,227,5,7471.01
5579,252,4,41382.93
1698,266,2,49728.81
1276,243,5,19079.42
5336,271,2,15441.11
3754,278,5,27521.56
3117,260,3,3634.18
1356,272,4,48085.63
3467,229,1,35117.41
3623,299,3,6875.59
5855,299,5,41525.26
2894,237,5,39179.28
1552,266,2,26203.56
1039,212,4,1719.38
5829,213,5,9346.59
5521,206,1,25137.95
3742,274,1,27389.96
1359,279,3,7618.54
5021,288,4,20933.34
4564,259,4,43721.51
4672,223,4,18471.67
2069,297,2,31580.29
1430,229,5,47580.69
5700,231,4,21412.06
3918,286,4,49563.45
5918,254,5,47790.8
5218,210,2,24050.84
1153,251,3,36016.65
4609,288,3,23257.85
4440,248,4,32797.53
3249,203,5,17479.98
5869,277,3,5676.82
3437,233,3,10090.13
2016,250,5,11067.07
1902,266,4,43125.31
1565,261,2,10499.52
4209,201,1,42157.83
5235,288,5,11854.89
2033,272,5,16307.0
5979,276,1,2689.41
2350,215,2,13091.93
4776,284,5,6659.35
3442,252,1,18839.81
4217,257,3,30162.37
1806,297,5,21780.15
3138,277,5,406.94
5432,263,3,36142.12
4783,247,4,12245.63
1148,228,5,29712.87
1859,287,5,44121.98
2434,289,3,4686.49
5881,240,4,14094.65
1206,229,3,11106.91
4036,237,1,12255.26
5273,241,1,37726.27
1781,243,2,19686.31
5460,273,1,22727.07
3532,288,4,11477.25
3866,236,2,40136.74
4448,250,2,4897.78
1701,237,4,39624.16
1371,238,1,46631.06
5581,208,2,37445.81
2947,202,1,10991.89
1740,241,4,9131.02
3042,284,5,41608.96
2022,268,4,29915.7
5262,216,1,26694.83
1041,264,3,27202.4
4846,203,4,24451.04
2313,275,1,6199.81
2066,257,2,27596.69
4774,279,4,2367.94
2446,262,4,18655.93
3721,292,2,9846.02
2123,234,1,45260.36
1146,248,3,25186.75
1671,241,5,42780.4
4603,283,3,40229.94
5175,208,1,17967.78
1460,296,2,3306.97
2305,291,3,14615.6
2840,299,4,33864.43
4404,250,5,48257.72
4332,261,2,37668.17
2817,291,4,44336.61
3018,274,1,23184.37
4496,264,1,3721.46
1443,225,1,5063.89
4713,221,3,30033.38
5156,210,3,18101.92
2123,244,2,8125.74
5949,289,2,4219.06
1767,245,2,24217.06
1222,294,3,24427.82
3397,272,2,43567.15
3030,210,1,24862.99
3545,300,3,47360.2
1679,254,1,39364.61
1032,254,3,23031.35
3340,242,2,27018.91
1200,220,4,40195.42
2664,230,1,697.9
3046,299,5,19689.45
1305,253,1,12359.56
4907,243,2,29371.7
1471,213,1,38279.58
1439,255,3,49607.4
4554,234,3,23150.36
3969,285,3,13438.56
5684,293,1,39476.57
2011,253,3,6015.17
4904,274,1,6407.24
2903,213,1,29559.74
4376,276,1,40445.22
3915,293,2,37961.71
2570,262,3,35073.75
1612,223,3,29482.98
1950,275,3,22132.5
1925,294,2,43490.77
3700,206,5,37014.73
4356,203,2,36594.42
2991,218,5,41637.36
2337,221,5,39775.81
2107,277,2,3199.96
5991,202,3,11077.78
4723,225,2,36772.57
4262,286,2,38742.58
4290,242,1,29778.88
1327,236,1,147.3
2068,274,3,39119.88
3297,259,4,31325.91
1903,244,2,27068.07
2989,284,4,42869.93
1023,244,4,35862.9
1355,299,1,829.68
1568,231,2,36998.68
1881,290,1,41875.5
4103,215,4,13539.3
5834,204,2,9511.04
3275,279,4,20479.56
5287,283,2,37404.65
4146,287,3,16766.25
4785,273,2,42637.13
5189,255,1,34724.13
3398,274,5,31644.16
4268,239,4,33447.25
3255,229,3,1733.7
2537,258,4,28983.71
3447,294,3,29189.58
4701,290,3,21335.46
3972,250,3,25699.78
3054,250,1,3740.27
4224,267,1,3251.74
3309,238,2,27361.15
4187,235,2,27206.58
3737,282,2,22229.78
1240,202,2,2083.18
2087,214,5,40560.19
4583,226,3,8349.55
3419,252,5,5964.42
5918,253,2,3997.47
1590,221,2,33233.78
1426,270,3,30982.96
1218,205,4,13860.41
2571,228,1,36123.08
2331,219,3,27985.98
5531,296,1,14197.8
3881,242,4,28463.09
5114,256,3,7949.34
5587,260,2,44176.78
4050,225,1,4199.78
2901,219,3,28482.5
5982,269,1,39706.42
5646,235,1,21997.69
5015,254,3,38028.71
4965,264,3,21412.46
1268,277,4,40483.31
1735,293,1,26026.87
1092,279,4,38662.97
3197,241,4,49929.11
3197,221,1,21271.75
3912,263,1,47703.52
5602,203,4,9622.11
5010,284,1,21606.15
4938,260,2,37504.94
2935,286,2,48374.99
1307,212,5,5150.93
3685,203,3,10217.6
2494,275,2,19840.71
3547,213,3,38121.92
1866,220,1,27665.23
4597,220,4,31343.83
4099,285,2,29828.11
4694,295,5,30241.49
4408,281,1,15808.1
2985,273,5,45716.03
5491,227,3,20394.64
1319,271,2,3043.28
3106,257,2,26599.88
1783,226,5,24910.54
5749,294,1,25046.78
1140,293,3,30606.43
1324,292,3,49635.14
2030,218,5,23874.78
1709,211,3,6653.83
4502,223,5,47420.38
2873,253,4,16486.35
3342,209,2,49308.57
2472,250,3,43230.64
3037,297,4,29759.6
1369,278,2,26828.36
1165,271,2,7318.61
3513,213,2,41520.38
5930,269,2,16881.08
1318,299,2,41831.28
5353,235,4,24034.93
4597,205,3,32952.7
4714,236,3,20635.16
2020,208,4,47787.37
1819,214,1,4096.58
4430,209,2,40157.69
2181,206,3,37602.55
1946,207,3,35839.7
5879,245,4,34918.86
5593,241,4,33023.95
2186,249,4,36973.26
4127,255,1,18630.99
5445,239,4,32693.01
2101,269,1,32734.41
2339,203,4,33975.82
3671,248,2,36924.78
3613,297,4,26270.81
4154,263,2,5517.06
4799,234,1,44382.9
2001,211,1,32026.59
2108,229,4,11615.95
3416,259,3,37950.74
3702,282,3,13881.25
5300,253,1,34632.15
2730,273,1,45552.64
5968,271,4,35455.4
5320,250,5,27174.17
3621,229,3,43899.75
3620,227,4,49691.58
1557,225,3,38635.2
3015,246,1,21492.69
4344,254,4,21849.78
5824,241,1,31170.34
4239,268,2,13557.3
4051,236,3,3699.11
5199,289,3,33602.62
2648,202,1,5770.83
5545,267,5,36399.09
4707,254,3,8366.52
3144,240,1,2384.66
4302,247,3,43872.13
4623,227,3,21550.8
3132,281,2,6730.23
5820,297,4,40722.85
3451,267,5,41567.48
5768,220,2,26077.37
5939,229,3,11330.32
5830,283,2,38268.03
2354,201,2,12267.44
1531,297,2,43227.63
1454,259,3,1406.1
3942,259,3,5035.05
1592,296,1,15846.41
4198,228,4,2292.48
3636,278,4,13482.58
4391,289,2,10625.89
3685,241,5,49034.9
1765,215,2,17724.29
3930,270,5,11909.33
2846,241,3,14630.77
5773,204,2,27454.54
1219,216,2,33055.44
4434,233,5,18773.71
5283,227,3,17186.4
2972,244,5,17628.12
3372,231,4,3374.66
5880,269,4,8709.36
5892,235,2,47033.13
5732,205,2,35276.48
3816,246,3,15538.02
4374,238,1,44674.56
4979,272,5,549.47
3868,273,4,48974.47
1119,226,4,33622.14
5480,272,3,31290.88
5342,277,2,30386.56
2611,215,2,27788.05
4619,278,5,24386.98
3389,273,3,30067.33
2013,221,3,13758.5
2533,230,1,46623.78
2499,210,4,34144.47
4850,215,4,45975.58
1825,256,4,32747.6
4712,270,3,16148.77
4916,204,4,28414.43
4425,259,1,15542.34
2406,211,3,3886.66
4155,265,4,31897.53
2672,287,3,1140.53
2010,264,5,35296.87
4428,202,3,8112.72
2984,258,3,39096.42
5698,239,2,25555.47
2707,238,1,48650.88
1637,285,5,25523.85
1354,231,3,40581.02
1145,244,3,3311.02
1476,239,3,4021.68
5311,252,2,4389.1
5065,233,5,12432.94
1864,256,5,20889.62
5545,250,1,8567.7
2929,286,5,17271.22
5772,210,4,31079.74
5727,290,5,41986.09
1601,297,1,44745.27
3844,300,3,29897.3
4117,248,2,25452.82
5909,214,5,17717.13
5690,265,3,20460.59
2947,246,3,25840.17
2723,262,4,38361.85
3213,246,3,34116.77
3527,215,5,24084.98
4982,277,5,34964.61
2132,293,4,9647.03
1175,224,3,5673.7
4055,278,5,47955.08
3615,271,5,28102.38
4507,208,4,27426.61
3141,222,5,8866.91
4545,216,2,40082.66
2370,280,2,10985.47
1840,241,1,2502.64
5341,267,1,41544.51
3546,212,3,17725.88
5977,244,3,41768.03
5976,210,1,34456.89
5962,235,5,36762.0
2108,299,3,8249.02
3888,216,4,30017.43
5659,295,2,15554.47
3689,239,5,31534.39
5883,209,3,8287.92
1027,206,1,6194.43
1336,255,1,22665.95
1284,260,2,31346.75
5271,271,1,34934.39
3395,235,5,26924.11
4036,212,1,46799.02
5246,274,2,25739.0
4126,298,3,42029.27
4136,214,1,37879.9
5568,203,4,38283.61
4045,225,5,3621.74
1229,292,4,15578.42
3996,238,3,29968.04
3729,284,3,10852.16
4191,289,4,20665.79
1647,289,4,14014.05
4620,220,4,48477.47
2930,289,3,5833.74
5377,269,2,12337.49
5035,251,1,12470.61
1701,277,4,3220.51
3116,206,2,23786.66
3822,254,2,10828.52
1821,257,2,49230.62
2984,225,5,6891.03
5936,202,3,6380.16
4169,225,2,44663.11
4348,262,2,47966.81
3181,284,4,23848.51
4239,256,2,12244.58
5854,221,5,44455.02
5831,258,3,26573.72
1731,207,2,12048.49
1243,245,3,1279.02
1752,232,5,24372.62
5252,240,5,43982.36
2948,262,4,47815.32
5509,211,4,2336.47
1011,210,3,14205.68
2842,271,1,47825.25
2644,267,4,16450.57
2465,293,5,23362.51
5960,252,2,4911.74
1206,273,3,2474.61
2990,244,5,18360.28
3545,249,1,38460.75
3038,299,4,24415.67
2650,247,4,7055.18
2311,218,2,6894.29
3369,226,5,7330.3
4949,264,5,1071.42
1796,210,4,49497.04
2884,279,5,34961.0
2163,208,1,21968.82
2917,273,1,5955.39
1388,201,2,41441.49
4608,228,5,45982.4
2178,205,3,34739.55
5161,233,4,33375.87
2842,232,5,14152.6
3287,266,3,13026.32
2904,278,4,25193.29
4414,268,5,6858.62
2596,251,3,49132.35
3451,268,3,17032.1
2348,258,2,36824.97
4973,239,2,16243.81
5223,272,3,29927.44
3443,215,4,12419.62
1372,211,3,568.1
5839,240,5,22357.54
3038,224,3,30630.49
5627,221,4,41051.91
5749,284,1,39525.75
1720,205,2,39964.19
2053,245,1,5122.9
5722,252,2,34647.01
2697,217,3,33066.87
2307,285,3,46610.66
3970,249,5,15015.84
2539,201,1,19059.67
1988,276,5,45732.08
4372,227,1,20628.61
1292,204,1,48576.91
4640,210,2,41998.73
1075,264,1,22207.5
1599,291,5,8963.43
1456,283,3,47230.88
5583,235,3,9113.34
2091,222,4,25269.93
1084,215,2,21455.07
3900,289,2,39214.85
4931,234,2,14121.59
3394,217,1,7385.19
1586,260,3,26780.15
1534,226,3,4280.05
5909,291,5,37147.83
4596,214,1,29603.89
3784,208,5,10399.05
2198,234,4,36428.58
4431,234,2,16776.37
1517,295,1,34227.52
2805,265,4,45959.7
5491,235,2,10927.51
5446,246,1,46715.75
2366,247,3,3683.32
2550,217,2,38824.03
2005,277,2,33732.74
1947,300,1,26612.13
2051,287,4,39209.6
4124,221,5,22605.07
4266,298,5,36944.51
2805,294,1,29918.44
4680,262,2,29407.68
1479,262,4,47263.24
5213,294,4,40692.54
4751,267,5,24795.38
1696,251,3,36962.48
3330,223,5,8479.35
3182,279,1,20832.44
2962,264,1,1649.34
3875,263,3,23683.46
1959,228,3,49995.16
3906,248,1,37459.93
3809,273,3,9500.28
5614,291,5,36537.54
2643,229,4,21599.01
2465,289,5,39545.46
1315,237,4,6285.19
4879,290,2,31793.07
2450,258,3,3978.17
4663,206,2,20228.11
5767,247,5,3158.92
2093,237,5,5565.1
3926,230,1,49816.09
2639,245,3,2843.8
4728,229,5,29709.64
3268,283,5,25695.89
2946,294,2,15442.38
5312,231,5,48805.07
4766,297,2,37683.46
4256,271,5,29379.71
5075,295,3,47846.58
5850,213,4,39557.35
3845,206,2,44745.92
5239,298,4,24612.84
3592,276,4,12770.24
4181,233,1,24455.02
2317,250,4,25768.34
1255,202,3,49011.11
1829,274,4,43224.68
5159,210,2,34479.01
4250,281,4,35670.74
5452,231,5,23955.89
1522,284,5,48320.6
5473,288,1,36709.59
2768,205,1,15002.67
4045,219,4,10795.22
4410,254,5,9396.6
3272,290,5,28962.35
1171,270,3,39573.41
5281,259,4,38779.65
2076,204,1,32709.01
4867,232,1,28881.8
1189,299,5,36376.67
1300,224,4,40708.81
4176,211,4,7218.61
4760,247,2,30340.31
4419,231,5,20162.54
1606,212,1,30775.73
2313,243,2,23418.06
2899,223,1,11597.32
1985,257,5,47084.7
2214,212,1,11083.97
4597,236,2,33107.94
4627,221,4,19466.7
4770,213,4,47825.55
3482,217,1,46298.18
1764,269,1,30429.94
4401,278,3,45086.31
5806,258,4,7332.14
4543,282,4,17116.3
5054,252,5,44212.56
4824,252,5,1626.1
4994,245,2,49331.53
2709,270,5,2655.6
4275,214,4,18238.7
3306,226,1,44233.2
1483,232,3,43449.42
2123,295,2,31255.25
4200,281,2,12537.24
2775,286,1,30259.94
1310,267,3,8757.07
3486,286,1,11717.71
2411,224,3,29298.2
4639,219,2,46216.18
5326,265,4,9723.87
2557,265,3,42950.7
4460,230,2,37669.01
3987,245,5,45433.47
5846,219,5,30917.14
1278,282,2,2452.18
4371,252,5,4100.23
5111,283,5,16994.08
2882,238,2,40735.07
3677,233,2,19797.95
1838,253,5,23731.14
5111,248,5,6351.93
3890,217,5,47607.04
3659,206,4,45623.28
5192,278,4,25374.06
2929,228,5,16617.0
4021,275,2,31435.24
4281,267,2,4325.62
5731,248,4,36562.82
5721,234,4,22761.7
1257,246,2,1319.17
1267,233,4,17290.66
4618,249,4,6554.56
4034,262,4,45365.63
2779,240,2,380.44
2186,205,4,18943.89
2577,269,5,41600.04
3555,275,1,17861.78
4169,299,5,28529.68
2477,268,1,6180.79
2392,269,5,21497.24
2351,239,2,16853.44
5198,234,5,33527.15
4366,281,1,29818.12
1096,239,5,15423.51
3439,238,2,7457.86
3295,254,3,43145.08
3226,204,3,22582.76
5925,216,1,24691.13
5180,238,3,39252.52
2338,250,1,4042.13
4574,229,1,11299.32
5620,246,5,11372.41
1480,265,3,14743.36
2356,279,5,7397.52
4311,286,3,26547.64
3176,201,1,5434.05
1861,281,5,25885.63
2726,228,1,30177.72
2348,209,5,8280.41
3853,279,2,20101.27
3252,252,4,6816.47
5591,263,2,21332.88
2090,250,5,39809.48
5711,266,3,6094.71
3183,245,5,34700.12
5799,254,1,42837.59
4807,206,1,40695.39
4811,232,1,24794.95
1939,219,1,16885.91
2751,228,1,19725.9
4110,257,5,17805.73
1231,300,5,127.97
2490,205,1,34328.2
2905,203,4,45679.62
1938,283,5,49228.64
3548,212,1,5610.21
5364,216,2,24980.53
2725,225,5,1029.86
2697,203,3,25753.25
5301,255,5,34335.44
2924,251,1,48441.45
3142,290,3,35342.94
1140,271,3,38879.89
3455,281,2,21155.59
3375,252,3,35723.54
5413,277,4,12671.56
1032,282,1,32744.91
3015,264,5,5043.56
3913,209,2,22201.58
3227,206,5,34829.06
3958,247,1,48666.98
3969,241,3,19704.6
5195,239,2,49714.79
5625,259,3,15958.86
2129,245,2,21868.05
4025,223,2,32433.95
4111,273,3,42571.63
4837,267,4,30139.07
2755,286,4,21520.79
2795,280,4,14073.97
1776,218,4,6588.58
4292,278,3,10283.5
2769,298,2,8918.98
2020,300,3,9496.22
5147,293,5,38802.05
5279,211,5,39932.66
2615,224,5,12780.7
3439,292,2,31362.46
3977,260,3,11140.35
4309,273,3,46969.73
2410,241,5,24366.56
5843,201,5,5237.19
1522,246,5,25162.64
2445,294,1,42639.73
2393,287,1,2491.83
5775,270,2,42152.88
2098,245,1,44465.49
2050,210,1,17869.79
4047,219,1,33074.16
1384,213,4,9498.82
1982,283,2,47631.79
1138,243,3,26397.32
2494,258,4,342.18
1118,272,5,13685.28
5696,281,4,23383.7
2257,296,2,44240.39
4558,296,3,15937.54
5375,227,5,45283.95
1534,296,4,23646.65
4456,283,1,33459.93
2343,244,2,6986.13
4981,221,2,33270.06
1525,264,4,42276.67
4341,209,3,27840.77
2521,265,5,32477.07
3317,293,5,33671.33
5726,237,1,37800.53
3825,238,5,47830.19
1131,237,5,32376.04
1305,277,3,7208.48
5912,245,3,12214.43
1445,271,2,43930.69
3297,293,2,23141.49
5354,278,3,17756.95
1138,289,2,31886.94
1398,294,1,5392.39
2716,202,5,6850.21
3002,244,5,44237.99
1700,240,3,1039.11
1888,226,5,30629.2
4846,272,5,8482.79
3643,219,5,7275.38
3663,292,4,49381.74
2743,269,3,48089.0
5421,254,4,21352.0
5594,253,4,25477.02
5304,280,5,18309.26
1524,211,3,9901.04
4880,288,3,24126.79
4354,256,3,37688.25
4978,270,3,28582.68
5727,284,1,36351.36
3438,204,1,44893.02
5842,212,3,32598.91
1937,216,1,12339.71
5955,275,5,40961.27
4447,284,3,43794.01
3608,266,5,11194.91
4461,244,4,18703.43
1585,275,4,27573.36
2942,277,5,13195.26
5647,242,1,19389.0
2251,253,1,15543.19
4278,253,3,22114.72
5739,244,1,18619.4
1943,214,2,44077.73
4420,225,3,32561.15
4609,276,5,41176.7
3185,245,3,3012.82
2478,258,5,9331.93
2426,230,3,2773.46
4079,244,2,24153.93
3861,296,3,44702.88
4776,250,5,4656.55
4691,297,2,37767.65
3830,293,4,1934.11
5592,254,4,40970.67
2217,286,4,22846.16
2814,232,1,25314.94
2893,203,4,18810.49
3666,203,2,10153.15
2914,288,4,46239.58
2771,297,5,3430.84
4436,223,3,14877.35
1900,273,5,33401.39
2592,246,5,36376.77
2825,267,1,35492.79
1796,268,3,41322.88
5431,242,4,17598.26
3728,208,4,49096.45
5826,222,5,47177.18
3236,235,1,16567.83
3635,217,5,42851.81
5147,205,1,36415.81
2859,203,2,16367.15
1280,248,3,346.3
5792,296,3,30811.86
1471,230,4,3112.5
3838,219,1,27236.49
2519,249,4,33990.92
1072,262,3,30378.77
1438,268,4,4436.77
1816,218,2,35571.87
5679,281,3,42036.18
1193,243,2,2445.1
1334,252,5,15249.61
3969,266,3,49102.13
3059,229,2,6387.29
4880,281,5,15118.82
4492,251,5,12012.76
5060,297,4,41031.55
2963,286,4,33032.73
1717,244,3,49828.22
4369,225,2,20776.89
5465,206,2,27239.71
2988,256,2,39492.16
4662,294,5,35089.29
5522,262,3,30018.38
3486,298,5,46140.74
2564,240,4,23798.57
2758,296,1,7173.37
5365,266,1,48145.55
3441,229,3,12373.32
2983,203,2,43397.15
4708,275,5,46685.47
4765,231,1,26112.05
1664,253,2,27625.49
2678,204,4,41195.34
1272,259,4,10159.55
4542,292,2,41667.51
2466,268,4,48037.23
1747,244,3,21791.82
1159,216,5,39491.9
1220,280,5,30008.58
3892,226,5,19675.51
2733,230,2,45937.52
1461,266,5,36558.56
5814,261,4,16706.32
3510,261,5,21443.06
5382,292,5,40345.25
2806,202,5,38149.9
1319,293,2,5865.4
3048,300,5,36805.79
5294,201,1,28412.89
5979,244,1,3365.16
4871,298,5,20478.38
1558,237,1,49152.59
1433,230,5,27096.05
1162,255,3,3235.57
4033,287,4,15829.87
1087,225,5,32608.42
3965,286,3,43796.97
2395,273,4,5113.32
3114,278,1,49750.35
3853,277,2,48271.68
4706,299,2,48809.46
4268,208,2,34536.14
1805,284,1,36837.16
5703,272,1,31656.09
1715,292,5,43456.27
4388,208,3,459.35
5136,284,4,14357.89
3840,202,2,8156.79
5859,286,1,17581.04
4240,288,3,12654.24
4878,284,3,48995.69
1953,280,5,13923.63
5460,220,5,24658.18
1061,238,5,16106.65
1731,243,4,36810.35
4827,216,2,40675.22
1181,212,2,17680.94
2813,245,1,38645.56
2552,208,5,20227.02
4642,256,1,17114.29
5833,282,3,13093.79
2857,239,4,32391.33
2333,217,4,20419.69
3986,260,2,15687.08
2304,253,4,32121.16
3893,210,1,15201.13
5481,288,4,40899.67
2971,298,1,15937.81
5596,257,4,4541.76
1221,262,2,34418.32
2532,268,3,23159.54
5668,270,2,17341.5
3288,261,4,45699.4
1082,292,4,44725.26
3560,221,1,26706.0
4385,208,1,42075.6
2502,245,3,35468.89
3165,278,2,39629.49
3825,223,1,38937.45
4121,273,4,7538.64
5081,274,1,29634.78
2613,230,3,5560.29
2593,280,5,38001.61
4598,231,1,7274.32
5852,291,3,29596.87
5334,282,3,40568.37
1900,276,5,6119.86
1811,298,4,46267.81
5210,242,1,44180.18
2030,219,3,20697.67
4623,300,2,40985.27
4867,226,2,37330.7
5115,229,1,6081.8
1166,213,4,31294.68
4451,256,2,6921.5
2627,257,1,9713.53
4978,298,4,24065.13
1558,297,3,38120.71
5986,296,3,33047.6
1320,231,1,4440.2
3969,224,2,15284.9
2503,218,4,27457.06
3315,223,1,29760.32
3049,269,5,6478.14
5014,252,4,35458.03
2010,238,2,17771.61
3403,297,1,34631.28
4134,272,1,15690.57
4289,246,2,7012.94
3844,236,3,44780.16
2007,254,1,9982.65
3789,235,2,43796.75
1841,259,4,36728.8
1699,213,3,7001.28
5322,298,1,1403.06
2774,233,1,24127.25
4689,201,2,37777.91
2557,284,1,33708.32
1417,204,1,48574.59
3704,231,3,30621.71
4175,258,3,31536.01
1151,269,3,40064.62
4619,231,4,41182.26
3425,282,3,48279.96
1046,228,1,39813.87
4706,213,2,25378.14
3361,221,2,15361.12
3609,274,5,21476.58
3724,217,4,35967.52
4600,224,5,46792.83
4386,242,5,44928.11
2429,264,5,22013.9
5590,296,4,46546.92
4418,222,2,49599.78
4346,211,1,4669.14
3004,285,1,43554.45
4600,265,1,4112.74
1680,218,2,40256.61
5711,262,5,28976.18
3052,295,5,19028.82
2178,254,4,8412.21
1464,262,5,33910.15
3692,248,3,11089.13
2910,217,2,7640.24
5079,231,4,6004.54
5492,201,1,47926.0
3478,282,1,5839.97
2921,237,5,27488.55
1918,225,5,44701.62
3090,219,2,37463.7
5207,206,1,32031.63
2023,299,1,35716.95
3129,256,5,43298.62
1165,263,5,39401.01
2347,230,2,6417.97
5068,245,4,23718.44
1846,201,2,19588.56
5754,286,3,35563.32
4654,216,5,40892.73
2195,243,2,31036.08
3457,288,5,21231.84
1403,275,2,23059.43
4893,299,4,14743.38
5739,299,4,27869.23
3458,227,5,7920.99
4083,225,5,43690.61
1852,257,5,26108.28
5866,218,3,31318.8
1120,208,2,32796.2
1832,296,5,4104.58
4286,238,3,2911.61
4044,217,4,33199.45
3631,201,4,41822.42
3281,251,2,38552.49
4469,245,5,20297.65
3540,233,1,19599.39
5618,287,1,24018.36
5517,262,2,17018.36
1556,273,2,16744.75
2535,295,4,3296.96
3162,274,4,43164.2
5120,248,4,29493.38
5665,282,1,43113.04
1493,267,5,49010.41
4364,293,2,15245.3
4337,255,5,43515.88
2615,225,1,25575.13
4825,234,5,49815.0
2509,280,2,7431.14
5377,273,1,17864.29
1330,229,4,44427.19
2452,214,2,42410.54
3282,296,3,6737.12
2226,266,2,45732.78
3660,257,3,29341.31
3294,293,2,25958.43
2177,281,5,40092.78
1011,207,1,34975.16
1276,255,2,5197.02
4765,229,5,22169.92
5671,249,4,26931.07
5634,237,5,16518.89
3686,300,3,23928.75
2176,201,2,14666.55
5451,300,1,41106.59
3050,258,3,42714.4
3892,235,5,49282.16
1294,246,4,47179.39
3613,296,5,11790.99
1589,257,1,11179.36
3976,223,2,20849.21
5656,222,5,1183.27
2959,209,1,891.25
4946,299,4,22463.06
3840,277,4,27830.62
1049,207,5,49319.47
5025,247,4,17677.5
4821,248,1,49005.67
1628,228,2,41328.94
3258,266,3,48873.78
3373,279,1,40022.51
3094,290,1,18320.11
4633,286,1,25853.45
3489,286,2,4058.22
1882,204,1,3547.47
4053,262,3,33983.92
1615,250,4,37561.28
3818,291,4,22538.26
3718,297,4,42167.23
2692,217,5,41243.16
3083,234,4,47627.62
3927,284,3,20797.62
2395,262,2,12021.84
2837,263,1,9353.79
2759,300,2,34612.52
1340,265,4,30634.54
4447,290,5,46976.51
5219,287,2,31131.83
4337,214,2,42841.28
2060,201,2,21052.42
3450,293,3,10967.59
4321,232,2,46061.02
5979,292,4,47122.41
5783,205,4,6661.05
4919,248,5,14865.65
5341,271,5,18901.5
1069,300,5,43486.81
5831,283,2,24134.63
2476,204,4,9832.55
5391,206,4,17039.14
4863,212,2,42939.12
2848,281,5,6930.29
5005,251,2,4415.75
3481,211,4,36422.88
1893,250,2,35552.41
1165,269,1,900.99
3795,246,4,29412.34
4792,220,1,16579.44
4053,231,1,29456.31
3905,266,3,40400.17
4412,282,2,41955.08
3043,243,4,36398.05
1148,285,3,15449.05
1073,203,5,4974.47
5055,236,5,29973.21
5803,215,4,49946.37
4662,256,4,4708.87
5098,258,4,16845.69
1983,280,5,4105.36
2582,214,1,46474.99
1069,244,4,33950.48
5839,238,5,9718.44
4904,226,4,5706.1
2020,274,4,33586.13
3799,263,2,13209.61
3329,299,5,31358.71
5320,246,3,40021.66
4394,234,1,17032.47
1931,300,4,49392.59
1311,277,1,22620.63
5053,279,2,34339.96
2289,251,2,36062.36
3639,240,4,15467.23
4395,244,1,6158.18
5481,270,2,18105.09
5544,208,2,16379.08
1330,258,5,28640.1
5795,270,2,17518.12
1485,248,5,16511.55
4583,299,5,41933.15
4816,218,2,8852.31
4790,271,3,26926.88
3173,208,4,26514.67
2442,218,4,11111.05
2423,252,2,22361.51
5797,231,3,24575.59
3197,213,4,34630.48
2382,287,2,13530.94
3326,223,4,40195.58
1451,270,2,12902.59
2770,283,4,30125.85
5007,253,5,10285.37
4700,245,3,26887.92
1970,291,3,43996.52
4697,229,5,35388.24
4254,225,2,19390.93
3257,209,5,29807.25
2425,294,4,12806.44
1968,293,1,3308.75
4914,222,5,45674.12
4106,248,5,49307.59
3004,215,1,33992.77
2536,218,1,37797.38
2216,295,5,10597.62
1433,251,4,5903.97
1894,247,1,28705.17
1050,262,3,39815.56
3362,260,5,9078.65
2748,235,1,7074.74
1886,236,4,20858.54
5191,300,1,33258.08
1875,241,2,6876.51
3710,221,2,20427.06
1339,235,3,14340.41
1894,260,2,11433.72
4664,227,3,34800.21
5316,294,5,9294.14
4321,282,4,45744.14
4294,271,5,13521.0
1379,230,3,36003.88
3189,277,4,10422.15
2865,280,1,7044.36
3940,291,5,32359.05
4770,255,2,21623.75
4344,294,3,11440.15
1053,231,4,19230.99
5791,282,5,355.18
1813,269,1,32994.91
2669,265,3,34296.14
1550,229,1,15064.54
5045,268,1,7349.78
5993,244,5,5926.03
4515,250,1,38141.83
2476,242,5,44977.65
5576,255,5,16346.28
1686,269,5,9520.36
1769,272,1,21694.51
5061,281,5,32895.15
5784,250,5,12712.45
1079,270,5,14313.47
1442,214,5,37422.11
5770,283,5,4447.57
2141,239,3,36640.52
5983,292,3,49048.63
4472,265,3,18000.54
3242,278,5,13162.88
4146,204,2,13918.59
1809,229,5,49614.25
3691,265,1,5927.54
1380,297,5,21301.72
4273,287,5,14713.44
5219,270,2,46464.51
3463,288,4,49921.98
3203,296,1,42223.94
1034,257,1,7198.96
1158,237,1,25496.41
2945,252,4,49088.37
5790,280,3,44132.93
3831,268,4,19361.87
3180,225,3,9986.94
5411,221,1,31748.81
1372,249,1,22216.26
4669,263,4,36298.64
1405,277,2,13152.03
1045,260,4,7470.64
4200,249,2,12026.6
1695,228,3,21819.73
1717,300,1,16722.48
5414,259,3,25890.06
1421,299,3,7906.62
3943,224,3,41220.93
5795,242,4,7921.32
3565,274,3,12293.52
3827,235,3,18018.86
5979,220,4,47823.37
4756,210,5,37314.98
1072,289,5,34959.33
3871,258,1,34777.43
5330,238,1,12302.72
5635,258,5,11779.69
4066,253,4,45882.0
6000,216,3,24640.46
5086,221,1,16474.8
2335,248,2,49751.59
3274,240,1,15824.89
1287,291,4,12586.8
3040,264,1,39297.72
4332,258,5,3540.11
3107,291,5,26183.05
3536,225,1,39470.27
4683,234,1,31237.62
2799,203,5,46045.03
3064,280,2,27910.72
5702,229,2,7466.62
5158,219,3,27049.97
4340,205,5,28160.76
2947,205,5,25722.46
3497,228,4,32459.0
1762,207,4,45603.51
1408,265,1,43887.48
5155,237,1,12366.25
5891,216,1,37037.86
4912,239,1,16248.28
3680,272,5,4864.48
5329,275,2,32911.59
4635,216,2,37508.78
1966,212,1,25845.08
4280,208,4,21523.34
1111,296,5,4887.97
2897,295,3,20707.14
5974,227,4,38068.86
3492,291,1,25885.97
3307,274,1,4436.08
4361,256,3,49546.84
4906,278,5,32357.08
2303,205,5,9171.3
3444,294,3,20650.69
1089,214,4,44930.69
3660,289,2,14120.33
2225,230,3,16428.49
2719,258,4,3069.39
4032,284,3,28204.35
1184,287,2,44096.07
2298,294,5,41204.31
3630,224,4,46115.7
4275,263,5,14356.09
5790,258,4,33011.1
4369,224,3,44505.52
2072,248,2,48348.4
1891,251,2,12549.23
1936,262,5,19857.5
1516,272,5,9652.46
4936,261,4,11023.26
5933,280,2,37852.27
4310,235,2,5328.12
4232,282,2,12786.1
3990,215,4,7524.41
3950,295,4,14213.1
2234,222,1,43915.05
2206,273,3,8239.09
1037,270,3,23775.25
5795,217,3,3408.16
4670,227,1,7147.54
4755,282,3,40044.35
4458,284,3,2084.85
3041,242,1,39809.13
4370,249,4,49958.59
5931,250,4,21355.78
2895,285,4,23525.77
4420,221,4,24097.58
1870,217,4,38376.52
2739,246,4,49190.39
5270,226,4,17877.66
2003,203,4,36625.97
3654,240,2,43251.71
2759,248,5,25825.23
4193,220,5,24087.39
4043,201,3,41145.97
1218,259,3,31846.47
2578,215,2,15851.57
2782,244,2,2028.82
4050,217,5,3481.47
1518,209,3,32028.5
4000,269,4,13393.55
2222,275,2,11202.31
2566,276,2,41239.53
4608,271,3,10266.96
1492,296,3,33441.05
3101,277,4,40892.22
5713,203,2,5408.95
3719,209,3,10042.34
2153,300,5,48449.82
5273,249,5,44627.62
2292,298,1,40378.85
2527,213,2,17274.1
2090,253,2,37662.54
3915,292,4,18661.79
5838,245,4,34695.69
1248,239,4,22018.68
5902,254,1,29571.26
1695,228,4,24308.45
2222,250,3,34022.04
4712,207,2,44161.2
5300,222,2,17887.27
3352,220,1,9208.16
2285,245,1,36985.33
4613,263,3,3584.7
5699,242,2,15097.86
3626,292,5,45836.62
4475,222,2,30050.41
5582,294,1,22030.69
2267,214,3,7611.12
4949,285,2,34390.75
1543,255,2,47445.86
5221,243,2,40064.75
1121,272,5,5981.52
2888,237,4,28485.55
3492,215,4,43722.57
1421,298,2,15490.16
4928,274,5,13305.46
4288,247,2,47347.67
3238,242,2,44489.11
4007,292,5,1692.44
5989,213,2,17378.61
1433,223,1,37042.05
4937,241,5,37517.11
3358,271,3,21467.04
5403,264,4,42222.04
4294,277,5,30752.74
3403,206,1,28456.01
1375,265,2,13420.19
3624,251,5,15178.66
1639,249,3,38690.27
5450,251,5,3798.68
4502,295,5,11389.77
1105,226,1,864.84
2430,222,2,22840.98
1488,273,1,20980.42
1294,253,2,27928.51
3115,252,4,27380.61
1266,279,2,41631.65
1832,286,3,46860.33
5876,270,3,364.86
4395,290,4,8033.95
2556,254,1,18253.14
1848,220,2,37191.82
3950,289,5,9799.12
1686,234,2,19357.41
2130,217,3,19271.37
4404,299,3,40684.52
1232,218,4,4294.96
3737,261,4,13369.55
2595,233,1,33367.75
5534,238,5,33358.09
2339,277,5,43681.99
1140,271,3,46207.46
4962,265,3,6467.03
3037,238,2,49313.25
3628,236,1,11941.4
4215,221,3,42077.78
2511,217,3,32185.57
5691,230,1,3283.59
4654,230,4,40029.52
1972,222,4,22256.06
3466,254,3,17010.53
2992,291,2,11007.62
5507,286,1,8168.23
2588,224,3,3275.13
1256,243,5,14699.42
5977,296,3,864.57
2852,251,5,42653.06
3145,279,5,23990.36
3476,218,5,18194.84
3565,216,5,45813.85
2874,284,2,44812.3
4799,207,1,28405.41
1077,254,1,9713.31
2138,240,4,37420.96
5145,294,1,10197.04
5775,238,5,17679.0
5607,255,5,17539.74
2931,266,4,36590.1
3080,269,3,3296.08
3716,250,4,32618.58
1714,238,1,8538.43
2991,225,2,27818.59
5511,298,5,16184.73
2475,270,5,35892.41
4841,298,4,8907.75
5157,237,1,34673.96
2237,225,2,25245.34
4792,229,4,11849.98
1268,229,4,38650.0
3742,247,4,32083.51
4902,269,3,3270.33
3959,280,2,48588.41
2088,211,5,10303.38
3820,251,5,24320.83
1566,276,5,40328.62
5407,232,3,22101.31
1201,226,1,43277.62
2092,208,3,1077.84
2831,284,1,6936.81
4595,213,3,13935.73
5450,243,1,38894.78
3844,264,2,22025.35
5077,254,2,32981.26
4507,243,4,35538.97
2167,234,4,32816.59
5407,244,3,39540.71
3026,206,4,21241.14
5394,225,5,40409.71
2911,268,4,37281.46
3529,240,2,5690.94
4554,294,5,8854.32
3013,277,1,39887.24
1765,262,2,47304.68
3114,233,3,30048.31
4837,234,3,23057.29
2210,223,4,43388.69
5699,217,2,14249.96
2739,284,2,35249.99
5123,296,5,30155.22
1058,287,4,19199.72
3604,270,1,23747.97
1764,265,3,24136.66
5239,259,2,25455.64
5258,260,1,30035.2
3389,258,3,7185.77
2764,261,4,17038.39
4147,226,3,32703.4
3952,213,2,39762.75
2570,251,3,35568.64
1842,262,1,24554.12
4050,223,2,5506.42
2932,211,1,6047.25
5205,228,5,25940.28
3034,208,3,38979.19
3164,234,2,30433.08
2139,253,4,39617.23
5669,230,5,17546.1
5867,222,1,16696.59
1160,275,3,2486.1
2927,260,2,48639.36
2188,225,2,2791.06
3880,224,1,37508.22
2819,211,2,37838.27
2086,213,4,18017.01
4357,285,1,39909.51
3353,246,3,13552.09
4025,216,2,5478.99
2888,246,2,29206.49
4785,256,1,5928.67
1452,210,3,18338.73
1322,225,3,36979.9
1003,266,4,49646.77
4421,206,1,32491.99
3797,257,1,6478.54
4862,221,1,38368.79
5718,268,2,15722.18
2033,276,2,25050.4
2345,299,3,42921.99
1466,294,2,43778.87
4038,237,1,26059.68
3773,225,3,26777.35
1342,224,2,17439.36
2281,224,5,17287.15
5774,216,1,13123.5
4436,207,3,47940.17
3187,252,5,5153.47
3031,275,4,23795.39
2962,241,4,46041.58
1164,216,4,33508.22
1050,241,1,34114.83
5048,292,4,28807.85
1429,265,1,42082.17
3136,258,2,39985.0
2900,242,4,10053.78
5316,262,5,36669.02
5907,214,3,33583.71
4003,287,1,27052.8
3806,236,2,38652.27
4048,297,3,19260.49
3651,256,1,33977.1
4158,205,5,38820.02
4865,211,4,17456.57
1601,298,4,10102.85
2003,256,2,21611.02
3305,227,2,6150.21
1078,256,1,13771.86
3289,262,4,26634.94
4315,257,3,28650.96
4205,256,5,6064.77
5705,216,5,45504.64
5553,231,2,46324.56
1367,214,1,33011.22
4964,229,4,25968.47
1892,220,2,47295.94
4878,272,4,16890.3
5804,257,5,14755.84
5340,237,3,17875.34
3435,271,3,8911.88
1972,298,2,44773.69
1490,278,1,1273.09
4907,259,1,294.42
4239,295,3,2411.21
1234,242,2,43845.04
1258,220,1,18873.43
5021,239,5,36140.88
5396,270,2,32848.38
1257,258,5,43996.66
5509,275,2,30479.96
5597,280,4,14524.1
2940,266,5,37482.85
1875,276,2,26961.5
5693,245,1,41146.5
2298,212,2,2977.74
4386,280,4,2385.44
1397,258,2,24599.97
4900,227,2,7474.29
5990,242,5,43020.45
5972,230,5,14299.2
3568,262,2,46859.14
3315,265,2,20500.75
2004,277,1,37381.87
1565,250,2,22764.68
2233,294,4,4829.99
5466,231,4,48570.49
3967,277,4,8715.5
4271,234,2,40602.57
2829,215,3,12676.47
5824,266,4,41500.0
5460,297,2,9571.35
4103,295,4,12038.13
2785,266,4,34942.69
1397,282,4,15470.24
1126,232,4,22556.06
3085,220,4,30945.41
3034,222,5,7383.06
1237,248,3,31386.45
5980,216,5,37172.76
2752,300,5,5625.78
2084,258,1,39764.21
4548,252,4,43780.69
3799,239,4,5396.56
4885,284,3,21120.41
5441,249,2,20147.74
1388,261,1,34588.55
1260,202,3,36540.93
4755,227,2,11193.13
3739,257,5,4094.85
4316,203,2,42446.67
3063,214,1,15906.35
4171,209,3,1353.01
3531,260,5,7340.36
5528,298,3,6120.53
2480,285,1,10995.33
5858,266,4,10493.38
3499,298,4,30402.58
5660,297,3,23375.46
1360,260,2,28746.16
4331,300,1,29435.7
3059,256,2,14128.55
1716,264,2,13126.15
4041,273,5,22739.76
1033,287,5,41268.71
1564,213,1,28181.78
1564,285,1,35545.77
1788,286,4,46117.47
5861,207,2,8394.96
1544,297,1,9886.24
4099,227,1,12511.8
1458,276,4,756.25
5363,241,2,21845.45
3516,264,2,33898.6
1900,228,2,27128.11
4983,274,1,17304.71
3843,300,3,17557.31
5498,273,2,22116.52
4846,238,4,18539.22
5261,292,1,9202.81
1723,210,2,8752.5
4036,201,5,27786.94
3587,215,3,27428.89
2549,289,2,17002.49
4041,201,2,34573.69
4006,226,3,2578.97
5232,246,1,16875.94
3392,241,1,15821.3
3681,211,3,24544.51
3060,205,3,17725.24
3685,236,4,43182.13
3310,275,2,10150.79
5215,277,2,13737.01
3895,295,1,34818.17
2728,290,5,9367.2
5395,292,1,36285.96
5304,238,1,36008.5
5104,212,4,17731.66
4790,262,3,47237.18
4717,250,5,16143.97
4739,275,2,25716.87
4448,243,4,16884.28
2724,266,3,43521.7
5580,231,3,4336.52
4519,290,2,23686.59
2977,292,3,42041.09
4080,293,3,44979.18
4447,209,3,16468.49
1688,294,2,3405.21
2895,253,4,25645.79
5364,251,1,1636.35
1316,234,4,6978.38
3779,203,4,28245.87
5592,213,4,28464.59
3651,211,3,25279.48
5606,276,5,11225.49
2491,208,1,15750.27
4414,226,5,38994.6
4757,253,2,32474.37
1385,283,2,21196.13
3580,267,2,38528.72
4132,259,4,8318.13
5483,228,2,12564.61
2004,261,2,19998.36
4262,244,4,10094.05
5296,277,4,2016.65
3119,216,1,29458.53
4101,259,2,42281.79
1879,263,1,47553.39
3772,229,3,42486.98
3132,209,5,7912.15
2245,220,3,12010.64
3291,288,2,49529.5
5830,273,3,33570.0
1913,246,1,1253.76
1058,234,4,23963.37
4432,262,2,3400.92
3444,276,5,46772.47
5016,254,4,9363.86
4477,292,1,31126.1
3904,274,3,21694.77
2760,283,3,40377.07
4429,243,3,40793.95
3307,295,4,4559.61
3585,291,2,15072.08
4950,207,3,32899.9
4881,225,5,39164.1
2924,269,2,23764.07
3030,283,1,26961.02
1411,272,1,20147.27
4591,264,5,40029.74
2598,233,2,11889.36
3324,262,2,19982.72
4224,261,2,8127.28
2582,264,1,47460.31
5000,289,5,44880.08
1396,297,1,39624.89
5864,279,4,22021.95
2241,249,3,29647.23
3956,270,2,24512.05
2043,238,3,14853.79
2782,272,1,3539.95
4898,239,4,1309.81
2854,269,4,21456.48
3358,296,4,27607.32
3207,245,5,20730.65
3056,256,2,31822.41
3533,252,4,1065.53
5529,260,5,10591.95
5855,237,1,11650.04
2312,247,2,9276.67
5548,262,1,13809.37
2181,254,3,11368.53
1999,298,4,33742.8
2040,239,4,927.26
5947,254,2,38281.88
2462,214,1,44095.99
4807,263,4,41758.45
4149,260,3,43481.95
4153,234,5,43363.9
1381,210,4,30410.22
4000,285,2,35476.28
2749,236,3,35490.9
5722,223,1,10900.71
1394,227,5,38777.09
2361,282,1,36180.43
2102,282,4,44202.98
2460,229,2,9133.96
3340,249,3,40372.14
1251,243,2,32327.52
5143,300,5,2361.39
2428,228,3,18949.51
1740,299,4,23730.52
1806,219,4,15809.28
5021,292,2,19853.93
4211,271,1,41405.79
2186,280,1,1753.18
3068,257,3,43527.16
3745,219,2,9060.02
4532,253,1,1676.83
1514,282,1,18578.74
3090,292,4,17534.85
2833,275,4,16963.72
1852,227,1,25815.2
1926,229,3,44884.1
4727,293,2,5106.12
1399,281,3,33989.42
4046,252,3,17526.09
5012,281,4,36304.92
2670,259,2,10293.19
4015,257,1,19550.86
1402,237,3,4750.16
5302,213,2,46803.23
1479,234,2,8339.96
1318,270,1,5276.18
5603,241,5,35803.94
1271,204,5,39796.05
1556,258,4,24261.71
5113,220,1,36696.73
4125,276,4,41593.13
1778,223,1,6279.54
1644,291,1,16340.07
5128,300,1,38044.01
4055,285,4,8645.0
4807,229,1,15097.24
1699,234,1,18731.66
2216,279,4,35809.7
1074,211,2,43708.45
1324,232,1,46307.84
3770,202,2,22766.21
3696,211,2,34139.21
4968,237,3,17624.11
1588,244,5,18115.73
4279,244,2,32471.87
5004,233,2,15875.25
1690,266,4,33968.96
4621,224,4,26502.17
2081,287,5,28389.05
1541,284,4,11736.6
2832,220,1,29864.43
4722,204,4,23199.36
5142,221,4,15267.07
2055,289,4,13524.57
3037,201,3,995.96
2361,226,5,48030.97
3496,293,1,33508.45
2995,281,1,32410.09
1773,209,2,35015.68
1249,213,2,15664.25
4911,238,4,23941.73
5543,227,3,11599.61
4720,275,3,41220.08
3915,257,4,10717.8
2144,236,4,32206.01
4812,218,1,18041.96
2057,230,2,9014.35
5731,244,1,41153.04
4253,270,4,26136.09
3039,232,2,21889.35
5682,272,2,27819.27
3068,289,2,13354.37
4446,223,4,32748.62
4975,271,2,24940.47
2041,281,3,5915.41
5554,218,1,32503.29
5204,207,3,40858.13
4794,291,2,24932.52
1570,227,5,43524.42
1943,281,5,42930.58
3507,232,2,7541.27
2739,219,5,32936.96
2948,247,2,24099.12
3760,262,5,44097.46
2091,215,1,30006.48
2878,221,2,40155.01
3293,202,3,34997.85
4859,219,2,28358.78
1097,234,2,15439.2
1840,281,3,21285.71
1549,279,1,42315.95
2547,224,2,19370.34
4066,201,3,275.25
3042,289,1,26021.5
4513,256,1,27360.1
2492,201,2,8347.64
2453,205,3,26781.92
3392,259,2,39201.09
1698,298,2,41438.85
5054,218,1,10328.79
5034,212,2,31816.67
5104,206,3,22508.41
4715,292,4,46395.24
2064,251,4,31154.67
4237,218,1,19706.06
2834,202,3,31278.44
2906,233,3,20954.95
3354,250,3,49508.17
4370,235,1,13705.75
3708,247,5,27041.57
5180,254,5,38950.25
4721,238,5,23121.89
1019,238,4,31498.29
2651,205,3,24003.41
4646,238,3,22422.04
2675,285,2,23985.42
3200,299,3,36795.14
4029,294,2,2379.16
2805,212,4,9376.94
2619,201,3,40613.29
5642,226,5,45971.96
5754,206,2,29170.21
1374,202,2,548.56
2903,251,4,46625.99
2356,235,1,26673.3
5181,208,2,42904.32
3835,253,2,8473.57
4754,212,3,47324.96
4015,238,3,13302.46
1808,232,3,46370.4
2651,214,3,37649.83
5455,261,1,36208.63
1938,273,4,41563.57
1756,207,1,13948.62
4444,201,1,8615.58
4673,280,3,25572.12
3825,231,2,8257.65
3988,243,5,34119.0
4730,225,4,11410.86
5003,221,3,29459.41
3737,215,3,12033.46
5044,252,3,15921.66
3289,228,5,908.96
4458,281,3,42721.84
5744,287,4,35361.78
3630,291,1,16063.42
2715,288,1,12982.44
5330,252,5,31282.65
2628,220,5,7480.13
4322,253,4,36587.16
2053,241,4,39651.09
4858,220,4,27207.76
1298,247,4,49097.25
5425,268,1,19102.03
4714,225,2,2509.44
5561,230,3,6435.9
3181,269,5,8216.65
1162,243,3,3507.73
1457,213,2,49440.66
3406,284,3,36156.2
2983,290,2,39064.25
3807,237,4,1040.17
2367,276,3,27120.09
1567,203,2,49036.0
4440,300,5,47953.8
3637,263,5,16374.96
4336,288,3,46581.09
4254,234,2,48852.49
2779,259,5,28132.56
4747,293,1,37371.49
3853,253,3,42778.5
5061,283,5,5777.01
3509,271,4,48196.42
4882,297,2,30518.01
1225,222,5,14821.43
1516,224,4,49198.93
1172,292,2,49820.15
3775,207,3,38192.94
2612,260,5,2886.08
4539,277,3,25342.94
5338,201,2,48832.49
5936,207,2,2901.56
1533,244,3,225.64
2517,237,2,26890.81
4139,241,4,14596.37
4227,209,5,11562.39
5020,227,2,15903.52
3839,275,1,47129.87
4518,290,4,31515.8
4575,267,5,46168.18
1872,224,5,21654.95
5109,258,5,20203.26
4085,227,5,2014.34
2344,300,5,2347.85
3958,216,2,30547.64
5305,218,3,36538.32
5716,248,1,34049.03
4638,300,5,12789.97
3827,221,2,26434.44
2875,287,3,40104.32
2064,274,2,42439.44
4333,267,3,8526.27
4522,210,3,41660.46
4697,246,5,30862.63
3591,245,4,39986.17
5879,221,4,39508.67
1446,285,5,36044.67
3623,245,1,31381.78
3037,283,4,47089.22
3037,236,5,45872.7
2470,239,2,32069.23
5542,206,2,17416.89
1380,204,1,43651.77
4749,255,1,42921.66
3235,235,1,30078.0
2563,225,4,20607.0
3218,226,3,3850.12
5895,236,2,44310.45
1391,287,1,41924.37
5111,268,3,9252.06
4668,241,5,43496.08
3438,265,5,27927.44
5727,254,3,16775.54
3539,257,2,22736.6
4773,290,3,20832.94
2183,208,3,1661.85
5844,205,1,35911.21
4059,201,5,10736.22
2134,243,4,44318.71
2364,219,4,25262.49
2078,249,5,32119.04
3888,232,4,25245.46
3176,299,1,36065.45
4617,279,5,42717.64
3479,294,5,47794.57
1795,284,3,15878.78
5001,275,1,33430.06
5854,297,5,29670.54
1116,282,3,45959.91
5103,235,4,21833.8
5749,251,4,7782.3
2890,263,5,24127.64
5581,247,4,36357.86
1776,293,3,32370.67
5141,273,3,49891.35
1370,202,4,21048.36
5590,256,3,13661.36
5006,260,3,43529.1
5283,245,3,28397.49
3310,277,5,24509.32
2491,219,5,49007.02
4309,257,2,32303.9
1600,280,4,12298.94
3483,267,2,25286.15
2466,278,4,22891.23
4922,268,2,13404.19
3260,268,2,1432.48
3106,211,3,26825.81
5625,298,1,28258.92
5132,290,5,42722.75
1341,263,2,43429.02
5557,289,4,35179.33
5884,202,4,2460.63
1957,245,5,23176.02
1302,297,1,12793.14
1982,243,2,13387.85
2475,299,5,30280.74
3773,202,4,44881.14
1069,293,3,12817.38
1513,262,3,20181.52
2781,299,5,8984.65
4128,296,3,38736.03
3996,209,5,30237.54
4888,209,4,2420.05
1634,290,3,9943.87
4055,236,4,47808.04
4067,267,4,33397.15
2069,232,2,43523.15
5668,215,4,8651.04
1042,292,4,46062.85
5232,246,4,21074.79
5897,273,3,25152.83
4982,211,2,44586.48
5520,240,3,852.4
2388,281,2,18454.95
5437,237,5,24490.41
2034,254,2,4406.4
1756,291,3,6774.14
2499,295,2,26460.9
4465,237,4,3084.78
5860,278,3,23413.28
3085,289,3,38241.22
1807,298,5,41985.39
4590,218,1,19502.68
2762,212,1,48975.59
1785,264,1,42964.78
1537,202,5,2422.32
5324,242,5,8623.22
3258,283,4,6692.2
2536,244,5,9846.6
1432,222,5,25949.75
3779,217,2,27074.69
3410,204,3,39665.93
3715,242,3,8309.41
4889,288,5,16978.32
4453,222,1,45796.86
4742,219,2,19152.12
2025,203,2,344.5
5141,282,1,40039.13
3227,282,5,45284.8
2520,214,3,8423.55
1815,270,4,38662.2
2432,215,2,26701.82
3816,244,2,16653.29
1558,294,5,34419.82
3251,215,3,33179.39
2889,211,5,7887.23
4584,264,3,2851.16
5530,247,1,2791.83
1946,266,2,40309.05
1332,236,4,20889.68
5723,256,3,18130.01
5327,293,2,12307.58
5485,248,3,42519.25
4116,206,4,40376.75
1399,271,5,19464.14
5811,295,4,37158.82
2472,235,3,30909.22
3679,243,1,44944.78
5278,264,5,1299.78
1238,208,1,9650.1
4283,236,3,6030.72
4305,216,5,18012.95
1547,250,3,38832.83
1533,233,1,7947.46
1056,226,3,6384.18
5059,238,5,27346.15
1969,255,4,5259.51
4227,221,5,21706.98
5928,206,5,49300.0
1554,281,4,7250.43
5401,208,1,34456.24
5715,250,4,10876.57
1214,296,3,36577.24
4405,234,5,19710.4
4188,246,3,44838.45
2298,238,5,28884.32
3188,229,2,35892.33
5886,208,3,47198.92
1263,252,2,43614.2
5358,258,5,22188.04
2904,278,1,41815.56
2193,259,3,35223.87
3396,208,1,45743.23
2580,213,2,41604.87
5817,242,2,978.75
2546,256,3,30024.25
3136,274,4,40045.62
4101,291,5,42890.01
5060,287,4,22097.69
4978,238,4,44879.33
1829,268,5,16654.73
4167,206,4,5613.62
5467,262,3,5687.56
3324,257,1,39513.23
3744,238,2,30942.99
3840,223,1,31019.18
3895,288,4,16801.27
5570,276,4,32697.94
1517,251,4,8519.45
4537,273,1,25359.86
5838,287,2,1810.48
2501,238,5,4943.38
1364,278,2,14260.94
5861,216,4,37863.39
4674,266,5,22711.57
2316,295,1,6242.19
5288,210,1,172.55
1806,278,2,3751.94
4866,220,5,19721.31
1586,290,2,418.31
3776,289,1,35927.15
5162,227,2,12359.16
4121,224,2,22478.28
2535,278,1,41437.68
5308,218,2,29723.95
2409,232,2,36278.1
2356,249,2,46124.86
4874,245,4,29516.46
3350,225,2,34565.04
3103,209,1,33372.08
2671,212,3,12361.75
1415,233,4,14937.52
2649,257,4,3541.66
5336,203,5,49234.34
3287,210,2,17988.24
2242,261,2,46723.93
4110,250,5,27012.53
2223,282,2,29641.56
4005,292,4,39135.97
1643,289,4,25519.92
2429,233,1,1343.77
2914,294,5,37510.64
3821,227,5,9198.23
4581,226,3,8335.32
3463,227,3,15795.2
4628,232,3,18152.53
3230,248,1,25828.44
5358,281,3,37057.55
1913,280,4,4194.9
5659,258,5,39516.9
2653,297,5,25163.52
1717,297,5,22696.01
5290,261,2,24042.6
5776,214,5,17255.06
2297,299,5,19957.16
3490,258,1,31789.32
1507,278,5,22223.41
3588,238,1,37339.57
4254,275,4,15430.18
1779,202,3,32132.81
5692,260,3,47267.55
3869,254,4,40562.6
2855,208,1,3658.46
1873,254,2,20357.01
5893,261,2,21146.45
4302,251,2,21864.64
2850,261,2,46341.87
2595,272,5,230.89
3402,223,2,42467.93
2433,284,2,42763.36
5178,206,5,2470.81
2396,246,3,528.13
3663,213,1,4553.42
4671,288,3,15740.13
5719,278,5,852.13
1133,215,3,38387.79
1433,244,3,42415.83
2362,254,3,27790.15
3313,221,5,37107.97
3550,282,3,2791.47
5455,286,1,29175.33
1528,234,2,47164.07
1343,230,1,15497.76
5340,296,3,41873.55
3099,266,3,35465.93
2123,289,4,18732.73
4375,289,5,11858.88
2909,265,5,36396.95
4427,296,5,6187.59
3207,272,4,28413.49
2607,215,1,32434.5
4001,242,4,3747.02
3286,227,3,32919.54
1125,224,5,36577.42
5922,252,3,25572.33
4187,208,3,23436.01
5867,254,1,35436.52
3406,265,4,8953.25
3971,274,4,10139.98
5835,212,4,41737.55
4162,229,1,45508.01
5555,262,2,27005.32
5259,268,3,43470.39
4499,207,5,32902.44
3888,286,5,40106.08
3080,282,1,15690.14
3255,277,2,29128.78
2971,206,5,25065.99
3918,259,3,1969.13
3630,239,4,14935.36
5473,249,4,41439.71
5111,215,4,37602.18
5414,291,2,17033.39
1556,293,4,45375.38
3486,242,4,13284.66
1859,254,4,46047.66
2883,249,1,48657.18
3955,229,3,33733.35
3779,236,4,235.81
4693,241,2,49650.6
2138,233,5,36282.21
2899,275,1,25289.67
4914,278,5,47536.64
2249,228,1,33503.0
1814,274,5,18284.72
5781,210,2,41173.33
5983,216,4,351.8
2868,205,3,34752.94
5639,286,4,37199.34
5009,214,3,43122.8
3606,269,2,30561.9
2463,250,4,21414.25
5700,234,4,37757.79
4493,263,3,33160.71
2057,294,5,41837.1
1456,255,1,19542.76
2876,218,4,31432.03
1757,269,1,19740.07
3460,229,5,9118.29
1394,282,4,11844.29
3712,205,5,40979.77
5315,209,5,4595.0
2921,206,1,17344.79
1069,225,5,29497.04
5499,229,1,7671.41
2845,253,5,12224.05
3987,265,5,33311.94
1731,251,1,29234.63
5823,294,5,43320.98
4006,274,5,468.55
1393,264,5,44031.95
5476,266,2,13975.54
2572,205,5,24837.08
5222,257,2,2522.78
2121,279,4,45277.36
3411,291,4,17291.89
2596,264,4,14579.37
3208,300,5,24823.71
4601,293,5,26906.8
4126,258,3,41120.25
1251,253,1,1041.51
3411,209,5,33208.6
5706,207,1,32494.36
3375,261,3,40232.62
3597,208,1,29401.32
5072,257,4,34460.61
1887,265,2,4395.25
1785,222,1,19796.0
1508,265,2,28895.86
5342,287,3,25593.7
1935,286,4,15316.88
5603,265,3,25883.79
2147,239,1,31736.93
3350,203,1,46549.66
3184,242,5,28651.96
3077,243,5,22449.6
1508,246,3,38381.54
1047,282,5,45619.57
3127,239,2,22656.16
5102,257,4,43243.83
2133,272,3,10947.75
2869,284,3,2639.85
4645,270,4,29806.87
2594,274,3,38509.98
1118,242,5,29535.97
1931,299,3,32436.72
5417,257,2,8548.49
4150,242,3,46304.41
3193,210,4,21238.31
1523,248,3,48234.47
2663,207,5,38602.5
2430,216,4,9694.13
4775,263,1,27898.94
2195,279,5,23232.42
5163,203,3,13034.39
2584,259,1,5940.02
3997,241,4,1006.83
1877,228,3,34591.65
4609,253,4,47571.28
1938,251,1,39018.17
3652,249,3,38866.27
2583,288,1,43775.71
2956,281,5,48861.02
2657,224,3,4362.5
3624,268,2,2730.05
2369,287,5,24708.42
3608,233,1,47016.54
2892,284,4,11961.33
5250,220,1,9373.41
5573,274,1,11781.53
1125,293,2,26273.36
3281,285,4,47727.02
3569,223,5,34048.98
3261,286,2,36516.75
1630,254,2,13597.86
2192,274,5,31553.58
2176,256,3,14339.14
1522,270,3,18872.47
4135,249,3,20205.09
4829,216,1,4207.37
3285,249,5,17011.72
2480,248,1,17869.15
2030,263,4,18639.09
3378,239,4,13683.68
4287,255,4,49427.39
4457,270,5,597.76
1430,260,5,15541.52
4498,237,3,25257.21
2406,247,4,46227.59
5342,297,1,34872.14
4035,226,2,22321.64
1301,236,4,15964.26
5649,285,3,28201.04
3397,290,3,26951.64
3063,254,5,3780.78
5784,238,2,40501.23
5414,245,2,39488.19
5717,263,4,36834.37
3418,222,5,48459.66
5445,234,4,6052.4
2640,290,2,38556.39
3112,237,5,5406.38
5743,255,3,5571.69
4626,260,3,48472.19
3866,235,5,3586.16
5956,249,5,5839.79
4635,237,1,36015.38
2561,292,5,39405.83
1982,243,3,16864.04
1970,236,5,28786.45
2374,224,1,11769.81
4709,236,1,10784.39
5828,277,5,10576.19
4641,215,1,15013.48
4490,224,4,48173.38
1130,242,2,23375.31
2788,243,1,39862.17
4522,260,5,2150.35
4515,215,1,20570.22
4374,279,3,13718.13
3624,204,3,34784.3
2808,258,5,1277.17
2208,257,5,2821.88
4813,297,3,49234.59
1620,263,2,47859.08
4998,291,3,43278.75
1163,246,5,28195.62
2978,223,2,37505.2
2408,258,1,25650.07
1906,216,1,15151.25
2343,201,1,21151.33
5259,229,3,5291.4
4584,237,1,14391.73
1060,205,1,44799.21
3260,209,1,12298.45
1936,280,5,7653.63
5043,299,1,33761.37
4844,213,1,2463.47
1290,265,2,47555.62
3457,210,3,8771.4
4354,272,4,39673.61
5067,259,1,40308.03
2924,212,3,32513.62
2535,203,2,40932.09
4153,212,5,33747.08
2237,246,1,43364.5
2226,273,4,12459.37
3385,275,3,9100.78
3220,282,5,26688.86
2571,300,2,15638.76
4794,257,1,45321.57
4467,256,1,20700.99
2527,256,5,17829.24
4691,233,5,45814.05
5574,236,1,25072.67
4217,279,5,4203.37
1979,210,1,17071.23
2371,253,4,38343.29
3833,255,1,7517.29
4012,291,5,5073.23
4317,256,5,40743.08
3952,266,2,40980.97
3952,264,3,33541.88
1724,201,1,4557.05
5989,209,2,48527.34
2477,210,1,1546.75
2087,263,2,45014.73
5737,213,3,26421.39
1396,248,2,33252.72
2586,219,5,26808.63
2021,244,2,10642.28
3232,298,4,27332.97
1763,226,4,12320.25
2363,204,5,41276.69
4229,201,4,18743.65
1397,265,2,16623.51
1668,269,3,16049.57
5628,290,5,49819.2
1015,277,2,11933.5
1614,294,4,18325.58
5569,276,4,29969.48
5240,295,2,7748.76
4281,220,3,43522.63
3097,297,2,48600.99
4030,273,2,31141.29
2483,254,2,15726.37
3606,251,3,44547.5
2283,258,4,30018.92
4686,236,1,1247.03
1128,241,5,28824.21
4555,204,1,31267.87
3495,229,1,43895.81
5294,227,1,15744.32
1915,294,1,6717.27
1597,241,4,44013.64
2973,252,3,37244.74
1299,235,5,23616.29
4137,273,4,46205.78
3981,267,1,35424.75
2233,244,5,26534.3
5479,246,4,1927.59
1144,248,4,5537.97
4452,263,4,32053.69
4903,215,2,980.7
5655,280,5,8332.37
1773,224,4,33108.52
4966,267,1,440.43
3164,291,2,36788.63
2774,205,3,36061.72
3236,247,2,44571.0
5343,217,2,9947.21
2688,283,3,13463.49
2609,281,4,48975.78
2508,223,1,12570.93
3154,271,3,36368.65
3068,222,3,4468.09
1777,202,1,19419.21
3815,264,2,47775.28
2148,284,3,30529.61
1208,280,4,16419.3
4178,223,2,827.47
4819,218,5,37877.87
3858,291,5,37999.95
2315,201,1,9579.88
1402,231,5,14615.54
2962,208,2,18535.93
1797,246,4,32114.38
5930,257,4,47543.08
3020,205,4,8411.38
5264,213,2,48741.86
2213,239,5,10567.77
4668,280,5,26095.48
4398,298,2,14616.28
1674,273,3,13540.88
1364,262,4,37946.12
2837,258,4,31964.37
3735,279,1,9559.03
2100,265,4,16431.99
1824,246,3,15230.61
4902,260,3,42036.79
1183,270,1,43870.34
5075,233,2,32563.75
4050,204,2,45930.35
2557,260,4,15404.49
4544,246,1,28403.78
2562,276,2,43100.92
2753,202,1,6700.56
1917,296,1,48814.8
2438,293,3,45470.74
3051,228,1,35102.73
5976,261,3,24027.24
3560,269,5,6313.57
5684,286,1,4681.44
2180,220,1,36139.62
5249,231,5,37045.7
4385,258,5,16684.2
5564,278,3,27817.99
3523,296,2,126.65
3513,275,5,14532.17
5635,224,1,25674.47
3565,238,3,31704.48
3614,250,5,29461.48
1891,279,3,25537.19
4103,255,2,46520.42
3837,253,5,14286.49
1697,277,3,10666.81
5825,211,5,39884.49
5241,208,5,40343.78
3825,239,3,25563.37
3567,266,1,18387.99
3807,233,1,1893.32
1541,267,4,36906.97
5987,230,5,1312.75
1367,292,4,37926.45
4948,210,3,37793.22
1564,298,3,13565.51
3926,297,4,23112.8
5850,202,4,36662.03
4450,290,1,26683.86
3083,288,4,45136.74
1399,213,3,14350.98
3335,267,4,26996.5
5748,232,3,47586.87
1842,260,1,26877.93
3055,251,2,15321.53
3037,233,4,22945.0
1994,255,2,41279.24
5261,270,5,37286.7
2441,238,4,9484.7
3605,206,1,13792.91
1255,249,5,8994.59
1330,293,2,4063.38
4581,246,2,21159.49
4925,293,2,4113.05
5991,288,1,38688.76
1611,213,3,27948.79
4496,276,5,33228.73
1449,271,5,18668.91
1656,214,3,46780.02
1879,285,2,5723.36
4336,259,2,23960.46
4800,299,4,36435.21
1221,216,5,16539.81
5001,255,4,26770.45
5316,202,4,19136.7
4839,295,4,2230.33
1641,298,2,27931.64
4825,287,5,35476.17
5525,295,4,38342.33
2978,262,4,10338.52
1671,276,3,32405.64
2807,289,2,21704.14
2512,292,4,29976.58
1959,263,5,5689.11
5782,298,2,13811.67
4911,280,4,19499.48
5006,239,3,21711.85
4087,204,1,40776.9
4145,202,1,4295.47
2413,260,2,5806.37
3412,250,1,16595.66
1372,213,3,29492.38
3188,234,2,30379.64
4922,232,1,30123.54
2540,231,4,41803.82
5499,203,1,47440.05
2053,244,3,25036.24
4334,279,1,39744.13
3745,284,5,4459.78
5573,204,2,25076.32
1146,283,1,36035.7
3322,216,1,26304.62
3610,270,3,12061.5
3959,279,4,37173.39
5245,252,1,47815.29
3318,206,4,24727.7
5945,206,3,42085.77
5363,226,5,23035.63
2221,298,1,46452.94
2899,288,1,20880.74
2212,222,5,672.21
4749,243,1,44642.36
1297,284,1,30253.27
5381,244,4,12531.34
2904,214,5,46357.23
1705,245,3,39979.29
5339,286,3,37862.82
3042,232,2,42434.6
2396,216,2,46710.75
2189,205,4,36009.12
4457,259,3,2948.62
1801,275,5,15980.34
5296,234,4,16197.45
5036,253,3,32165.28
5587,270,4,27115.34
2987,294,3,27072.39
5934,228,5,18885.45
2511,222,2,46666.88
4641,234,2,18288.67
3779,295,1,28560.73
3292,297,2,39235.2
2120,226,3,1406.84
4072,267,3,907.37
4646,211,2,42819.83
2935,206,5,1045.36
3058,253,1,18396.6
5743,240,2,18914.38
5822,259,4,30498.16
2500,242,4,16783.36
2010,237,1,46827.6
5566,274,5,6946.69
5988,265,2,11435.82
2865,279,3,36535.18
4257,288,4,49483.17
2932,270,5,570.98
3273,257,3,29233.28
3935,289,4,39137.81
5414,208,5,22101.07
5568,239,4,9394.57
3026,217,5,1992.87
2930,284,1,6747.52
3617,251,1,23389.83
3680,230,3,1134.03
2843,291,2,43495.4
4448,296,2,49753.27
4606,265,1,27817.23
2086,257,3,21431.44
5682,262,2,46094.61
1903,291,4,30718.46
2041,218,4,49465.69
5243,204,1,43598.81
3837,260,1,39639.62
3291,239,1,20890.66
3620,209,3,22732.93
3743,287,2,37585.34
4425,271,1,7635.61
2665,225,1,16967.06
5379,205,2,28048.12
2192,282,5,5635.04
1335,235,5,32244.31
5259,259,2,10370.25
2289,253,3,10103.86
5167,299,4,34475.5
4163,247,2,36173.16
3533,242,4,1672.41
2300,209,1,38448.62
1356,251,1,21517.26
3575,239,3,16424.25
3421,280,3,37253.85
1358,225,5,15970.38
1617,264,3,29957.13
2674,277,2,37534.54
2213,222,4,12352.59
4377,271,1,7931.4
2976,238,4,20451.58
3178,272,2,27355.97
5937,262,5,18839.49
5653,300,5,45146.27
2867,240,3,44351.06
4290,205,4,14602.44
1288,263,5,32239.49
5994,292,2,10399.64
4631,213,1,2647.43
1016,290,1,11864.45
5911,292,4,23039.78
3626,231,5,28321.72
1334,220,1,22102.16
5077,287,4,32706.18
2678,224,1,9062.12
2971,232,4,36454.74
5561,296,1,40305.82
3317,214,4,17915.71
2094,209,3,18262.24
5340,299,3,44942.38
5295,262,3,28482.47
5970,280,1,8074.17
3121,261,2,28964.1
3178,202,4,23552.76
5929,274,2,33130.41
4301,249,2,42865.27
2700,282,4,36398.9
2403,275,2,13343.27
4617,223,3,48480.05
5524,217,1,40616.34
5439,262,2,11396.82
3862,296,3,31351.06
2550,233,5,2050.97
5867,224,3,16667.57
2956,251,5,42918.89
1770,244,5,10964.1
5823,276,3,11352.66
5504,242,5,27167.12
5905,249,5,42837.6
1075,267,4,38237.05
4409,281,2,39958.84
5602,224,5,397.3
5590,248,1,37505.75
5553,238,4,13365.42
3187,288,5,7858.89
5601,293,3,41060.47
2943,202,2,6470.67
3910,266,1,27090.13
2391,213,3,2259.24
4917,251,1,36141.01
3089,235,4,39259.87
4616,249,3,26197.36
1263,271,5,27464.17
4342,285,5,2349.9
4758,213,1,32437.38
3721,281,1,9663.28
3058,242,4,17081.0
2067,215,3,44358.08
2028,288,2,13639.72
1512,282,2,6089.7
3276,211,4,25055.21
2222,261,2,41659.7
3086,216,3,32881.91
4268,231,4,26029.32
4333,228,5,29579.02
3557,212,4,16090.06
2117,234,2,39464.22
5416,214,2,33491.44
5931,297,1,5100.98
4978,224,1,2890.24
2569,270,2,29444.59
1586,288,1,33314.82
4303,275,3,5851.29
2928,241,2,37614.98
4892,255,3,16866.14
4895,235,3,45242.27
3323,230,5,2750.54
4523,293,1,25807.87
3757,265,5,42723.84
5601,298,1,29644.4
2171,218,5,1809.73
2174,270,3,22935.23
2678,217,5,21935.62
5374,253,1,30463.57
4565,206,1,38917.09
3224,202,3,41420.68
4648,289,4,45684.45
1511,294,1,25915.21
2638,272,3,18279.8
1447,288,5,30902.35
1940,280,2,27695.02
1961,220,1,49643.26
5183,272,1,586.35
4795,248,3,45115.83
2313,247,2,15073.78
5427,230,4,24719.41
4455,271,4,33898.27
3743,299,1,14561.46
4527,270,2,40064.25
2770,224,3,11200.07
4935,237,2,9479.89
2018,245,4,46425.4
1779,285,3,32531.33
1045,210,3,36831.68
2624,265,4,3996.07
4218,205,2,39773.76
5567,259,2,17327.06
1975,275,5,21681.86
4909,257,3,15630.76
1506,213,5,18410.1
1922,298,1,19374.72
3945,240,1,22256.55
2353,298,2,20761.14
3193,283,1,32212.55
5502,250,2,34101.94
4681,231,1,32785.52
5874,257,1,28925.58
4293,237,2,48166.27
4125,288,5,33798.43
3789,214,3,36172.9
3304,226,4,1580.68
1997,263,3,2002.57
5348,262,3,48483.98
2385,278,1,31141.98
4208,235,2,33867.48
2686,221,1,10210.67
4699,213,2,16560.62
4097,230,1,35707.54
2851,282,4,18358.18
5235,203,4,35796.99
2397,227,5,32433.37
5968,220,5,40827.09
1084,215,4,11201.1
3414,237,4,26110.86
2682,247,4,18156.38
3130,291,4,2173.43
3641,288,1,49586.03
4767,214,5,32979.24
3296,236,3,5816.28
2163,233,5,22999.85
5203,230,1,31346.6
3314,270,5,29549.73
1885,278,3,38761.26
4365,220,4,23712.06
1148,242,3,28612.77
1040,212,4,6251.44
2158,280,2,897.61
1720,220,4,7022.28
4659,281,2,32361.5
4952,252,5,44896.99
5461,291,1,43750.79
2194,298,2,20729.77
2633,254,4,16775.5
1749,231,3,32260.03
1543,219,1,12082.65
5424,230,5,48000.97
1466,292,4,12497.73
2247,224,1,1085.69
2084,296,5,29694.47
3799,203,1,14600.01
5003,201,3,21437.19
2101,202,4,32795.49
5923,250,1,26310.92
4714,297,4,42638.53
5435,241,3,48476.12
5290,235,5,18644.05
1172,299,3,32034.08
2483,245,3,17792.61
3695,286,4,20914.47
3473,284,5,12563.34
2740,286,4,32931.62
1105,243,4,14474.55
5110,203,4,9684.41
4342,268,3,18141.69
1525,255,4,32258.3
2611,217,5,46906.35
5018,232,4,14375.43
3479,294,1,17026.77
3715,293,3,20433.33
4650,279,4,4973.69
4281,235,4,3553.56
1860,281,5,22766.27
4187,296,5,3991.43
5668,204,5,333.53
1613,252,5,48028.75
4966,293,2,15961.8
5412,242,1,38156.03
4543,232,3,15137.9
5861,242,1,40409.08
4421,296,4,22817.25
2618,201,3,45413.04
1748,269,5,7190.75
5281,260,3,11621.42
4425,285,5,38368.47
5911,247,3,42258.34
3551,211,1,40472.11
3066,223,5,19357.85
5372,270,5,4385.55
5611,267,2,29211.95
4265,268,5,43653.71
4072,257,5,9079.64
5106,228,5,3217.01
4450,290,4,27798.68
1772,243,4,38717.79
5147,273,5,49157.8
4076,245,1,11666.11
2476,280,2,16299.44
1364,236,5,33760.49
1595,209,1,17280.13
3375,299,4,30927.57
2252,253,3,3932.72
1458,206,4,36412.99
3359,293,5,29069.1
3242,214,3,40599.74
5372,230,4,34426.53
1468,277,3,24478.44
1995,201,3,14815.62
4285,295,5,27134.06
3716,244,5,21746.34
1214,288,5,29406.05
5955,210,1,28365.51
2549,268,1,37520.86
2736,245,2,35298.19
1693,221,1,46107.55
2849,293,1,13404.77
4490,274,4,2528.9
3187,211,4,8689.78
4189,217,5,38921.11
5109,285,3,41598.34
2966,276,3,44275.22
5699,233,5,4873.76
1462,282,2,10596.73
3452,244,4,14220.96
2255,248,3,39449.23
2770,275,5,2157.72
5274,269,3,37187.29
3055,220,5,19915.01
3731,237,2,38103.81
1571,233,5,25841.32
5115,243,1,13853.05
1924,267,2,26518.28
3104,233,5,19372.32
1883,269,1,9202.97
5961,244,3,42943.57
3592,217,3,33393.83
4046,277,5,36873.62
2617,230,3,24763.84
2796,256,4,22092.06
3078,208,5,12522.66
3580,286,4,28647.18
5022,203,2,36935.93
3897,268,2,5468.77
5846,212,3,44433.54
1919,209,3,22621.44
1876,284,3,5297.32
4018,233,2,31529.81
5450,285,2,20195.85
3100,250,3,47225.82
1836,297,2,44622.26
2798,256,5,37494.76
4725,289,1,807.65
4439,286,1,38691.04
5492,288,4,46673.2
5790,277,2,229.45
1854,286,1,1872.62
5975,202,4,34156.45
2507,239,2,7444.84
1447,229,1,26146.15
4640,210,4,37166.43
5239,243,2,15395.7
5618,241,3,26048.65
4092,241,3,33580.65
2705,300,2,14141.81
3329,215,4,6502.92
5564,249,5,618.91
1777,294,3,36308.25
3721,275,2,2383.1
4553,203,4,17612.14
3831,244,2,15799.1
2411,277,2,36284.94
1694,291,1,45556.27
4792,270,5,9143.56
4112,231,1,14734.1
2494,218,4,38648.13
5548,252,3,42842.8
3126,295,4,4106.11
2521,268,2,37963.49
1233,259,2,41445.92
4896,234,1,4091.95
1951,249,5,28653.92
3362,273,4,38318.92
2322,210,5,25046.65
3327,241,2,15056.21
3295,265,5,13835.44
2514,238,5,6544.85
1129,267,3,3905.46
5491,241,4,26454.28
2878,287,2,21891.57
4493,250,5,49033.8
5852,257,2,44332.57
1098,252,3,1945.6
1547,221,2,37703.17
1276,246,3,49961.51
1547,259,2,37175.89
1277,240,2,16834.2
4577,216,3,14757.08
1788,205,1,14001.5
4420,277,3,12989.02
3397,287,4,45392.11
2047,285,2,22737.97
2160,229,3,7140.42
2832,272,5,30040.84
1516,289,5,49718.67
2532,211,5,48217.27
2319,274,5,13741.56
2019,220,3,27187.49
3438,294,1,49244.05
5074,274,1,29006.52
3014,254,5,28558.44
4842,217,3,14834.08
2928,249,2,42661.9
5396,232,5,10961.75
5890,282,4,20297.21
5008,215,5,5908.49
1563,203,4,39056.35
1856,240,3,45677.33
5733,299,5,6070.28
4407,244,3,22367.0
2866,220,3,11995.85
5020,202,4,38293.23
2925,222,3,17082.97
3714,235,1,37239.41
2957,289,4,15348.94
3220,233,3,18084.51
5627,250,5,9616.71
1632,206,3,31367.66
1178,296,2,6985.1
4066,245,1,48625.88
4387,239,5,10745.04
5427,300,2,6256.12
5559,272,4,27276.37
3757,279,5,15348.14
1340,258,1,2727.53
2409,267,4,2093.14
5530,240,3,729.81
3254,231,3,43195.33
3052,266,1,33241.75
2638,298,5,43350.4
3033,206,5,7796.87
3616,238,1,3838.35
5712,285,5,15292.7
3378,273,4,14814.53
1064,258,5,30551.34
2099,251,5,18735.67
1436,262,3,17293.26
1990,223,2,39185.81
1342,276,3,27548.65
1880,258,4,14686.01
2048,220,5,7840.09
5096,205,5,7637.32
2316,277,1,20537.85
1450,270,5,20784.07
2749,299,1,3797.24
4147,298,1,32770.19
2315,221,3,38321.67
3727,251,2,13602.63
2204,242,3,17602.92
1888,221,3,29469.33
3359,205,3,44578.97
4353,249,4,10387.01
2794,296,5,16554.07
5388,297,2,24525.9
4025,279,5,34429.25
3692,222,5,26987.81
1482,270,3,9941.27
4012,211,4,10830.83
2604,210,5,38361.92
4837,201,1,33997.16
5071,267,5,37490.03
3023,225,2,4227.37
2572,300,3,10314.08
4387,263,5,1912.17
4637,218,1,11438.83
4755,239,3,39355.83
3494,265,1,49138.93
3057,213,4,13187.81
3627,240,1,20711.51
4447,252,3,31181.91
4343,264,5,38921.16
1224,289,1,671.71
3081,263,2,17256.85
3811,215,2,7014.7
4654,290,4,22143.62
4097,219,1,7182.5
1962,233,5,4159.16
1740,245,2,21569.41
5871,268,2,48694.31
1995,249,5,27295.02
5335,233,1,23002.84
2776,235,1,7689.84
3989,265,2,14395.41
3944,237,2,27819.8
2116,291,1,23847.87
5400,274,4,46960.43
1269,221,4,13405.44
2269,269,2,49816.86
1723,204,4,31636.99
3395,288,1,4705.23
1745,230,1,19883.62
1475,258,2,18240.62
1207,286,2,781.26
1678,253,5,9142.75
2904,233,1,9496.75
3031,261,4,16021.37
4730,250,4,825.0
5256,270,2,35822.28
1882,249,4,37634.39
4825,284,2,33743.49
1124,271,3,14759.31
2413,262,3,37429.98
2269,280,2,24196.46
4960,263,3,44704.72
3163,228,5,3338.02
4960,284,5,38910.92
3012,236,3,32127.38
4313,210,3,23089.85
3372,226,3,26156.52
2119,209,5,8857.62
3625,234,3,42418.72
2358,229,1,37600.67
2024,268,3,42907.85
3945,247,2,48637.12
1986,208,2,35466.54
2733,258,2,24280.55
3873,296,2,40812.0
4495,209,5,15891.04
4753,220,4,25734.04
3003,211,3,26197.85
2397,241,1,12171.59
3616,263,1,21885.2
2553,227,3,444.52
5063,231,4,49363.6
2082,290,2,8097.78
3161,277,3,14766.08
5310,227,1,11154.8
2906,278,5,47383.41
1504,234,5,43594.97
3077,201,2,20707.56
2895,274,4,31940.97
3934,249,3,25054.42
4695,216,2,44118.59
4083,256,5,880.91
5422,241,1,20518.16
4473,288,4,10532.12
5243,247,2,2046.93
1013,251,5,5681.58
3899,280,5,12695.51
3278,284,1,39964.53
2339,273,1,22304.84
4482,215,2,26814.57
5354,296,4,9655.14
2618,212,3,43975.1
3625,256,5,44930.06
1221,204,3,2449.35
1644,268,5,40069.62
1316,262,3,12806.51
4022,205,3,35458.56
3375,282,5,15324.5
1610,204,5,35524.19
2180,255,2,9334.64
3898,280,3,12619.83
3288,259,2,43550.1
1550,209,5,25430.38
1738,299,5,9240.34
1105,220,3,33271.37
3332,290,4,33715.3
2742,278,4,46323.52
1608,258,2,1989.41
2352,270,2,20817.88
5117,214,3,31086.58
4890,209,2,23687.9
3347,253,4,27588.06
1969,290,5,12400.72
5181,295,4,24302.4
1749,263,2,36122.82
3178,201,3,13990.42
5881,300,3,15190.57
5176,232,3,6487.62
2449,227,4,45512.16
5107,213,3,32408.11
1205,277,1,1356.89
5452,255,5,35464.88
2227,283,4,41820.31
1909,220,5,36754.75
4130,287,1,48948.53
1232,228,1,44877.82
2808,263,5,20242.63
1667,210,4,35735.86
5638,217,4,22564.95
2266,219,4,12100.15
1936,257,5,44346.0
4636,260,3,7697.56
4150,298,4,41223.19
2380,299,2,2980.6
3639,300,2,14631.39
4441,231,5,35827.06
4734,223,4,12280.88
5293,239,4,5684.99
4886,271,1,4960.93
1290,264,4,40385.37
3776,240,1,42431.06
4883,234,1,22816.44
5710,256,2,10145.58
4722,227,2,30912.36
2538,222,1,6874.26
1573,292,5,12884.87
1877,251,2,40687.27
1483,243,4,21491.41
2446,295,3,4131.96
4400,234,5,18346.56
1543,266,2,33294.85
5139,201,3,15993.33
5428,267,4,15167.93
5157,253,2,38147.96
1054,243,4,40292.01
3807,201,1,30828.41
1473,238,1,583.56
4891,205,2,38372.43
5589,226,5,12383.76
1948,202,2,37988.02
3300,210,5,44055.69
2738,233,3,24173.98
4556,292,4,34318.73
4747,298,4,34613.72
4773,238,5,17092.31
3212,283,5,32411.74
1136,284,3,15589.17
5054,224,5,1889.82
1062,280,3,46679.42
5891,250,5,3946.49
5578,262,2,23343.37
4944,212,4,36295.67
5110,276,3,4137.21
2391,274,3,36821.93
2186,287,3,10542.37
2162,233,2,2676.81
4803,263,1,5174.25
3406,213,5,47192.11
2381,276,1,3908.16
2264,266,3,4290.01
3785,300,5,21776.15
5037,225,5,34723.71
5297,268,2,30723.23
3619,235,3,37009.01
3846,244,2,17079.86
5864,274,1,19305.42
5008,267,1,39981.42
1204,202,2,3674.69
1299,221,1,34784.27
2798,294,4,42847.38
3693,273,4,16723.7
3270,265,5,32637.86
1448,282,5,49781.88
4164,271,4,6629.39
3535,240,1,20503.1
4709,222,1,43229.92
4075,235,1,48179.35
5102,206,1,25893.89
5004,261,1,35659.04
4508,297,5,41550.27
3003,249,1,46697.44
5940,205,5,12790.73
4971,252,1,5672.2
5052,222,5,12120.47
3919,240,5,41367.21
3211,214,5,927.97
2802,208,2,25914.35
3236,261,5,13333.05
3862,254,1,17296.57
3288,271,1,5715.5
5883,240,2,28999.12
5332,278,4,29140.14
2529,286,1,39079.97
3138,273,2,426.6
4870,264,3,8859.72
4058,299,4,28931.19
4329,212,5,26859.72
1485,246,5,38061.52
2312,240,4,3366.65
4659,278,3,1816.16
1776,261,3,32717.36
2598,231,2,39359.71
2107,293,1,39750.66
1381,229,3,36691.11
5904,219,4,47582.29
4870,261,3,48957.72
3383,250,3,44676.58
5864,269,2,14070.93
5654,264,2,13423.77
1358,224,2,8262.17
3064,230,3,10776.41
4148,221,5,27930.33
2704,250,1,44139.0
3529,248,5,27458.16
1963,260,2,49401.44
5344,243,1,15827.11
4245,203,1,33209.84
4445,232,1,22199.58
4444,286,3,38458.31
4951,201,3,16083.34
3682,270,5,18873.0
4575,254,2,40560.98
1318,276,1,8421.04
3756,267,4,36856.77
5428,264,4,11846.03
6000,262,2,27353.58
2712,293,1,27236.65
3616,263,2,36166.14
2692,278,3,339.97
4099,245,1,20150.62
5020,238,5,28988.54
4307,226,2,42763.74
1473,220,1,28239.51
4146,245,5,48183.41
2871,257,4,40044.05
2986,246,2,19476.53
5336,287,5,30464.44
5327,214,2,27015.93
5426,242,2,2008.04
4294,256,4,15755.0
2907,271,2,3858.52
5645,261,1,13026.71
1518,268,1,33073.03
1254,294,1,18670.35
1227,254,2,10865.84
2626,280,1,49613.36
2176,248,5,14982.94
4804,201,3,6060.73
3373,286,3,33945.98
4953,266,4,20894.97
4717,230,1,2199.48
5711,298,2,48742.91
2345,227,5,19797.77
5655,295,2,12906.74
3766,288,2,3304.98
4094,296,4,44275.3
2607,275,1,11991.74
1199,289,4,46775.12
4374,274,2,12537.75
3493,242,2,42993.0
1372,298,5,23497.2
3840,259,2,26848.74
1688,235,2,11285.92
3525,269,3,47919.46
2831,233,4,49762.37
3290,284,4,33496.64
4821,267,1,7626.44
2268,209,3,2037.2
3920,274,1,16075.86
4362,292,3,39500.33
3419,289,5,16767.64
2843,295,5,12903.13
3640,234,2,8600.53
4851,249,5,39318.46
1620,215,5,19405.79
5971,267,1,633.59
5870,254,1,29741.34
5195,235,1,44399.47
2059,219,5,29988.93
1334,231,3,16997.14
4139,277,1,28373.89
2685,267,2,3180.97
5637,264,4,21438.17
4024,235,3,18415.02
5799,280,2,13868.9
3448,250,4,40733.2
3754,266,3,48424.31
1848,225,3,4728.53
4133,274,5,42302.58
2893,268,5,37955.99
2665,237,5,45997.52
2120,289,2,49563.46
4190,267,5,27396.86
4303,236,5,16301.88
5618,220,4,7816.61
1488,286,4,37663.66
1072,281,4,43792.6
2784,261,4,48710.29
2022,255,3,31470.31
5305,206,3,9636.11
3192,257,3,40540.96
4434,219,3,3645.54
4862,264,3,30411.82
2459,293,3,13517.73
1824,274,5,31234.32
3125,222,3,46083.41
3428,294,4,22148.03
2054,270,5,40109.04
1404,220,3,7851.36
3244,248,1,22988.7
3981,233,3,43800.65
1382,272,4,45125.47
5512,255,5,9744.55
2581,249,3,38990.75
5041,285,3,5023.71
2203,281,4,6583.24
1386,267,4,47930.32
4774,252,3,15949.1
1712,280,5,25376.21
2276,255,5,37503.47
2135,233,5,33475.62
2897,284,3,40601.08
1456,246,5,48963.23
5047,263,5,11209.8
4834,236,3,10428.49
2772,242,3,35897.08
5667,254,3,45218.42
2232,246,5,24944.2
2284,249,1,24552.71
2720,218,4,22725.22
3779,253,1,12648.86
3684,252,4,22606.54
3371,207,2,41376.79
5355,284,3,13467.49
3762,299,3,47917.03
5469,237,5,7471.72
1711,252,5,21748.76
3643,253,2,43985.88
2130,296,5,46763.72
5031,282,4,8155.17
2331,206,1,33851.92
3495,236,1,11892.37
3995,263,5,35921.41
2038,249,3,21690.61
2531,290,5,9867.99
5503,290,3,23610.97
3710,277,3,6902.88
5840,202,2,48096.1
4260,250,5,25089.78
3589,264,3,17347.55
4923,274,2,38166.46
3387,205,4,1361.95
5006,243,4,31569.71
3107,214,4,24974.83
1968,203,1,36170.25
3677,286,3,3642.44
5351,284,4,32130.67
2535,252,2,19750.75
4127,218,2,16497.77
4755,239,2,13406.33
3965,234,3,43627.9
1733,240,3,28893.38
2736,277,4,26161.86
2987,240,4,8154.46
5410,223,4,3263.1
5927,220,3,31633.79
3903,238,5,26718.44
4395,287,4,8941.63
2751,235,5,23558.08
5620,284,1,26692.19
5786,250,3,42495.96
1199,222,1,47832.77
2952,235,5,45673.14
5939,242,2,45979.94
2082,294,3,43524.57
2284,229,1,26401.87
1575,253,4,5820.13
3690,243,1,1771.83
1069,244,2,41517.59
5209,300,5,33654.76
5400,297,2,11437.62
5751,248,2,11896.79
4377,281,1,32562.99
4491,268,1,20133.28
5793,269,2,39933.9
3870,274,3,103.84
4898,230,1,25243.25
1097,276,1,28023.93
3932,268,3,13147.22
5432,267,1,32311.97
1294,219,3,49752.38
1009,249,4,28488.65
1212,201,5,15503.71
2162,273,2,49892.88
5923,219,4,33162.94
4022,261,1,16477.14
3674,213,4,37128.77
1168,216,3,12188.25
1369,285,5,18608.78
5199,256,3,28603.05
2190,239,1,23085.15
3186,226,5,45059.96
1662,288,1,3653.31
3528,260,3,22483.97
4639,252,1,40115.16
2892,258,2,36143.41
5274,227,1,11003.52
3128,278,3,46251.45
4309,215,2,30564.94
4941,256,4,14260.44
1584,255,2,35317.23
5027,220,2,9535.5
3016,242,4,35365.26
3607,279,5,30907.36
2657,241,3,42154.61
2581,248,3,15737.58
5051,273,4,49767.54
2511,247,4,29651.79
4699,231,1,40986.55
4341,249,2,46479.42
3779,259,3,2942.68
2863,285,4,11467.65
3790,248,3,20044.16
1155,240,2,36830.73
1141,285,5,18652.23
2816,210,4,45508.45
1866,205,3,8610.8
2738,275,5,33053.5
1574,261,5,35461.98
3380,207,4,12725.67
1403,238,2,742.52
4531,287,1,28143.44
5527,264,5,21634.65
2860,291,1,45761.12
3832,243,4,14461.81
4478,242,4,33681.14
5820,276,4,46923.25
2832,242,1,25525.46
2262,210,4,8666.81
5767,247,5,30338.26
4710,295,4,13820.79
4229,208,4,24693.06
3760,289,3,6432.71
1384,264,2,3760.46
3937,250,5,25104.34
4631,267,3,20774.99
2586,276,1,42759.26
4700,207,1,12241.6
3176,297,3,13189.85
4475,222,2,43624.78
4193,288,3,13098.01
5449,236,1,43979.04
1497,298,3,11781.85
5384,255,3,32793.93
3816,255,2,41375.93
5053,297,4,27848.76
4161,288,3,30227.92
1414,241,2,4607.98
1488,285,3,8524.51
1821,213,1,13516.58
5735,282,2,49201.61
4345,299,3,49018.45
3455,285,1,47385.45
3364,211,4,25486.31
2575,266,1,26767.03
5438,251,3,23480.36
5735,225,5,7196.1
1192,300,4,35854.4
2244,298,3,4631.15
5140,245,2,18786.51
5523,269,5,41001.28
2214,291,1,1012.16
4573,225,2,35267.96
4782,240,3,6430.62
5837,233,1,36360.45
2686,214,3,4151.1
4854,276,4,45416.28
4895,222,2,41542.16
3327,253,4,8794.94
2774,243,5,40562.14
5415,252,3,40848.18
4682,263,5,6188.83
4431,232,1,29580.17
3854,246,3,21209.05
4064,215,3,27262.01
5971,228,3,19979.31
3191,246,3,5977.86
3657,246,5,34702.9
5303,244,3,29580.9
2089,246,1,14997.86
4106,271,3,8800.34
3286,228,3,44774.09
2709,247,2,43599.17
5990,254,4,28158.12
1822,300,1,23796.05
4297,202,5,10053.54
1968,253,2,8777.97
1360,233,1,4691.88
3340,242,1,9838.18
1027,294,1,25159.68
1595,238,2,6840.02
4820,209,5,6171.16
4055,296,5,31695.47
4165,215,3,21983.22
2034,238,5,35583.9
2770,273,4,3867.65
3294,284,5,19219.53
3709,234,3,1940.9
3720,228,5,35950.88
4112,298,2,48602.79
2737,236,4,35952.36
5143,243,2,11991.07
5483,275,4,14952.0
1449,251,4,17429.17
1443,251,5,18277.26
5994,204,1,38378.79
1579,245,2,744.17
4754,277,4,41096.07
5559,235,2,13569.39
4772,274,1,48220.96
3606,256,1,4764.84
5725,220,4,11489.96
3006,228,3,456.04
2026,270,3,28636.39
3471,264,4,3173.9
4306,251,3,21045.93
3134,289,3,42834.47
3670,224,5,45177.56
3957,280,4,37552.24
4232,235,3,5152.27
2370,251,4,24489.1
3735,225,3,38559.52
1922,210,5,26979.81
5211,270,1,37765.49
1608,226,3,13756.61
2181,210,3,35245.35
2617,244,4,42320.48
4853,299,1,34362.53
4156,201,5,23063.17
1680,225,2,18738.22
5788,262,4,12207.28
1762,208,1,35084.76
1978,270,2,35981.14
2122,277,4,38330.22
4227,206,4,16575.67
5620,246,1,26736.05
2918,272,1,47144.73
5430,256,1,880.82
5475,237,4,38789.48
2231,220,3,42013.89
5034,243,4,20569.91
3037,291,1,22305.87
5005,239,1,43469.35
2982,264,2,13953.35
2475,298,2,21271.01
4006,214,1,41195.29
2995,256,5,46540.87
2583,229,1,26361.03
4383,201,1,14758.42
2092,295,4,14147.59
2873,277,1,10950.5
4762,289,1,1568.59
3245,274,5,47031.3
5822,284,5,11395.68
5681,204,5,876.14
3232,272,5,19898.6
1987,220,5,4729.0
5910,262,2,26986.54
2829,228,2,7238.55
3379,261,1,22967.56
2387,293,2,23082.57
5712,231,4,27320.69
4898,201,2,31901.86
3499,247,5,30183.14
4479,205,5,24402.3
2319,253,4,16078.45
2998,227,2,5737.96
4190,215,2,16004.72
1996,230,3,12897.4
2241,253,4,25494.15
4109,240,1,35909.36
3865,233,4,3965.8
5944,300,5,24665.82
1161,255,1,3760.27
1968,263,5,46857.48
5534,254,4,21577.21
4210,242,3,47369.31
4514,231,3,38093.84
4329,293,4,43913.23
3631,210,2,21539.44
1336,282,2,17782.85
4756,220,5,14622.87
3910,229,1,18758.59
5396,286,1,47102.4
4220,240,5,34346.09
2904,282,1,43218.22
5715,237,2,31911.2
3605,221,2,41426.93
4324,278,3,20828.02
3126,270,1,30077.05
1689,281,2,26627.9
1121,207,2,6091.01
5343,269,5,7354.7
3645,209,4,37242.48
1824,220,1,39902.37
2676,202,4,18090.43
5010,287,1,21155.06
4887,290,4,16907.16
1322,298,5,24216.89
3123,297,2,5337.0
3386,204,3,37897.2
1197,269,3,21721.77
2025,279,1,42254.76
5684,238,5,13516.03
1377,241,3,49746.19
5725,216,2,18932.29
5335,256,2,23165.66
5080,202,4,3755.32
1817,293,3,36848.69
4282,235,1,32532.13
5011,206,4,14939.25
3944,268,5,44718.33
2647,218,3,36480.97
1848,239,1,17500.2
5599,215,3,14310.73
1157,232,2,12779.87
4182,250,1,21800.94
5112,204,4,5968.34
4116,252,5,21136.82
3693,227,1,17768.98
4399,290,5,31380.7
5985,268,1,26308.24
4924,208,2,26717.75
4764,293,1,4139.18
4584,293,1,36613.49
4165,256,2,407.84
2310,292,5,32027.04
3739,211,4,353.03
4547,273,3,33730.15
1994,255,2,28752.66
3742,252,5,22467.94
3192,222,1,28710.63
2849,209,5,17674.3
3936,282,3,33814.46
5693,290,3,10242.22
2134,205,2,3315.43
1706,294,3,10912.49
1464,251,5,21599.93
3444,291,3,25874.38
4582,248,4,44287.2
4303,256,2,16592.49
1471,260,3,28448.18
3021,241,2,26567.53
1240,271,5,6520.35
4052,263,2,46161.27
1189,220,5,32834.41
4002,219,5,32917.28
3915,210,5,38800.47
1098,216,4,41765.47
3627,234,4,21159.49
2812,285,3,12758.51
3341,230,4,20316.25
1928,219,3,24559.1
5155,209,4,10485.58
4502,225,5,36112.33
4091,204,2,25365.54
1789,254,4,30464.86
5983,237,4,1420.84
3943,266,4,6759.01
3365,276,2,5670.92
2232,285,2,44724.26
5530,265,1,49301.47
2261,279,1,47450.35
2168,294,1,38894.21
2612,261,2,37715.2
2320,256,4,48711.21
2895,274,5,34299.25
3929,273,2,15611.29
2249,209,5,25250.89
4498,286,1,14167.03
3617,291,4,18287.51
1943,295,1,13477.2
3976,219,1,44288.9
3487,296,1,9374.75
5405,254,2,26422.32
3090,203,4,48473.02
4469,274,4,49444.45
3529,273,4,12718.41
1774,288,1,4082.62
5317,252,5,23978.01
5970,285,3,41763.33
5525,250,5,37652.51
3082,250,3,36266.14
2917,295,3,25482.72
2048,284,4,22253.67
1950,256,2,19274.35
4132,263,2,25182.2
3708,275,2,30192.69
2435,230,3,3226.63
3529,206,2,15345.64
3696,249,4,14453.0
3456,242,1,10962.73
1991,201,2,17081.41
3525,295,4,20308.35
4983,217,3,22241.99
2669,214,4,35584.95
5862,221,3,21148.44
5758,206,3,8551.19
3326,260,2,13559.64
4013,214,3,12912.89
1347,228,5,16700.96
1997,209,4,13317.81
3454,249,3,46893.46
3794,241,5,2072.31
4767,218,4,4479.5
4671,250,5,32963.97
3369,252,4,28753.75
5959,252,4,19276.77
5272,294,3,44946.75
2192,263,2,42398.55
2127,202,1,45610.9
2182,254,2,13263.13
5081,293,4,2953.75
4582,263,3,13678.25
2621,234,1,6496.45
1399,287,5,43423.76
4088,254,4,2993.62
1703,248,3,20431.42
5760,234,4,34025.04
2456,279,2,32304.45
2977,247,5,5907.51
1167,276,3,13315.26
5329,208,2,3163.19
4059,253,1,21192.84
1019,244,5,11125.66
5756,251,4,27708.61
2542,252,5,11607.36
3293,264,2,42581.64
3048,226,3,683.87
5082,291,2,6670.93
4760,217,5,28333.68
4258,269,5,28138.43
4469,287,5,45814.72
2230,203,2,39624.14
1084,284,3,38585.9
1885,299,3,43092.88
3889,206,2,32546.85
1687,226,4,10230.16
5500,262,4,45991.91
1478,275,1,15948.32
1343,206,5,12138.69
1277,207,3,28527.15
1027,209,1,27590.65
4032,292,2,13127.48
2828,205,4,36773.15
3532,251,5,40436.51
2032,219,4,46634.38
3339,291,5,21372.2
5486,210,3,23210.56
4066,253,1,12435.75
3271,277,3,11679.12
4294,280,1,29415.01
3139,215,1,40166.52
3447,255,4,32469.47
2286,236,2,43179.01
3879,223,5,11480.42
4003,276,3,38845.15
4175,240,1,38544.52
2375,203,3,49867.0
4794,225,5,13019.75
1380,267,4,30155.21
3843,294,2,6831.54
1887,258,3,38453.03
5693,220,5,48202.68
1580,249,4,13490.9
3342,218,1,43392.61
2097,226,5,1480.14
3801,283,2,2821.19
2927,204,5,16462.97
4529,253,5,35892.06
3270,246,2,45784.45
4906,259,1,34713.36
3911,201,5,2835.46
5488,233,5,30560.97
3475,248,1,13799.9
3307,235,4,38215.41
4632,268,1,26077.63
2520,233,3,45414.81
3711,262,2,25936.14
4892,294,1,28352.45
4186,277,3,9392.42
2206,279,4,34453.4
1021,235,2,40795.86
2437,241,5,36291.76
1105,275,2,45072.2
5038,297,1,14926.98
5816,294,2,47183.66
5322,260,3,46426.41
3188,232,3,329.56
1013,220,2,16753.7
4201,231,3,18258.85
1965,226,1,29732.4
3740,215,2,39860.91
2293,273,4,40198.66
3944,242,5,22820.33
2323,263,5,3386.15
4937,266,5,49208.75
3975,210,5,19992.34
5470,246,3,544.76
2170,227,1,14330.69
5533,212,4,9065.61
1582,277,2,46187.43
2253,265,5,24098.56
5905,227,2,5816.59
1504,283,4,40371.3
4922,207,5,35424.34
1293,283,1,20149.19
1588,259,4,24829.72
1704,294,1,9893.7
2532,284,5,13865.68
3590,244,4,30399.66
4244,254,2,34589.05
3812,251,2,393.0
4478,257,4,12169.27
3213,296,4,580.75
2584,279,2,29585.02
2079,240,4,13383.77
1542,223,5,34941.34
2035,213,5,18817.97
5734,293,1,27154.92
2510,213,1,46523.96
5870,242,3,34327.77
4230,273,3,41463.8
5561,244,1,20438.84
1086,288,2,31130.89
2014,223,5,1093.07
4427,203,5,2475.08
1055,259,1,12531.67
5682,255,3,45094.96
5557,202,3,441.81
3697,237,3,31004.63
4132,295,3,16422.57
4553,209,5,29340.49
3941,245,3,26960.59
1249,276,2,17674.48
1052,251,2,12580.21
1105,300,4,43739.34
3934,264,1,663.45
2706,246,4,29422.85
4037,284,1,26362.25
2482,294,5,27680.49
4364,227,1,7230.45
2345,238,4,1609.68
2667,272,4,45772.19
5976,282,4,23972.31
2815,255,2,1083.42
5109,292,1,39973.4
1160,208,1,32759.9
3174,284,5,3026.96
3096,296,2,22976.55
3829,260,3,27390.51
4538,278,5,28302.96
5499,201,5,18697.76
2244,207,5,7405.59
3979,219,2,46205.44
3751,294,2,8260.32
3402,284,2,11203.95
1337,287,3,19719.24
4212,289,4,46584.42
2454,234,3,19815.5
5532,266,1,47652.51
1426,233,2,34652.54
1915,219,5,9614.1
4537,231,4,28629.38
4192,273,5,31301.15
2266,205,4,5852.75
3685,226,3,47719.45
1367,245,3,32993.14
4685,249,2,35377.57
2563,298,3,33523.6
2266,237,4,27324.17
1582,207,4,34244.21
3241,235,1,32853.91
5082,206,2,42559.6
1323,272,4,44936.16
5816,240,5,40042.58
4239,260,2,30667.04
4384,284,5,17972.26
2973,273,2,4582.76
5617,252,2,43217.42
3277,276,1,46101.32
4709,285,5,23804.97
2054,241,3,39975.76
4265,220,3,33142.96
4882,262,5,22556.96
4084,246,4,19768.32
1053,289,1,14885.87
3487,288,4,35415.95
1562,263,4,38946.95
2922,223,4,45859.16
5385,300,5,17143.98
2144,281,5,13999.98
2067,288,5,32910.16
1948,259,3,39739.39
3316,239,4,37368.09
1452,215,3,11190.38
4964,252,2,18886.17
4124,235,4,41731.81
4933,288,2,13059.07
2832,275,2,25371.89
2032,274,4,4897.7
3057,223,5,35098.3
1087,290,2,30100.51
2523,209,4,11199.55
1493,243,3,43699.1
2242,204,4,13301.98
2706,245,4,16111.7
5455,259,2,44619.95
5650,249,5,46136.7
3546,246,2,14652.4
3675,238,5,15602.01
2503,290,2,11766.46
2155,212,2,7666.4
1278,203,4,39081.39
3005,236,2,1249.11
1249,298,1,35261.86
5084,260,2,45434.31
2936,235,5,39026.25
4229,255,1,9687.12
1497,285,5,19265.06
2587,212,4,24380.33
5894,224,4,15494.68
3802,239,1,31601.79
3651,299,1,23649.82
1144,298,3,42364.89
5533,286,3,46069.14
3585,241,2,35791.27
5811,282,5,23116.47
1222,289,2,18083.26
2387,219,2,30290.76
5459,255,4,22195.18
3953,292,1,11181.59
5133,276,4,46816.44
1370,259,1,42886.74
2165,288,3,41521.84
1604,220,5,37458.66
4542,264,4,7492.51
2318,249,2,41744.39
4287,237,2,25434.52
4081,249,5,31539.33
4514,230,4,15885.9
3636,284,3,4214.6
4701,211,4,42490.93
3973,203,4,44600.74
4492,278,4,16117.29
3139,229,4,5400.96
5177,279,4,4591.77
1415,297,1,27025.34
1750,284,3,27417.04
3620,207,5,16028.08
1067,258,5,22154.78
5270,294,1,27190.64
4519,290,2,17805.62
5315,278,2,23566.38
3319,223,5,5808.41
2359,268,1,46892.7
4255,271,4,37952.76
3134,240,1,18121.51
3116,243,3,25624.72
1203,234,4,37011.27
4830,284,5,39539.69
3467,299,5,1760.81
4422,248,5,16449.04
3732,259,5,5353.82
5321,271,1,15125.68
3507,259,1,4029.3
3366,226,2,10451.94
5467,288,5,32241.21
2962,240,1,4683.18
1105,252,4,32778.79
1885,211,3,25483.6
1977,252,3,9299.86
4846,203,1,32915.89
1686,260,1,22826.07
4710,204,4,12731.19
5750,245,4,24726.65
1188,285,2,6610.75
3186,217,4,47777.34
2727,246,4,4716.58
2273,292,2,43566.22
4967,276,3,39243.17
4115,210,2,49527.55
2532,233,2,36054.02
5809,246,3,33125.07
4333,231,5,2266.06
4537,264,4,41805.55
1151,248,5,48029.11
2624,287,3,41699.88
1807,295,3,40772.47
4098,207,4,9990.12
4591,240,4,6824.17
3258,219,2,48788.54
1767,242,4,38846.08
4530,276,5,17929.49
3548,262,5,41100.19
3747,242,5,40764.97
5600,226,3,21238.44
3604,246,3,629.8
1997,256,3,41934.78
3116,225,5,42358.62
5547,265,4,37657.92
1648,272,3,33789.03
3619,299,4,23132.52
3387,244,2,37564.26
1260,214,4,17250.31
5753,278,1,39883.12
5020,294,1,14417.24
2953,239,3,28102.22
1727,233,3,3392.76
4173,286,5,10841.37
3692,226,3,31626.33
2783,281,5,44139.72
4598,214,2,42069.53
1209,222,2,36118.2
2915,263,3,27841.13
2829,236,5,17105.27
4322,236,5,11215.8
4266,293,3,46757.82
1651,262,1,46694.46
1807,248,3,19356.0
3691,250,3,19112.55
1580,210,5,14021.83
4167,280,2,14545.2
3337,281,5,24801.12
5150,251,1,12421.96
3221,270,1,2671.49
2195,233,1,37437.64
2433,254,3,11956.75
2221,258,1,47801.41
5589,297,2,19643.34
1492,276,3,13795.42
4156,253,4,39520.4
2155,241,3,21245.75
4058,253,4,36771.65
5369,207,4,14336.34
2819,286,3,10703.71
4719,268,1,10811.64
2365,223,4,49477.86
3458,211,3,16958.69
5422,252,4,10423.95
4587,225,3,41649.96
4719,257,3,21236.21
2679,215,5,37712.9
3937,212,3,9391.56
2674,248,3,18155.1
4317,212,1,34496.28
4030,259,1,32039.54
3226,281,2,41160.82
2732,219,3,2464.34
1595,247,1,30695.5
3323,243,2,19256.85
2755,256,2,28020.75
4218,239,3,37137.42
2638,219,2,27413.56
3712,216,1,659.99
2187,218,2,1254.76
1522,264,1,5627.06
4051,231,5,29235.2
3115,294,5,27625.25
4621,233,2,7146.05
5930,239,1,22048.61
4615,221,5,1175.42
5404,247,2,15524.78
1689,223,5,17290.92
3589,258,4,28742.24
4905,236,3,37594.46
2298,242,4,29274.17
3540,298,1,21100.62
3491,278,2,38414.72
3308,284,3,21321.81
2051,260,1,35318.73
3862,251,2,11997.54
4885,247,3,13161.45
3109,291,4,5101.58
4043,280,5,35517.7
2872,234,5,41511.29
4051,240,1,41246.44
1496,272,2,41097.33
4943,281,5,38128.26
2344,231,1,48464.35
4002,260,1,42604.17
4544,256,3,25388.1
2990,274,5,5053.97
4087,271,4,11029.45
5197,257,4,29021.1
3716,267,3,8230.49
1592,241,1,37005.39
4305,298,1,29736.34
5007,297,2,21834.88
5871,220,1,44603.33
2949,230,1,31763.06
3337,242,3,9332.37
1568,288,2,19987.91
3571,285,1,41282.7
3918,227,4,19591.05
4127,238,1,10610.68
3812,294,1,40452.87
4674,295,4,30737.93
2999,261,1,12564.56
1945,296,5,28478.4
3602,268,5,9239.44
5518,217,4,46226.78
1773,299,1,46900.91
1151,253,3,8637.21
4902,232,4,40885.13
2100,294,2,20492.98
3909,260,2,13297.67
1975,254,3,7029.29
1299,261,1,3013.74
4008,228,2,46002.37
3565,294,5,45616.28
3049,207,4,32478.62
4085,242,1,22071.56
3950,229,3,25727.3
1959,276,4,16465.31
3657,228,1,36852.83
3738,225,1,44626.63
3080,260,2,16908.58
1429,244,5,15465.63
4870,261,4,28737.39
3086,234,5,24414.12
1226,285,5,22286.83
2223,211,2,17771.17
4530,218,2,33276.32
2832,271,5,3043.41
1671,228,3,11168.55
5097,275,1,10433.0
4750,203,1,33785.74
3884,285,1,7743.12
4225,277,2,35799.01
4521,204,3,41447.03
1199,285,4,29738.8
4256,267,3,49378.93
2865,209,2,49952.63
1052,250,5,26606.24
5316,267,4,45133.23
5840,249,5,24807.55
3694,266,2,33542.01
2420,210,3,16981.93
5167,217,3,11227.24
5811,232,4,22956.7
3613,205,4,23270.05
1164,255,2,35989.5
3255,275,5,48546.38
5829,224,3,35096.6
4266,282,3,49021.39
4636,227,3,34802.16
5128,219,5,3527.11
4704,300,1,18316.65
5067,237,3,13010.06
4357,223,4,2526.47
5367,281,3,37029.53
2360,300,2,1203.78
4314,210,5,32646.05
5330,216,4,6424.32
2537,210,3,37276.46
1570,265,4,2330.93
4630,255,2,11953.2
4841,268,5,2345.22
2808,283,1,25667.95
1434,233,3,1577.02
5268,249,2,40018.84
3179,281,2,11772.91
2946,277,5,34660.44
5179,235,4,32283.35
4626,220,1,23548.03
5840,252,4,3977.87
3352,234,2,4417.49
5884,233,1,48152.23
4080,209,1,13967.37
2055,238,5,47978.52
3169,243,5,35935.95
1727,212,4,40345.66
2705,287,3,18473.12
1458,229,4,33457.75
2482,232,4,12061.39
5200,267,4,48843.94
3697,292,4,33120.83
2529,275,4,29666.87
1447,223,4,3089.36
1217,290,4,7902.48
1397,291,2,35762.78
4904,278,2,9616.86
3165,276,2,2028.52
4715,254,5,9045.56
3458,209,1,34326.79
5734,206,2,36501.06
5431,251,1,4710.18
1723,265,4,44566.41
4907,294,4,26421.25
3379,220,3,8384.9
2416,269,3,32914.48
4379,211,1,13952.75
3268,243,2,21005.26
5885,232,1,29120.8
4647,209,1,9677.25
4482,248,3,16305.2
4217,250,3,35724.56
5771,214,5,44751.96
5152,291,5,21234.87
2252,205,5,26533.09
5376,277,5,24038.69
5115,285,4,8862.48
4091,207,1,21005.35
2630,239,2,35045.05
5697,285,5,27724.14
1123,277,5,585.39
4137,215,1,32299.3
3909,239,5,12868.19
5441,247,2,20080.79
2297,277,1,47266.52
5716,246,4,25017.96
1420,208,2,3151.13
5725,298,5,17070.6
4020,212,1,30087.1
2574,216,5,33013.93
4150,257,5,42908.97
1571,216,1,1176.99
1909,221,1,12015.87
4853,287,3,23837.78
3843,271,4,17835.95
4792,268,5,36336.87
4942,268,2,17921.86
3890,256,4,14426.0
3530,236,3,9850.77
1944,299,4,1335.89
3525,234,5,24924.33
5288,213,1,10821.63
4428,246,5,33800.11
1732,241,4,12775.96
1744,228,1,14270.59
5703,290,4,44237.6
5829,236,2,34144.19
5585,269,3,15662.58
5206,224,4,18234.44
3209,260,1,14688.13
2026,231,1,6992.87
5302,279,1,21877.19
2591,250,4,12071.41
1883,222,2,9156.98
3135,224,2,26447.22
5756,296,5,7160.13
4587,254,1,4079.18
4350,218,5,44326.68
3772,279,3,48929.29
3131,212,1,19615.48
5574,207,5,38001.89
1003,259,3,30311.02
2995,246,1,2061.8
1330,218,5,20288.72
1416,290,3,27753.76
4540,202,4,32074.35
2218,219,2,6373.32
4274,230,4,7577.79
4421,243,5,44144.21
4462,299,5,49403.84
3952,220,3,15829.26
1476,249,5,49464.63
1740,270,3,27920.23
3115,234,2,32382.56
2981,294,1,21753.41
2630,251,3,43272.86
2534,275,3,47218.6
1858,257,4,31284.77
5715,291,3,28789.64
1301,273,1,29979.65
1503,209,4,23470.53
5284,254,5,18672.76
3084,294,2,6177.67
5916,291,5,891.74
2935,240,2,28956.24
4870,276,5,39835.02
4134,294,1,25616.55
1981,274,4,35555.87
1975,294,2,16042.73
5873,282,3,11021.67
5960,264,4,49592.58
4876,272,2,26325.99
3368,258,2,27654.55
3139,203,1,41237.51
2221,214,5,4850.73
2655,203,4,6506.69
5845,240,3,10004.34
4903,232,1,18002.63
4304,237,1,44147.51
1379,249,1,26635.21
1801,270,5,26228.8
2591,269,3,10843.75
2838,214,3,38638.48
3701,226,5,8328.86
2182,217,1,43614.39
2084,256,4,17472.64
4328,228,3,43902.15
1005,226,4,33070.0
4035,238,2,27049.87
4916,237,3,10907.93
1134,203,4,1199.46
2630,241,4,40983.15
2197,234,3,31796.38
2743,207,4,10612.31
1310,275,5,24324.96
3439,280,2,28702.26
3812,263,3,28042.09
4659,279,5,12365.2
5018,219,3,18661.14
2094,206,2,2828.79
5641,288,5,105.42
3982,254,2,1273.7
2958,257,2,13749.49
1815,205,4,15668.07
4908,297,3,22591.46
4394,254,5,30955.71
4329,216,2,26560.39
3430,299,2,16703.38
2622,219,4,35032.35
1792,292,5,10511.11
1552,264,1,43845.45
5860,257,4,20207.38
5780,280,5,17812.22
1396,201,3,16988.59
4450,236,4,24099.6
4688,219,1,28896.37
4586,282,2,44622.92
2169,240,4,29110.92
2383,212,3,9263.55
5690,287,3,4416.19
2629,269,2,4294.61
4557,228,1,12919.54
3977,281,5,17455.59
2087,234,1,44919.39
1459,211,3,46922.38
2601,231,1,47959.35
5513,268,3,19760.31
2532,253,1,1488.63
4021,261,1,12573.78
3815,219,4,33839.74
1072,229,1,40731.24
2376,206,1,26863.33
4134,204,2,21866.77
5335,290,3,10088.73
4993,233,3,25640.86
1536,223,3,39785.54
4963,298,2,36638.19
2750,215,4,31941.36
1109,279,1,35409.82
1239,296,1,35906.23
1011,244,4,8807.36
2226,245,1,33346.42
2729,298,1,2876.8
2135,260,3,12433.67
4328,206,3,26594.78
4752,271,3,18965.28
5042,294,2,28739.01
2903,221,1,24619.95
3813,205,2,42379.86
2410,215,1,33156.24
5386,213,1,3989.27
5303,259,4,5746.7
2292,295,3,6631.29
5475,291,4,17722.63
5313,206,5,9374.83
4976,248,2,35182.8
2996,205,3,37771.28
5077,288,3,3723.33
4713,213,3,11152.97
1482,245,1,45002.6
4682,232,4,17336.04
5876,220,3,5881.4
1977,248,2,31327.43
1818,299,1,46348.68
4184,258,2,20692.9
1346,204,5,19578.15
3816,208,3,45306.47
5279,252,1,42741.01
4896,214,3,9684.09
3322,211,3,1246.36
2094,208,5,31487.02
3062,283,1,47441.34
2219,279,2,36879.95
4328,288,5,44620.92
2182,295,3,8029.31
4305,296,5,47671.09
4838,222,1,43413.05
3193,233,1,1120.34
5057,213,2,11739.73
4315,213,5,24633.63
4951,222,1,43511.88
1741,231,2,44508.55
4624,273,5,29244.52
2913,209,2,25098.82
3858,290,3,35711.92
5634,206,1,12333.43
3211,285,3,11480.8
5785,239,3,24716.54
5954,212,2,11218.23
5028,281,1,48845.92
4956,230,3,13021.77
3104,268,5,17687.42
2782,233,1,41431.42
1988,220,4,20459.79
4154,295,2,548.31
3325,255,3,38550.83
5086,281,1,48101.33
2001,268,2,28974.71
1262,203,4,19880.31
2959,244,1,13747.01
2665,236,5,13107.86
3431,216,3,4523.41
1450,221,1,5157.44
4905,281,4,14990.68
1178,214,1,38744.84
3972,289,4,2369.16
1047,281,2,30157.23
3166,275,5,45498.7
5853,217,4,151.72
3722,225,5,11435.38
4847,298,3,8854.95
3467,228,2,12071.94
3472,215,4,11118.56
1160,287,4,43333.14
2526,260,3,5593.81
4658,231,4,13257.97
2358,296,5,49273.59
2669,284,4,23439.56
2705,211,3,36947.39
3333,238,5,35108.32
4518,225,4,1150.8
3231,284,5,25503.73
1778,231,3,48868.16
3676,266,4,37110.09
4413,226,5,18737.23
3426,262,4,5168.61
5183,251,5,17754.39
1407,253,5,19323.85
1417,282,5,23965.69
3954,257,4,3062.62
4349,213,4,5373.93
4012,228,1,11318.18
2606,201,5,33673.83
2974,254,3,5855.0
4759,237,1,22605.08
3371,280,5,37183.99
5143,285,3,14326.4
3324,221,5,37348.86
4039,274,2,33382.38
1433,278,3,2842.78
3817,300,1,20713.61
5363,292,5,8550.64
4640,204,3,10307.59
3465,291,2,4588.19
2765,264,3,39232.83
1903,282,4,36398.83
2556,251,3,2130.4
3152,299,2,43116.94
4706,225,5,26770.89
5015,280,2,3957.27
5051,203,1,10864.44
4510,221,2,35563.94
2614,230,3,46387.96
3853,207,4,8977.3
3808,278,4,49912.85
3348,270,2,32567.85
2244,212,1,14133.23
4407,280,4,33945.81
5737,283,1,3853.19
5665,269,3,18802.84
2712,216,4,5507.66
5664,234,1,46720.05
2647,209,3,30135.06
5154,203,4,14423.63
2959,214,4,28606.85
3979,222,2,44117.66
4420,227,4,2644.37
3002,251,5,2985.0
2513,269,4,22368.53
3376,294,2,33703.96
5844,282,3,12668.12
3846,286,4,39584.15
5656,216,4,44159.92
4973,251,3,10500.68
4319,208,2,17420.24
4926,235,5,39810.12
1305,218,5,21042.89
4842,235,5,37162.31
1008,283,4,11868.3
3325,205,3,24431.4
5757,204,4,950.99
3800,224,2,2830.74
2317,292,5,29238.12
3525,255,4,3440.62
1578,258,5,12730.72
5396,293,4,33221.49
3138,272,3,31252.92
3689,276,1,31806.7
3028,229,4,27291.17
5211,273,3,14862.8
2376,206,4,6928.88
1693,295,4,23126.93
5257,230,1,37940.36
4758,212,1,25521.95
1491,221,2,43220.89
2501,271,2,37397.52
4981,223,4,21813.9
3845,234,5,45917.02
5848,283,3,26297.75
4392,267,4,9327.07
3505,225,1,42374.92
1028,259,5,44577.58
5473,298,5,16940.67
2029,287,2,16232.27
5164,248,2,2143.14
5992,211,1,9975.53
4819,247,2,44135.1
5775,257,3,1049.4
3364,226,1,19284.73
2534,206,4,26615.91
4862,286,4,14276.01
3063,300,2,41500.15
5011,287,3,40936.36
1610,269,2,31797.7
5753,206,2,19932.52
5685,266,2,13534.68
4760,204,4,42312.03
4213,299,1,30479.15
1118,244,1,22191.79
1781,219,3,10245.52
2924,286,2,41769.33
1899,230,3,22505.48
5232,223,2,44659.81
3132,290,1,36333.41
3423,280,4,46081.9
1830,289,4,32832.79
4152,278,4,28279.19
4772,219,3,10720.4
2832,253,5,23024.56
2297,206,1,38255.2
1127,258,2,41417.03
4482,234,2,39232.3
2325,259,4,14355.8
3154,268,1,45300.59
3310,212,5,39903.93
1848,256,1,5492.21
2156,215,4,34614.08
1225,258,4,10745.68
4464,224,5,15371.78
1860,267,5,39729.8
1451,237,5,41139.51
3260,211,1,11129.72
5789,264,1,19460.09
3672,234,2,34599.41
1760,237,3,29780.85
2391,254,3,27407.38
4205,271,5,42058.44
4702,256,1,5330.8
4154,254,1,42580.94
4824,287,5,13013.8
2484,268,5,468.12
2032,203,5,24004.82
4632,260,1,19606.42
5907,286,3,20107.02
4185,273,3,15247.74
3523,224,4,31714.71
4551,201,5,11147.69
5143,285,1,22551.5
4992,245,4,27998.88
5835,224,4,16111.8
5002,226,3,33220.72
4033,264,1,1398.94
1751,234,2,48992.77
4146,247,1,7672.79
3591,274,5,23634.16
1947,264,5,44723.14
3014,251,4,27906.02
1866,238,3,30954.64
5394,220,1,11741.81
3227,267,5,44070.78
4558,219,3,11087.15
1813,238,1,4962.12
2696,231,5,48043.44
4542,278,5,8081.49
4161,292,1,18591.04
2334,232,1,4237.65
2631,247,2,23876.97
4976,214,3,292.96
4259,208,4,12620.71
4321,265,2,39470.3
4989,275,3,33290.23
2076,242,2,9129.42
4322,240,1,6032.39
1694,268,4,16326.43
1123,249,2,35502.08
2626,256,2,15606.85
5543,236,4,16726.04
5051,282,1,37042.9
4322,204,2,21604.71
3785,229,1,19305.26
5887,295,1,15884.25
2219,249,5,24777.79
2729,299,2,34024.56
2453,287,5,34434.06
3962,281,4,42688.68
2068,211,1,602.37
2924,284,1,29318.83
5116,220,3,5273.7
5659,285,2,39641.17
3536,202,1,24182.26
3750,235,2,16161.6
3199,218,4,27578.04
3913,207,4,27881.98
3681,214,5,16764.14
1511,233,4,885.52
3934,241,4,49202.57
3762,234,5,27947.79
4684,286,4,29907.41
5433,244,4,42655.67
4127,230,1,19640.4
4976,204,1,42209.21
2485,275,5,42485.26
1336,237,1,48758.9
3649,225,2,10643.05
1276,239,4,10993.07
1114,235,5,3614.87
5654,234,2,34769.93
1874,273,2,43673.88
2852,217,3,12638.18
5827,275,5,1513.79
4690,227,2,27565.35
1242,207,2,9393.68
4087,254,5,12608.48
5431,288,2,8717.18
1039,235,1,20670.83
1740,300,4,31552.75
3788,270,1,39345.68
2099,252,4,37438.6
5023,222,4,1980.92
2816,287,4,38171.51
5038,222,3,31161.54
5390,212,1,6347.86
3928,242,1,8209.84
2942,266,2,38312.25
1164,201,3,1326.9
3398,246,3,22583.29
5257,240,2,12060.38
3030,244,3,14714.41
5555,251,2,18759.23
3897,257,3,22461.13
2977,228,3,33737.36
1136,235,1,31615.64
5101,276,2,31377.97
1089,286,2,14610.5
1915,282,1,28573.06
5356,274,4,7599.6
5866,279,3,11024.63
1392,282,1,17523.4
5122,268,5,46407.83
4693,267,4,19230.88
2300,207,2,49977.17
1569,294,1,39023.73
2591,243,1,49724.2
5631,258,5,40125.35
3687,241,3,17443.8
2842,265,2,15220.27
5793,236,1,46459.16
1904,209,4,1300.31
4284,289,5,17978.23
2610,239,4,41330.66
2561,233,4,31309.17
5002,258,2,32781.35
3001,258,1,34815.65
1299,205,1,10892.51
3910,217,1,4030.62
5485,264,5,5298.09
5282,286,3,4898.37
5795,294,4,23433.98
3226,228,2,48327.3
5784,208,4,6408.2
3798,281,4,47356.51
5156,232,3,42215.74
3676,216,1,38443.03
3163,237,1,15912.86
1014,237,2,15353.06
4977,207,1,39397.07
4293,215,2,12100.11
4602,294,1,27347.68
5000,267,3,30431.99
4920,244,1,30420.31
2143,266,1,28760.66
1404,220,5,21500.93
2946,261,1,15508.3
4674,262,4,8385.06
5658,253,4,21608.88
4647,230,1,9452.21
1195,285,5,12107.42
2262,232,4,17882.06
2602,289,5,28463.19
3781,245,5,31791.63
4371,244,3,5492.73
2740,239,4,15392.07
2962,248,4,3600.06
4009,201,3,19759.84
1269,224,4,39491.22
1255,246,5,17449.66
1806,263,5,41677.26
3862,260,2,38321.18
3568,253,5,16039.92
2797,224,1,41604.06
2253,259,1,46077.68
4850,216,2,10524.35
5356,270,4,48280.14
4077,299,2,42098.66
2670,224,3,27232.78
5765,268,3,38712.76
2433,202,2,39055.39
2782,234,5,38230.67
2659,248,4,11018.03
3104,218,4,33278.68
2931,237,1,12843.36
3377,267,3,10364.33
3657,283,3,4040.68
4411,233,4,8766.94
5261,293,3,15423.3
2784,238,5,28588.2
3488,282,1,6660.68
2815,211,4,645.08
4082,270,3,31392.81
5209,201,5,7758.42
1984,260,4,44115.37
4145,209,2,42779.27
1370,270,1,29910.04
2223,286,4,39957.93
2803,219,2,31286.79
2714,242,4,5620.08
3898,255,1,25205.86
2539,290,5,45213.39
4052,217,2,28217.15
2347,279,4,22484.28
2946,275,1,48384.33
5505,209,1,1019.9
5910,260,4,13093.87
4480,234,5,29504.24
1267,256,1,13071.92
3424,215,1,41949.72
2283,240,2,18555.22
3273,209,3,24291.09
1131,208,3,26857.61
3147,248,1,17223.82
1500,282,3,41500.07
1031,211,3,42952.16
1540,239,5,21822.47
4983,210,5,30233.41
5532,249,5,36749.75
5644,288,5,33573.09
3535,215,2,8363.7
3710,242,5,33269.69
4213,263,2,18548.93
3655,210,2,26666.0
4125,212,2,28674.58
1413,227,2,45391.86
5157,261,3,2040.83
2962,228,2,18115.41
5337,249,4,33422.3
5344,265,5,29303.33
3613,224,5,42812.49
5029,254,1,37656.29
3083,214,1,1636.78
3640,249,5,40541.86
4239,212,1,41264.36
4825,201,5,35281.51
5672,283,3,5110.0
1978,233,3,44902.7
3947,244,5,36660.14
3013,271,3,26521.95
5964,230,1,12485.63
4606,261,3,26819.72
4809,253,4,39946.27
3048,215,5,5038.61
5761,223,5,7056.97
4272,283,5,46750.98
2013,279,3,31135.66
1760,294,5,4032.93
5483,254,1,25244.24
1185,287,1,42280.75
4831,277,3,11063.12
1299,282,1,724.2
3630,257,4,2084.19
1170,233,4,45839.39
3015,291,4,993.34
4261,294,4,3095.76
3098,249,2,6752.3
3289,238,5,32008.94
5062,210,4,29499.14
1111,233,5,33323.01
1937,201,2,30095.97
1607,258,4,35243.81
3885,232,5,45255.82
2375,208,5,31262.08
5373,256,3,48348.0
2695,212,5,24273.29
2025,289,4,8706.01
3290,281,5,8760.42
4726,247,2,20866.75
4177,224,3,33347.12
1208,214,2,43331.77
2998,217,4,35959.52
3636,273,4,35366.06
4349,257,1,39159.02
5500,282,3,36296.63
4696,228,1,13901.0
1750,230,4,37941.95
2330,231,4,23099.93
1188,246,5,28676.14
2649,208,5,26616.01
1742,284,5,24052.58
3933,224,3,38127.34
2939,271,3,34772.72
3637,274,4,11092.56
3346,283,1,8059.81
5808,245,4,19840.24
2171,289,3,43366.33
3238,256,4,40360.05
5766,249,1,21353.42
4938,262,5,29135.36
2227,207,4,6742.5
1591,293,2,149.34
2044,215,3,23568.68
2455,257,2,20602.06
3585,282,3,49353.59
4694,209,1,5807.27
5806,229,1,8575.96
2795,255,2,5804.7
1688,291,1,32109.38
2508,246,1,7172.54
3101,279,4,39375.14
2576,287,3,1325.94
2716,278,3,19347.26
5339,243,3,40649.88
2141,206,2,10459.77
5418,277,2,41317.93
3206,243,5,48672.76
2179,276,2,47760.25
5063,209,1,12973.86
2993,248,5,47308.13
3756,237,2,26359.88
3797,262,4,15265.47
2345,255,3,37481.82
5645,210,5,20886.68
5018,222,4,1105.06
1297,229,2,39379.27
2637,279,2,6023.98
1543,229,3,43549.48
1763,224,2,11376.82
1154,220,3,35703.88
5274,271,1,9607.82
4694,244,2,17670.63
5355,287,5,22337.15
5636,222,1,423.27
1958,294,2,15631.93
4492,225,2,20368.87
2851,273,4,42694.5
2121,242,2,40659.77
1435,205,2,3033.25
4390,297,3,29548.03
4414,255,2,21627.32
2331,283,3,30112.68
1946,201,3,7756.51
4324,235,2,29435.4
3632,215,2,22272.48
5418,212,5,43910.34
1379,282,4,2728.85
3057,220,1,27296.28
2614,260,2,37691.75
5549,208,4,4742.48
5101,208,5,25957.32
4534,277,2,2102.88
3383,251,2,35836.02
2421,236,1,27085.95
2021,201,5,26443.08
5270,253,3,28519.54
4602,214,4,37904.43
3460,224,1,35893.81
5493,222,3,38984.03
5509,293,3,32007.91
3779,285,3,45181.76
4252,290,1,35052.86
5831,221,5,10156.39
5660,216,3,13481.16
5936,281,3,646.12
1440,264,5,30157.73
5302,201,4,17687.78
4764,203,1,14077.14
3667,299,5,20497.73
2604,264,1,27796.62
5965,209,3,44165.01
4241,297,5,30745.45
1692,230,4,9156.89
5999,237,4,4688.63
4425,254,5,43909.92
2836,255,1,9644.56
2329,225,3,21177.82
1961,205,2,23580.2
2593,210,2,11158.79
1154,205,3,13819.55
2122,248,2,11035.23
2402,219,1,35582.01
5287,230,4,24252.38
2962,269,4,7282.5
1431,243,4,454.15
4018,298,4,47152.22
2266,256,1,10951.28
5863,244,4,8706.83
3837,260,4,44754.46
1384,208,4,6655.22
3960,257,5,33195.67
3964,251,1,1797.16
5999,247,3,2171.18
4502,251,2,20814.04
4905,254,5,18711.19
3388,247,5,19941.71
5752,300,5,33257.89
4265,292,4,23576.99
3636,285,1,770.03
4133,205,1,36688.96
3766,240,3,17424.47
4655,219,1,19608.33
4442,294,3,36362.31
3748,277,2,19520.5
4263,204,5,39834.49
3281,293,4,36769.28
3504,286,3,35741.98
1648,263,2,36666.87
2718,248,3,13954.76
3936,275,2,44099.9
3487,255,1,39015.5
1647,283,1,35195.63
1373,273,1,37963.55
1381,225,4,17651.64
1866,237,5,36118.61
4814,296,4,19532.38
4052,225,4,12013.62
1003,211,3,43709.58
5938,267,2,45554.3
2892,250,2,29875.6
4566,237,2,20792.03
5588,232,2,5068.57
5240,212,5,30027.66
1306,288,5,22070.78
2873,201,5,32431.56
3132,266,3,28505.14
5878,254,5,15379.15
5997,236,2,40118.51
5384,293,1,44410.89
4628,238,5,7304.89
2414,266,5,37320.51
1547,291,4,20354.41
2700,286,3,18372.46
1095,278,3,15236.51
1930,214,2,2851.34
1601,223,1,48601.21
2028,300,3,15440.41
2090,295,4,8603.63
4678,262,2,20503.52
4287,267,5,45793.03
5454,246,5,27503.24
4747,208,4,13294.41
4089,247,4,44739.66
4441,231,4,26106.99
2562,202,4,7073.15
4744,210,2,9252.63
4783,298,5,4931.44
4236,243,2,20334.01
5294,254,1,40892.17
1952,298,5,15509.05
4406,280,5,40064.13
3429,215,4,46473.65
3224,248,1,22904.3
2389,259,2,37106.58
2957,275,2,3705.91
1114,241,1,42731.76
2829,283,1,29592.09
1212,222,4,15189.78
5653,237,5,19803.78
5093,292,1,1481.22
4093,203,4,19696.6
1359,232,1,7452.48
4137,246,4,14697.08
1133,272,5,15626.36
1673,225,1,42769.58
2366,276,1,22640.48
2601,290,4,26096.77
2760,287,1,40556.78
1248,223,4,44242.83
1657,253,5,11469.03
1111,299,4,39427.68
1603,275,4,48967.6
2295,268,1,19783.65
3197,215,5,34784.06
4739,252,5,27659.97
2390,288,1,13614.54
1115,216,3,49037.01
3960,241,3,962.39
2592,266,4,16263.51
5370,215,5,4176.13
2403,282,4,7822.76
1572,204,5,28558.21
3010,253,5,22058.6
2657,254,3,36124.45
1246,299,4,44403.98
5639,271,1,10836.8
1709,255,3,15511.56
4425,258,4,4776.31
5821,212,2,36563.46
4797,248,2,33420.6
2500,248,5,41964.45
2780,297,1,48754.48
5444,268,3,28978.02
1811,201,3,45649.26
1278,230,3,13399.06
3342,271,1,4578.54
5894,217,5,26297.23
4882,213,5,5852.79
1640,226,3,26447.84
2013,295,2,49393.09
2645,216,1,16995.45
2316,204,3,11407.08
3760,201,5,17954.6
4574,249,3,1391.09
1632,285,1,3715.8
2626,211,3,24776.4
2332,225,1,25816.27
4565,287,3,25220.51
3592,250,4,4247.88
5172,227,2,28558.64
1566,202,2,10386.28
2095,236,4,4365.6
5865,251,5,20769.05
4626,290,5,44359.25
4290,224,2,26448.36
1354,275,4,38953.93
2835,258,2,22160.96
1620,252,3,13316.79
2955,210,1,38070.97
5912,278,4,36251.55
3195,235,3,5040.43
2243,244,4,40644.53
3957,286,4,19001.31
3140,226,5,44018.59
4466,259,4,21230.4
1481,206,5,48445.46
3571,218,4,32574.8
5958,266,5,42888.14
1323,205,1,13686.39
4452,293,2,23067.54
2235,286,5,2369.96
5520,296,2,21114.89
2330,281,4,23471.38
2311,282,5,4484.56
5836,228,1,10174.15
5129,267,1,29077.55
3142,278,5,30171.7
2285,280,2,44335.8
5714,204,4,30216.33
3981,277,3,441.39
1875,286,2,10544.34
4653,204,1,13114.91
5452,290,5,43456.01
2555,256,4,9199.14
4281,263,5,48889.58
2920,293,4,17859.09
3500,284,2,26408.25
3012,233,1,32785.95
3994,207,5,38515.39
3627,290,5,9352.28
4730,252,5,257.69
1446,204,4,45665.1
5506,278,4,44861.43
1690,224,1,29157.47
1830,224,3,43886.9
3910,201,3,27820.73
1435,270,3,4561.55
4858,229,3,6522.89
5952,224,4,24187.93
3422,232,1,17280.58
1421,287,5,20611.57
4937,215,2,3138.71
5105,249,4,44296.92
3828,294,5,5804.06
1382,277,1,29255.16
5686,287,1,5924.33
2047,255,2,21918.79
3055,252,1,33762.04
1592,292,1,12443.42
1583,216,5,22434.03
1942,260,1,274.75
3981,221,4,6967.9
3866,208,5,1142.55
1039,300,5,26628.28
4950,256,3,44988.93
3624,227,3,24282.61
5324,225,4,47454.17
3566,289,4,23576.71
5426,281,4,21524.38
3353,248,2,26717.88
1669,284,2,40663.58
5823,255,3,28130.96
1241,226,4,29906.43
3740,274,2,30268.53
2854,270,4,4676.82
3787,228,1,30873.95
2753,284,1,35963.7
2972,255,5,19192.79
5134,245,2,12803.63
1213,208,1,16056.26
5762,291,3,3902.15
3224,266,4,1288.82
5048,218,1,37421.58
4787,284,5,24256.15
1731,244,4,46173.24
2752,243,1,5930.03
2416,277,1,10471.45
3870,296,5,32289.23
5351,253,1,42002.06
4921,299,3,43552.22
5400,300,1,41601.63
5112,215,3,21748.0
3953,222,3,27912.89
1066,286,2,28119.14
3064,246,5,18720.87
5393,260,2,36446.29
1623,249,4,36464.03
4422,218,3,37057.72
4735,276,5,40216.16
3257,242,1,34900.51
5573,261,5,42468.15
3145,283,3,42266.94
3745,212,4,48610.66
3009,252,3,20348.25
4696,258,5,41865.04
4861,253,3,5300.04
5401,250,2,38233.09
1475,266,2,16450.45
4750,217,1,19574.93
2780,295,4,28621.93
1611,292,1,44690.67
5792,295,4,35776.83
2977,235,5,19627.77
2126,269,1,17821.03
2282,232,3,33661.48
5899,214,4,10387.88
4139,289,1,18432.09
5666,253,3,35693.76
3096,230,2,3884.66
1321,262,2,10665.05
3571,223,1,27241.81
4995,204,4,21508.81
1222,245,4,24159.88
3662,250,2,5574.86
1419,265,4,37157.3
2049,241,1,1476.69
4110,280,2,21384.94
5962,286,4,43873.64
5700,257,2,18784.73
4076,276,3,5413.34
5693,234,1,44641.99
4960,268,5,35658.65
1958,247,1,41865.65
5460,254,3,37145.2
1643,226,3,20175.39
3839,285,2,31440.15
3943,260,3,44114.0
3541,239,4,42453.37
1360,263,2,22089.07
5439,250,2,1340.4
3693,229,2,40547.33
1335,279,5,4117.55
4518,208,3,21583.86
4054,299,1,28092.16
2983,289,4,21919.29
5044,292,1,28560.4
5339,224,3,42081.57
5828,257,2,25869.55
1519,209,1,31621.17
5784,267,2,24079.47
1725,300,5,43437.75
1753,254,3,32260.47
3348,208,4,33812.2
4235,278,2,4978.7
5662,217,5,7387.42
1222,202,1,11424.48
5065,228,3,10052.64
4388,272,1,24459.98
2425,237,5,35376.49
5608,237,1,30746.28
1549,245,4,7974.46
3333,226,5,23006.76
5601,281,4,30142.72
4665,296,1,1137.62
5487,237,3,15732.65
5277,276,2,26231.23
2120,241,5,35937.11
4661,281,4,8005.12
2211,272,1,29025.9
5741,276,5,37608.62
4158,232,3,10530.52
1319,241,5,37148.36
1022,243,4,14267.42
2891,232,5,42305.97
1522,244,4,43838.05
3838,261,3,33866.54
1943,294,3,19798.46
1242,225,2,24521.89
2627,270,2,29570.16
1695,236,5,12703.72
3783,245,5,36616.86
5329,224,2,789.79
2276,260,2,26548.61
1296,208,3,4223.09
1123,250,1,41773.32
4131,285,3,49565.64
4344,212,5,554.12
2327,283,5,48528.15
1589,229,3,19800.15
3329,208,3,28240.68
1539,251,4,36537.33
3531,220,1,42083.34
2747,282,3,44517.43
2969,252,5,28149.08
1068,243,1,37315.8
1675,244,2,5738.84
1834,274,1,36250.28
4254,203,3,11079.31
4952,297,3,38928.93
3414,205,5,39464.25
5313,238,1,24727.98
3546,251,1,27978.73
1169,231,2,40085.3
4505,218,5,8158.8
5235,278,3,10979.48
3889,210,2,16200.32
4415,229,3,47036.82
2203,274,1,29868.36
5300,236,1,36083.2
4492,218,3,19908.88
5435,296,1,5456.82
5764,293,4,10186.41
2162,228,3,46583.8
4773,220,2,27709.47
1361,221,2,26905.94
5521,234,2,3207.2
4966,267,2,47306.15
3210,285,2,7198.61
2144,251,3,13562.99
1256,285,3,39508.56
2976,217,4,20284.71
1268,237,4,10134.84
5227,235,2,42168.16
1855,277,3,12320.82
2836,217,5,47654.29
1634,283,1,14533.37
1213,265,4,19993.68
5196,262,2,18295.02
4036,248,4,24703.36
2644,248,3,19350.99
2322,243,4,44278.97
2534,289,2,30674.13
5705,231,1,31286.93
3889,238,2,21798.91
5016,233,5,17454.47
2248,264,4,19218.04
2530,223,1,17345.82
5378,216,3,19208.34
3995,295,2,34184.23
5893,255,2,35832.79
4466,245,1,44521.91
1980,265,2,29161.57
2260,207,4,3158.11
5451,292,1,31337.21
3972,213,2,17246.68
3271,234,4,33170.83
2617,204,1,3227.91
3714,238,1,8082.79
2529,237,1,13929.01
2488,251,2,3916.56
2655,259,1,7796.76
1825,220,3,14147.25
3598,269,5,23314.82
3588,277,3,9226.14
3488,267,2,39413.6
5350,201,5,23815.46
1719,249,3,43203.59
1132,240,3,30068.51
1976,212,4,44866.88
1504,295,5,18475.92
4497,220,4,25764.03
2833,211,5,49026.1
2956,283,2,4226.06
3538,204,1,44263.25
1774,202,3,13961.62
2055,238,4,37697.14
5879,275,2,35549.49
1988,236,2,47920.64
5515,230,5,10619.56
4939,207,2,45550.61
1346,299,4,31277.93
3717,271,1,42607.56
5240,275,3,23203.18
3975,251,4,24642.89
5789,265,5,13248.99
2106,233,1,42965.63
1521,228,5,28063.2
5406,204,3,38820.82
2806,255,1,38190.54
2446,226,2,23360.26
5397,242,3,31772.7
5550,266,4,22995.64
1350,238,5,30626.41
3146,246,3,24579.03
3548,234,4,3208.74
2635,218,1,30895.33
2270,298,3,42537.84
1792,234,1,27545.1
2859,220,2,2811.56
5826,210,1,10787.72
2097,267,4,1048.74
3968,230,4,2047.6
4590,285,4,2875.24
2969,202,4,12698.63
5426,209,2,15694.21
3153,234,1,20203.29
5195,241,3,5866.03
2621,256,4,10600.27
2123,229,2,12716.34
2536,252,5,19456.85
2793,228,3,12027.12
2141,277,5,12577.12
1677,235,3,2364.48
5425,241,1,18507.54
5712,269,5,4969.06
2204,258,3,24751.57
5411,266,3,21848.29
5374,263,5,7196.63
5019,268,1,41314.05
4966,287,5,21171.94
5807,237,1,25170.01
3114,228,2,5638.39
2494,234,1,22767.32
4279,227,4,8429.74
2409,257,5,17745.61
3604,246,4,11199.62
2488,204,3,30732.69
5841,209,1,2828.1
2601,234,4,28959.5
3876,213,1,477.27
1851,284,1,18746.44
4382,276,2,38628.55
5560,283,4,45084.52
4825,220,5,5841.25
3453,220,5,43437.19
4520,271,4,26777.4
3773,229,2,28009.7
3047,281,5,32803.62
1357,279,2,28927.43
5057,205,3,27661.29
4190,246,1,34418.73
1877,271,1,47896.84
4447,214,1,21747.06
2456,248,1,1004.19
5994,284,2,11299.31
5863,260,1,40692.46
4114,267,5,11048.34
3458,252,2,26404.81
1355,270,4,25729.32
2314,243,2,42411.84
3756,271,2,46995.75
2315,219,1,29257.37
5210,281,1,28952.31
3391,267,4,28716.94
5378,272,1,24338.58
1550,264,2,2028.47
1049,287,2,49803.34
3469,243,3,10063.44
4973,296,3,27739.88
3713,202,3,45049.75
2791,252,2,36058.4
2998,277,3,49000.67
5113,260,5,41262.13
1790,270,5,565.19
2802,226,3,3006.05
5501,284,4,1030.89
5344,256,3,3403.28
2904,230,5,41950.52
4668,282,1,19582.18
5849,231,4,3163.43
1098,213,4,16135.51
3599,265,4,16405.95
3654,207,2,27205.0
3545,244,1,42488.3
2606,218,2,18216.58
4503,282,4,844.63
3192,287,2,15205.23
3708,267,1,26937.43
4282,224,3,49497.0
2600,299,1,27350.44
3820,277,4,5640.93
3959,296,2,5893.26
3002,240,3,31149.38
4693,224,1,23392.52
2273,221,3,7378.63
2979,250,1,31620.55
3769,293,4,14430.37
2313,214,1,25429.75
3772,299,4,43213.68
1547,280,4,38956.34
3274,283,1,28797.02
5758,215,1,23740.79
1962,259,4,13599.96
4750,220,3,38919.49
1945,271,1,32850.31
3065,285,1,49175.51
4413,295,5,36551.92
1279,288,4,19083.94
1798,290,1,35850.35
4756,204,3,37163.65
5193,264,2,20689.56
5192,242,2,7975.64
2567,243,2,16556.93
3734,270,2,36473.2
5014,250,5,12669.36
1835,296,5,16139.47
3737,280,5,36491.24
1411,300,2,18843.57
2268,207,2,5148.89
5555,281,1,42826.51
2028,229,5,37149.32
1389,209,4,24765.86
2384,267,1,1524.56
2758,281,2,7401.86
3590,286,4,9188.88
4517,263,2,35908.29
1740,268,2,24265.91
2922,212,3,49925.13
1705,202,3,41253.11
3808,236,3,41218.48
2040,210,1,25458.52
4658,221,4,13987.63
1480,266,5,1866.61
1892,225,3,42120.78
3090,278,2,24086.9
4332,241,5,13527.21
3067,280,5,27360.0
3409,271,4,3460.92
5603,208,5,21208.98
5058,240,2,2893.93
4876,296,2,10685.43
2156,242,4,24782.17
2271,213,3,37857.44
5339,294,3,38403.82
2335,268,2,47522.53
3099,256,4,23822.46
2949,234,5,35488.46
2458,265,2,41418.18
4939,291,2,4249.1
5205,272,4,15179.6
4433,237,4,32756.74
1011,291,2,5540.71
3298,284,5,7950.86
4848,277,2,35073.63
5301,248,5,15061.52
4120,234,2,19765.56
5705,217,1,45338.86
4084,252,2,22218.53
1274,293,3,7590.64
5519,224,4,49757.12
4428,201,3,17262.89
3017,239,3,4940.33
1410,276,3,17709.67
1349,273,4,14877.39
1774,284,3,17418.83
2417,290,3,46509.9
3359,274,1,37549.27
1021,229,1,26399.84
5843,268,5,15832.99
4937,226,1,26881.96
3710,267,4,4789.18
5660,212,1,43984.71
5716,292,2,13329.39
1667,273,5,18706.54
5177,286,4,43553.04
5003,264,3,2271.91
1242,240,3,46802.4
2825,258,1,23580.87
3510,227,5,8843.02
4087,235,4,39580.08
3111,254,5,35247.03
4765,281,3,30726.19
3369,271,1,47405.31
4623,239,4,21084.71
4098,299,1,26559.92
4894,278,5,2858.19
4688,204,2,4368.38
4216,290,2,34473.78
2212,255,3,4597.87
4034,239,4,49235.81
1362,243,3,6166.83
4724,256,3,25509.57
5162,256,1,17344.39
3587,218,5,12693.63
5876,276,4,33631.88
5964,295,5,35879.39
2431,258,3,14861.15
3487,245,3,45620.5
2460,216,5,11709.31
5478,274,4,3705.79
5224,243,5,8056.42
2356,272,1,23415.63
2735,248,3,34646.96
5542,209,3,12756.29
4925,223,1,1657.01
3591,222,3,3834.1
1782,249,2,25613.28
3086,283,1,17498.39
2891,236,1,24053.02
1223,235,4,41022.1
4285,277,1,40376.93
5893,237,4,3083.79
1582,233,2,33499.38
4573,278,4,6882.38
4808,286,3,27760.58
4297,231,3,27853.59
1032,228,5,19706.13
4273,295,5,26321.08
3813,298,5,12349.38
1282,269,3,15314.89
5476,277,5,48351.24
3692,259,1,2416.85
5089,223,5,9613.49
5108,269,4,48820.91
4750,270,4,42379.43
1038,220,1,27490.14
2969,294,5,44221.4
4864,262,4,13772.93
5998,233,2,31995.95
3611,248,5,12449.94
3112,269,4,17673.62
1379,244,1,26520.97
1846,299,1,37482.44
3148,238,3,40349.61
4060,284,1,19915.18
4126,272,2,5831.38
1473,258,2,38740.43
2259,291,4,36150.71
2455,229,3,46861.33
5672,204,4,34758.41
2080,264,1,44180.33
5822,211,2,38962.25
5367,277,4,27970.3
2009,247,3,49966.49
5874,266,5,24532.7
5345,281,4,9305.71
4274,260,2,42704.73
5497,288,4,4281.64
3522,269,2,39188.08
5587,206,3,3041.69
5113,252,1,31372.78
3031,262,1,33492.71
2494,286,4,23946.85
4638,268,1,32764.27
4491,215,1,6378.37
3612,294,4,30513.61
1015,209,4,5307.18
3557,286,1,37246.37
2812,250,2,12104.65
2957,293,2,46252.14
1490,276,5,16443.53
4305,296,4,3599.11
4382,296,2,9954.79
4553,279,3,47986.37
5454,249,5,18075.81
5682,246,4,39434.12
2569,245,2,46522.59
4880,257,4,44263.93
1796,233,5,1825.67
4623,277,4,38070.15
3903,264,4,10580.35
1653,256,1,1120.0
5053,217,2,14182.83
5651,261,1,26112.99
5629,266,1,5435.9
4593,201,1,19017.88
4884,263,2,16348.33
3373,205,5,26067.84
2388,273,1,38312.33
3242,213,5,41502.01
5217,202,5,48147.8
3316,279,2,47302.56
1366,233,1,24322.37
4461,253,4,29032.13
3009,236,5,38313.98
5021,254,1,37579.01
4044,206,4,4203.69
4928,229,5,9744.12
5499,223,3,43479.64
5714,238,1,2402.87
4424,255,4,37578.9
5215,226,5,38124.39
3111,265,1,22498.4
5309,298,1,35334.66
3411,292,2,4673.86
2567,261,3,33641.03
1977,272,4,18157.24
2060,211,2,49727.64
2310,298,5,35890.9
5444,225,4,49826.55
3038,269,4,9429.32
5923,283,4,45208.78
2627,245,1,7401.34
5299,209,1,24081.84
2893,218,4,6124.43
3064,221,1,38152.84
2191,239,5,10641.72
4261,233,3,43078.47
3884,288,2,30401.67
5102,293,1,14620.35
3840,225,2,43922.5
2159,281,1,44302.92
2571,216,5,43060.62
5295,251,3,37109.71
5722,291,2,25210.8
1884,269,3,48115.78
2892,229,2,2103.13
1631,212,3,41450.35
1793,201,2,40242.93
5634,262,4,27487.24
5823,276,3,34657.4
2188,242,2,37537.97
2908,268,1,46731.87
3041,243,4,14217.16
3709,210,1,32169.98
5621,277,4,10191.2
2733,205,4,49806.29
3511,237,2,39364.65
3351,245,3,19962.36
3982,221,2,40041.19
2285,237,1,24709.87
5634,287,3,8022.22
1117,297,3,8437.98
3771,254,3,36232.96
2307,210,4,29552.46
4221,237,4,31828.58
1433,202,5,42804.93
5334,243,1,38021.78
5950,234,5,29322.55
1450,287,1,17515.09
3686,249,4,36327.28
1294,294,3,11854.78
1585,213,2,34932.33
5359,211,4,535.03
2471,273,5,33208.09
4349,286,3,25073.94
4365,249,1,43128.17
5516,245,3,24948.34
3308,215,4,21024.1
3041,291,3,18065.27
4322,230,5,10506.32
1969,239,4,34990.87
2837,297,2,34538.14
1082,246,1,16116.74
4204,287,5,36522.41
2118,283,2,8335.55
5826,261,5,18911.91
5644,211,3,9708.27
1358,249,2,18323.84
3267,295,1,31678.71
3445,237,2,21739.64
5677,202,2,1965.56
4184,247,5,49435.21
3830,211,4,48795.85
5439,204,4,7790.43
3057,283,5,21894.6
5566,246,1,8403.72
3958,282,2,36770.42
1541,213,2,10560.53
1934,216,2,41009.76
5034,243,5,30979.07
2853,276,3,16203.33
2211,220,3,30718.47
3312,222,5,30919.68
5205,243,2,11168.12
4588,264,4,41347.52
2753,223,3,19879.51
1116,258,1,39684.62
1817,233,3,22057.07
2899,289,5,44288.6
2728,244,5,43605.34
1158,283,3,16462.77
3320,217,3,40743.21
4174,203,2,31128.09
3924,293,5,3473.6
4923,278,3,9960.39
3408,272,4,21001.05
4858,268,3,26886.23
1594,254,3,42084.79
2534,212,4,20394.5
3830,205,4,5814.71
2647,224,4,22332.68
1332,273,1,10774.65
5115,299,1,25624.77
2043,226,5,28780.72
2924,250,3,13049.03
2636,237,5,32364.09
1565,211,1,22786.37
4315,266,3,4808.95
3600,291,3,29168.64
3384,207,3,13300.05
3916,280,1,630.44
1116,253,2,45411.75
3841,231,4,39921.47
5070,252,3,15234.73
4626,225,1,42609.79
3066,256,2,44579.45
2759,264,5,21527.02
1067,260,5,25418.97
3374,247,3,48075.19
1275,212,1,5893.9
2089,293,3,28455.03
3112,251,5,21354.82
5433,282,2,22431.03
4189,287,5,24556.47
4637,216,2,48230.97
2495,241,1,23107.1
2979,241,2,38612.97
4027,201,4,35514.47
4425,239,2,44713.26
2243,204,5,39894.78
1242,281,4,13192.25
3000,221,4,11691.45
2894,203,4,36786.66
1086,264,5,14575.4
5633,236,2,31350.2
4507,247,1,3925.32
5911,218,3,44254.32
3818,276,5,49232.66
3422,289,4,32269.02
4507,270,2,6870.95
5504,295,2,31676.91
5528,208,4,45205.78
5542,254,4,28799.25
3811,299,2,11323.48
1003,221,2,9027.34
3978,288,3,44231.22
4605,289,5,22882.04
1927,273,2,40689.29
5520,240,2,2972.33
2119,289,4,7300.9
3414,221,5,9863.49
3767,248,2,46109.13
5878,220,1,22618.87
5102,202,3,24080.6
4676,256,5,26128.96
5764,256,1,26737.77
4409,243,2,12939.41
2540,233,3,26692.58
3346,202,2,42200.71
5698,215,4,32520.36
4174,224,2,19013.24
3616,272,5,29703.48
4308,247,4,38713.46
1036,252,1,33095.33
2093,239,5,49252.39
5289,253,4,16550.18
2159,246,1,3549.41
5650,227,3,25502.49
5614,238,4,2895.02
1376,300,4,47293.0
5587,204,3,6151.63
4882,256,5,45472.17
2572,248,5,2277.86
3181,222,1,43690.75
1840,293,2,29234.01
2719,294,1,21291.71
1658,266,5,23883.34
1678,206,3,29521.88
2207,207,4,12194.03
3247,286,2,34124.3
1847,222,2,23576.58
2567,255,5,16326.65
4765,283,4,27752.64
4608,255,4,48716.95
5670,236,3,47332.64
5557,253,5,895.26
4425,237,2,29909.51
1765,220,2,2781.28
2071,207,4,4443.15
1179,285,2,33954.0
5242,208,5,15481.18
2594,284,3,49953.6
4383,273,2,6982.82
3442,252,4,37560.34
1198,228,4,32244.12
2388,277,4,30295.12
4358,291,3,36521.38
4880,267,4,14566.6
4241,264,3,38903.86
5319,229,4,44219.6
3218,224,2,19024.12
2905,218,1,36087.87
1214,258,1,4304.35
1459,225,2,23333.78
5309,280,1,6993.49
4674,259,4,30382.14
1998,235,2,13781.53
3281,228,5,1686.25
3199,265,2,41617.34
4564,210,1,37567.08
2133,206,3,46216.08
5108,280,3,3126.06
5961,253,2,44657.12
3999,277,3,18654.26
3684,281,4,3752.83
1842,212,5,14081.52
3152,289,1,24748.22
5989,212,2,15577.41
1287,219,2,323.78
4960,241,3,19559.89
4178,242,2,4263.81
4965,202,4,30612.06
3452,250,3,44704.14
1971,209,3,19181.13
5774,273,4,48918.33
3611,251,4,21884.63
3703,242,1,40882.65
3207,248,5,30908.89
4042,290,4,3272.25
5797,284,1,47202.88
3863,260,2,27393.88
5178,236,2,31342.37
4083,282,2,12118.85
3401,297,3,18623.24
4805,210,1,37306.62
3249,246,4,42219.95
2031,261,1,43306.28
4342,229,1,29035.23
2502,291,3,34049.51
3491,234,3,1341.87
4903,253,3,19228.54
1333,297,2,10985.01
2720,223,5,25261.81
3552,291,1,49010.34
4600,227,5,13501.89
1132,286,2,15901.75
1147,221,1,47236.68
4284,263,3,20295.31
4916,257,3,34676.58
2880,299,5,18465.52
5370,256,5,38822.09
3107,206,4,41549.06
3972,214,5,3428.38
3651,257,1,11492.32
5913,278,4,46119.19
4207,254,1,5456.79
5743,213,1,7092.42
4531,238,4,27160.9
5692,297,5,7657.07
4865,217,4,20843.13
5092,279,2,35550.26
5442,258,1,23047.17
3021,260,4,18105.02
3546,248,2,31690.39
1270,273,5,25267.67
2030,201,5,6588.99
4544,230,4,23027.89
3349,255,5,26061.33
4998,208,5,37907.9
4542,209,5,9475.11
4390,242,3,32469.73
1250,296,5,36136.45
5773,251,1,47207.93
4685,250,2,23010.34
2783,244,1,34855.67
1855,230,5,6240.59
4805,285,4,988.44
1181,252,2,42640.83
3530,256,2,44317.55
4724,231,1,45131.48
3845,265,4,710.84
5698,203,5,39125.56
5159,298,5,41075.58
3357,223,2,45232.84
3518,253,4,11384.36
1748,263,3,14204.56
2141,224,4,32878.99
3352,231,1,25992.69
4388,261,1,36545.01
4085,250,5,2472.19
5391,273,3,3989.89
3026,205,1,17578.14
4273,273,5,11870.37
1586,275,2,43544.4
5862,217,2,28433.75
3133,210,5,42874.41
2093,240,5,39863.95
3396,282,5,15755.02
4110,210,2,9296.74
5038,258,1,15983.98
3047,259,3,14444.31
2706,287,5,10741.6
1426,210,1,30189.29
3839,228,2,3661.44
3591,262,3,39080.62
3004,215,4,784.27
4470,290,5,17455.14
3766,262,3,10498.1
4748,203,4,5896.39
4349,273,4,22067.31
5607,227,1,17031.14
3921,255,5,49559.24
2152,274,2,41843.98
4624,250,5,41780.5
1056,257,1,27413.07
2700,300,4,38246.98
1080,264,2,27052.61
3564,241,1,9718.62
5409,233,4,31206.63
2492,246,3,11456.92
1950,227,5,49931.35
5603,209,4,8349.97
3564,242,2,49076.22
2671,276,3,15662.3
3485,213,3,24970.77
4188,274,3,37354.47
2282,294,1,15945.24
2542,242,4,7595.18
2224,203,1,29120.85
1357,224,2,14178.79
4267,298,5,2757.63
1456,276,3,24543.27
2119,265,1,16398.12
1879,285,3,45063.56
2634,214,3,4918.22
4861,232,2,6530.73
1884,288,2,19164.32
1775,249,4,15979.13
5664,299,3,39656.9
5210,248,1,49476.8
3949,239,5,6033.47
1063,252,3,31800.91
4686,289,2,35112.27
4913,201,4,23974.19
4728,274,2,40038.03
4024,260,1,40489.31
5663,250,5,6707.65
5048,236,5,1439.88
4291,294,1,38679.49
4049,225,5,37709.69
2033,286,5,4681.49
2659,232,5,39302.84
1579,226,5,29185.55
5082,292,4,12379.89
1513,229,4,28415.94
5816,290,4,44888.01
3467,265,1,3566.82
3246,230,2,40425.65
5914,211,3,17514.76
1109,223,5,12275.23
1316,260,3,39859.4
1403,234,5,23861.42
1914,223,2,19896.39
4751,254,3,30764.16
3045,237,4,21243.2
2686,283,4,8456.32
4059,280,5,15141.27
4069,204,4,13127.38
5114,224,5,30226.19
4425,223,4,40592.4
3044,273,1,22098.6
2140,217,5,19329.7
1445,296,1,30364.9
4831,219,1,25826.07
2840,206,3,21253.91
3322,232,5,21797.07
1515,265,4,25574.58
3202,207,1,12508.37
1776,260,2,19602.32
1424,226,5,37307.2
3358,257,2,41887.41
3412,240,3,38273.64
2671,234,5,17000.83
1316,243,5,2172.64
5599,260,3,13541.36
1341,276,2,10906.21
4969,251,4,9375.01
1430,224,4,48945.05
3932,292,5,34310.62
5257,258,2,43639.31
5583,273,2,26859.69
4492,245,4,29446.97
2656,210,4,19673.63
2217,290,5,563.98
1772,211,2,48847.15
5665,252,3,20978.26
3444,299,1,43978.94
3240,288,1,38288.38
3310,233,1,49426.01
1658,285,3,13611.46
1217,215,2,38457.32
4145,296,4,10966.02
4711,215,5,30739.38
4769,271,5,6385.51
5536,246,4,49847.13
4526,210,2,46765.92
4551,254,5,48250.97
4403,235,5,22773.66
2561,283,3,12334.92
2525,204,2,47372.55
4358,260,1,2929.7
3708,298,5,26032.38
2742,210,3,5117.3
3929,203,2,43940.67
3243,271,5,27143.64
3559,247,5,20673.14
2082,287,4,27823.66
2188,296,2,47858.81
3474,270,5,40254.69
3594,206,4,11352.94
1666,275,1,3856.38
4128,279,2,48629.34
1234,222,5,30714.5
4909,205,5,17415.34
5788,245,3,11406.57
5004,267,1,23002.27
3694,214,1,1494.15
4317,269,3,32055.63
4165,250,1,49490.37
3126,247,5,30265.44
3339,267,4,37141.32
5242,263,1,247.15
4087,219,2,6663.14
5069,211,1,18099.87
1063,224,5,6813.82
2008,255,5,37096.6
2566,266,2,20976.37
3974,275,1,49076.58
2195,250,4,27234.05
1470,278,1,7978.47
5269,250,3,23256.95
1052,282,4,43325.25
5184,212,5,17517.29
4295,266,1,26914.61
5346,276,4,2827.79
2043,233,4,38574.77
3268,254,1,17308.63
4646,264,2,37961.57
2105,224,1,35631.33
4800,276,1,17226.85
1602,236,1,37964.96
1086,279,3,36643.27
1035,289,1,41486.46
2347,221,1,33966.66
3206,250,2,5459.52
1479,217,4,20559.49
3709,272,3,26833.66
4243,273,3,31867.99
4735,269,4,28550.1
1020,228,3,17175.68
2480,284,3,20046.11
4070,208,2,39453.73
5388,260,4,40838.67
1201,227,2,31033.3
5512,274,4,19847.42
5441,245,5,25938.15
2816,258,2,21573.17
2465,243,3,12608.27
2134,276,3,3903.74
5353,266,2,47237.18
1079,221,5,17853.41
5190,265,3,37548.3
2274,234,2,17933.42
3526,223,2,11486.11
5479,210,3,4009.6
2192,272,1,5028.26
5960,260,2,17202.14
2515,287,1,36993.85
1952,209,3,6608.11
3133,231,3,12036.14
4582,259,3,10540.02
5788,258,4,46500.48
1679,279,4,35820.75
3019,265,3,41166.27
4465,269,5,48750.99
2777,275,3,28208.46
3397,209,1,44260.23
1563,272,1,43731.07
2810,260,4,7681.39
4129,235,5,22679.92
5003,235,3,38341.48
5169,259,5,45200.13
4843,288,4,41511.02
5401,292,1,16516.7
3822,280,2,32050.7
5662,237,2,48290.54
2727,205,1,22167.92
4993,247,4,28493.8
4837,232,2,13908.1
1897,227,4,24580.95
5311,238,1,23846.54
1721,251,5,23394.18
2360,283,4,39722.04
3376,230,4,6623.54
1938,209,5,25530.08
4302,237,3,45524.87
4437,291,4,14212.7
4938,300,2,25363.19
1118,250,5,13468.2
5289,232,1,3300.69
2088,208,4,25754.25
5480,242,5,29875.58
4495,230,1,7388.1
4021,266,3,3587.34
4704,265,3,34280.76
5211,234,3,4119.06
5479,260,5,26320.29
5252,249,2,5335.97
5619,204,5,3902.54
3856,274,4,32216.23
1273,297,5,17803.81
4584,273,3,19973.07
3198,285,4,5370.59
5495,225,3,47405.9
3938,300,1,48101.99
5391,224,4,19519.46
3195,220,3,19182.27
4838,277,4,18794.98
3197,298,5,28112.27
4594,300,5,30126.96
4361,280,3,32743.37
3963,251,4,12916.49
1471,222,3,9246.4
5820,253,2,23124.37
2447,237,1,5394.17
1920,244,4,10591.77
3557,300,3,13121.27
3596,270,2,2860.89
1688,247,1,30734.65
4538,266,5,20245.86
2921,287,1,28615.52
4573,236,1,28856.29
5546,262,2,38231.0
2033,279,5,46602.82
2857,246,3,13064.27
3400,203,2,29425.27
3872,236,2,36707.82
1653,220,5,28650.98
2293,247,4,7595.92
1182,202,4,19024.58
3672,201,1,43149.05
1708,298,1,4331.29
5650,290,4,23753.58
4799,231,4,12740.04
2836,214,1,25156.01
3047,231,4,19672.71
1429,270,4,4795.83
3077,253,2,9236.59
1578,236,1,3394.79
1189,285,2,9314.58
2888,285,3,20803.57
3237,214,5,12978.66
4811,240,2,16580.62
1722,285,3,26866.82
4706,225,2,15487.02
3248,294,5,45540.73
2714,282,3,22915.19
3225,208,4,754.26
2340,235,1,49886.82
4455,207,4,11762.73
3010,225,5,2831.86
4666,219,4,8405.2
5827,272,1,41089.61
2985,272,1,22441.77
5301,258,2,25470.01
5778,224,3,22242.09
5045,251,3,40623.69
4060,222,5,18016.49
2146,204,3,1054.4
1707,206,1,43349.76
1638,217,5,29525.63
1149,232,4,29192.61
1615,234,5,45038.78
3489,247,5,23709.11
4270,224,5,48529.16
3604,282,4,1126.13
3428,261,1,17334.48
1371,298,1,19519.42
5430,300,1,40054.53
5374,237,2,18523.46
3286,244,2,15100.33
5609,297,3,15152.92
5092,212,3,36070.88
4986,276,5,8151.61
5561,252,3,25466.73
3107,300,4,22429.06
2645,210,1,118.01
3039,287,1,36113.52
3368,264,5,18696.61
4260,283,5,17550.27
2748,221,2,12322.53
5228,299,4,46944.78
4190,275,3,1508.42
1815,216,5,45585.02
5813,223,4,11026.32
3643,230,5,32687.99
3190,232,4,14587.69
4143,260,3,32755.25
2166,284,1,1045.72
1274,244,5,32526.05
3134,222,5,26339.33
3227,292,5,21565.64
4202,218,3,15711.99
5964,215,3,1812.94
5556,217,1,30586.16
5269,277,2,26947.05
4889,236,2,13045.65
2989,233,5,20117.3
1698,266,3,4118.34
2510,241,5,41221.7
2955,273,3,23035.02
2074,221,1,35770.92
5302,243,4,30090.39
2222,212,2,27267.39
2154,270,4,22971.96
5607,297,2,41333.65
3402,250,4,35561.97
3232,235,1,24761.36
1914,255,2,23019.95
2031,224,4,40426.68
1298,233,5,41077.38
4316,206,3,8515.02
5169,267,3,33600.65
4423,218,3,32706.22
4573,278,2,38563.86
1067,244,2,32132.9
4765,235,4,35069.37
4527,286,3,49240.15
5235,204,3,10575.24
2165,232,2,32541.98
2227,276,2,30074.79
5333,269,2,29349.33
5209,227,2,33844.78
3943,219,3,22899.73
2516,285,3,37716.55
1212,297,3,41191.09
1166,255,1,33381.2
5088,286,1,41799.78
4838,208,1,7654.22
5802,209,4,34151.89
4187,250,4,36592.29
2347,214,2,25755.18
2052,264,3,18141.8
3272,206,4,2804.95
1605,278,1,30285.66
4627,201,4,39081.93
3124,232,4,36259.87
2342,244,3,11731.68
5170,237,5,29889.58
5320,257,2,185.57
4192,205,3,28433.49
2714,286,4,28611.13
2804,259,5,21743.67
4661,290,2,9470.15
2560,288,2,30713.58
5610,201,5,25831.54
3033,206,4,16784.74
4204,296,1,30642.82
3144,222,1,33711.93
4638,233,3,40645.04
2415,295,3,26645.21
5169,235,4,41963.57
2353,274,2,48720.77
5920,254,3,23554.0
5940,263,4,9621.61
1268,272,3,43493.69
1160,261,5,5705.18
4471,275,3,37196.8
1894,264,3,9972.71
1340,220,5,12913.93
2923,229,5,2755.89
2470,228,3,4579.51
1134,219,1,11262.21
3098,251,2,12607.48
4208,205,3,45452.46
2545,205,4,29974.92
2744,256,2,27292.24
4740,281,3,7915.76
4830,218,3,3260.9
4266,284,2,5429.2
5825,242,5,1639.67
2352,204,2,4023.24
1767,252,1,17095.71
5123,276,1,30263.86
2164,220,2,7513.13
5273,284,1,20453.74
3096,271,5,33489.75
5488,230,4,31550.83
4794,225,2,35333.78
2114,250,3,26883.5
1556,242,4,46041.96
4542,271,1,28793.21
1388,295,1,26215.19
2300,206,1,11292.26
2452,287,3,35806.41
1390,249,3,40116.08
1908,226,2,7762.58
4863,282,3,37085.41
2003,226,2,12493.51
4763,278,3,27493.46
4663,249,1,22044.38
4277,249,5,32195.08
5647,289,2,30521.13
1565,246,1,2103.38
2619,265,1,2896.98
3750,208,1,39364.42
3905,248,1,5302.93
5854,211,2,8894.02
4757,296,4,29818.32
4936,250,4,3813.26
1193,290,4,24028.34
5355,290,5,24302.53
4047,237,4,45323.84
3337,208,3,8293.9
1968,218,4,49333.92
2897,251,4,12312.4
1941,266,5,7420.99
5408,217,1,22729.77
5947,211,2,38967.72
4917,202,1,33739.78
5707,221,3,39099.01
2459,234,5,36589.58
2244,270,1,38875.61
1973,264,1,13063.72
4257,299,4,32455.16
4767,207,1,29268.76
3181,270,1,48095.5
2394,241,3,1550.49
2981,240,3,29718.61
1538,246,2,3532.5
1243,251,1,41498.7
4617,202,3,44242.76
1159,222,1,19368.77
4259,278,3,48257.4
5811,254,5,15905.37
5712,223,5,24546.23
4050,224,2,20938.17
3957,288,2,4788.15
4948,299,2,27266.75
2201,275,2,38739.64
1113,205,2,4972.33
1228,211,3,20959.26
1445,229,4,22066.18
4788,267,5,20902.42
2595,275,1,27204.98
4605,201,4,34055.94
2154,273,4,13993.11
3637,201,3,17829.01
2555,295,5,49037.21
5376,288,4,46605.45
3125,295,1,20053.88
3816,229,2,48980.59
4824,279,5,25426.36
1176,254,3,12187.25
1988,269,3,12792.51
5140,229,2,20777.05
4229,286,5,26067.82
4321,230,4,30489.09
3630,251,4,20117.7
1316,283,4,16686.89
4885,273,4,47212.24
2623,211,2,20883.33
1481,279,1,38470.36
4214,206,3,32296.55
4317,240,5,34613.05
4505,207,5,10609.92
2945,230,5,37393.81
1413,292,2,18598.76
2560,228,2,19453.74
2499,258,5,19657.8
5072,222,2,3244.3
2981,282,4,49620.23
5339,227,2,17287.33
4686,297,2,17925.99
4903,299,3,30061.59
1519,223,3,17213.24
1101,289,1,23482.8
3176,285,5,46482.45
1187,225,1,37969.6
4270,271,2,32640.35
2491,276,4,15966.08
4915,286,5,41908.36
3932,239,1,34214.94
5821,221,3,5365.9
2581,219,1,20935.97
2803,300,5,31693.29
5258,263,5,22136.77
4000,235,5,28060.25
5159,219,3,35634.92
1769,292,3,20227.47
2234,217,1,38209.96
4475,241,4,40078.43
1211,299,5,13520.47
1063,287,3,15262.43
5784,209,4,5860.13
1494,246,2,14102.11
1679,220,2,32709.56
1474,299,1,10058.7
5763,244,4,44539.42
4664,232,1,20940.8
1899,290,4,9688.85
1565,231,3,1931.82
5375,272,5,11152.04
5357,267,3,2891.97
4261,242,5,6757.81
4621,231,2,31614.43
1492,300,2,4683.7
4068,247,2,19432.24
2472,271,2,8819.74
5921,219,5,38738.29
2563,263,5,15190.52
5917,296,1,20379.34
2426,230,4,28761.04
1951,223,2,31458.91
1607,275,2,44115.09
1645,257,1,4526.09
4129,271,3,38948.13
5595,232,2,37425.54
3701,290,5,21086.99
3868,282,3,15755.5
3626,214,5,38360.25
5213,298,3,21020.38
3685,205,1,19485.43
1335,241,4,23627.32
2038,267,2,46098.38
3461,261,1,36570.46
4765,256,1,10260.62
4488,278,4,16047.38
2904,284,1,21606.72
4874,237,4,21399.6
1266,232,2,32513.6
1981,250,3,11830.89
2850,212,3,21087.08
3901,261,2,17278.27
2201,213,1,40309.64
1781,278,4,3520.55
5791,214,1,26056.49
2958,213,3,21486.55
3801,211,3,19604.38
5487,240,5,35767.54
4170,224,1,14181.14
2228,264,2,4768.76
5476,281,4,2293.85
5471,207,1,20065.13
2778,243,2,22721.73
1422,267,1,36713.28
4766,266,5,25326.86
3608,226,3,23007.12
2218,242,5,29386.37
1440,267,5,37850.14
4352,237,2,28283.1
2989,289,5,18452.81
5471,225,2,48009.12
1532,271,4,21259.88
4720,289,1,1915.64
4495,285,5,15572.03
5749,239,3,11984.0
1487,259,2,21333.69
5420,216,5,49424.74
5379,231,4,48068.27
3318,285,1,28246.72
5273,241,4,38392.7
2320,282,3,7875.7
4168,275,4,1336.89
5240,238,2,17357.17
2335,210,3,49299.6
1210,277,3,13514.37
2780,209,1,45786.68
3230,258,4,29221.2
3053,267,5,37360.09
5222,261,5,9560.14
5252,229,5,43285.85
1080,209,3,48449.06
4095,235,5,20881.31
1524,257,5,11818.81
4168,273,3,23483.38
3409,247,5,32045.81
1273,293,1,1018.59
2057,285,4,26229.2
3210,276,4,11624.99
1687,269,3,7195.82
4303,213,3,35688.71
5739,300,4,1911.04
4751,285,5,17399.58
3951,227,1,13292.16
3749,246,1,19955.0
1733,238,2,27361.97
4509,202,2,20578.0
1291,202,3,17794.43
2391,239,5,12781.78
1681,272,1,6921.73
3883,270,2,23937.75
2544,251,5,35955.18
2851,265,2,3334.32
2660,299,2,47229.07
2901,281,5,28520.17
5658,275,2,19180.15
2157,217,4,7733.59
2991,226,4,26384.96
2505,209,2,46804.68
3982,204,5,15879.05
5091,268,5,5044.51
5702,223,5,22956.18
4371,225,1,1057.63
1666,251,4,4640.42
4786,262,5,42264.02
4624,231,2,31052.37
3339,223,2,39690.8
1152,225,3,242.25
3891,285,4,38287.59
3446,251,3,34094.58
4775,241,5,26973.99
1066,272,1,6074.34
1237,247,4,6785.25
2248,241,2,43925.85
5309,205,1,35807.35
1732,229,3,22526.68
5241,236,3,29499.75
3146,269,1,40499.72
5709,258,5,15101.54
3325,275,4,25784.41
4053,206,3,19382.03
4138,237,3,25244.49
3879,261,5,36503.37
1721,298,3,37218.87
1470,250,1,14854.49
2403,214,2,13342.56
2304,248,4,16494.91
3753,277,1,733.07
2063,252,2,8264.9
5652,282,4,40176.36
5016,255,5,13059.23
1171,255,4,29401.1
2267,235,3,219.78
5023,216,5,31405.19
2704,270,3,31350.54
4851,255,4,28128.24
5511,281,2,37594.8
2747,296,5,11111.92
1410,203,1,39483.32
4146,217,3,30987.57
4642,288,2,29917.3
5417,249,2,22140.27
2496,245,3,45606.99
5067,237,3,12916.12
1582,259,3,45541.95
2241,266,1,16797.58
3242,276,2,29283.45
3840,300,5,9546.7
1160,300,2,5406.4
2092,226,4,29344.65
5131,216,4,2156.63
4808,270,3,42060.27
2737,247,5,47604.65
1191,272,5,40763.15
2601,227,4,24136.6
2979,216,1,47257.52
3042,280,3,26050.41
3286,284,4,31015.38
2408,226,5,1330.36
5234,238,1,37142.64
3830,223,1,41256.69
2604,207,5,2301.0
2357,248,3,3209.64
5359,245,5,11411.9
2372,201,3,45046.42
4173,293,5,39831.29
4692,201,1,4235.83
4085,238,4,21400.38
3227,287,1,46151.57
3296,284,4,45840.38
3627,272,3,3230.5
1274,226,5,44206.34
1399,230,1,9775.63
3073,298,4,21266.68
5836,278,3,21247.1
4440,295,5,10345.82
3853,299,5,9355.91
2051,260,5,23640.84
5505,225,2,1704.74
4948,267,5,9543.86
3587,209,2,11598.06
1974,257,2,38046.18
5635,289,4,46617.88
1354,281,3,16250.17
3438,298,4,16776.19
2993,300,1,47900.14
3891,290,4,8370.99
5290,293,4,8618.91
4903,234,2,14490.8
3200,271,2,46360.43
3445,219,2,44246.46
1471,261,3,28111.2
2477,238,4,8854.57
3295,228,3,21655.12
2042,228,1,23859.25
2454,236,4,491.08
4916,223,2,17215.83
2141,209,2,25313.09
1690,219,1,21948.18
3066,257,4,8340.2
4748,246,4,16551.09
1277,238,3,2633.37
1681,267,2,8986.0
2471,247,1,15885.28
2514,266,4,10206.35
3490,206,4,36053.6
1821,280,3,16306.19
2346,233,2,7098.94
4028,207,3,48312.68
5349,226,2,14925.26
5248,288,2,22717.95
2949,210,1,4152.46
1186,254,3,36829.84
2116,246,1,7820.97
2771,234,5,22685.41
2724,286,5,21693.36
4605,285,2,47902.67
1771,295,1,33681.58
3924,208,1,8762.85
1239,256,1,28033.35
4298,255,2,22529.93
3637,271,5,26134.45
3013,234,2,49948.18
2469,231,2,5493.5
3705,225,5,41126.18
3101,257,1,49663.77
4943,270,1,1423.75
5560,258,1,49976.66
4228,203,2,16462.79
3346,221,3,37959.26
3520,210,4,48266.08
3239,219,1,26102.34
2823,296,3,14915.65
4450,232,1,26198.91
4111,277,1,3092.78
4328,260,4,33260.07
3372,273,5,34847.58
5735,297,5,4602.31
3036,240,1,32128.14
5433,219,2,8821.13
3213,245,2,28433.56
3260,283,1,6598.28
2932,250,4,16692.29
3912,297,1,36066.39
4378,261,4,17664.57
3193,209,4,45588.5
5644,279,1,28110.97
1307,299,3,27915.19
1301,250,5,29407.01
3939,212,4,41466.54
2107,285,5,43883.97
2742,279,5,9982.54
2851,243,2,47523.98
1570,208,3,8956.89
3082,258,1,23746.55
3509,210,1,22741.9
1145,205,2,11305.66
1409,280,1,32564.36
2529,213,4,48272.0
4195,290,5,44517.44
2932,220,1,14796.45
3184,266,3,47291.0
5849,265,4,39055.62
4886,252,5,4379.73
2662,283,5,39261.4
1829,220,1,47535.05
5959,286,4,40463.98
2572,262,1,22361.07
2972,231,3,36853.6
2941,231,3,26344.88
1641,270,1,23973.25
1552,267,4,35489.1
2938,253,2,15451.82
3049,297,5,32375.09
5507,251,3,18577.86
2892,264,5,43204.27
5868,297,3,28494.27
3057,284,1,18706.83
4266,273,1,33263.74
1049,222,4,45034.58
4220,218,3,39111.52
5123,261,5,41535.82
1842,272,2,32424.65
5161,243,5,27587.99
5339,213,2,32487.32
4993,291,5,15404.73
2715,297,3,12537.56
3050,293,2,34506.77
2030,229,2,46107.24
2053,229,5,42682.76
4177,204,5,37774.98
4671,275,1,37281.08
3189,206,1,16298.99
3529,263,4,13013.04
2278,253,1,49235.45
3838,255,5,32721.06
2824,296,4,30575.4
1485,283,2,27481.61
3830,243,5,6373.7
2251,228,5,3689.98
5449,264,3,30178.25
2812,235,3,7739.35
2868,240,1,16940.89
4472,202,2,44014.62
1778,260,4,16523.68
4546,276,5,4316.48
4125,236,1,12854.33
2634,244,2,40456.13
3157,278,2,42173.93
3934,222,3,47665.63
3082,266,1,10642.14
3786,233,1,25784.03
5463,249,1,26629.93
5250,218,3,38354.93
5806,234,4,36156.94
3168,231,2,3246.93
3538,267,1,35368.51
5859,246,5,34863.85
2473,284,3,8028.69
1161,225,2,34596.19
4790,201,1,37416.64
2945,220,3,3820.73
1109,296,2,47404.22
1550,299,4,24230.25
3772,207,2,32110.42
5332,222,3,36083.99
4248,229,5,15070.19
5398,255,5,41597.84
1393,275,1,29925.25
5311,228,2,11041.19
1919,203,4,35732.35
5559,219,1,10484.22
4470,262,4,3235.7
2582,299,1,18604.0
2894,226,3,24938.99
3317,236,2,28066.59
3027,224,1,27782.28
4299,220,5,40641.89
3341,267,4,5101.6
2934,278,5,41779.79
4859,288,1,23912.35
1430,271,3,25064.8
1726,237,4,1352.96
3258,285,5,47874.0
4095,274,3,45792.08
4277,202,4,19128.52
1534,215,5,2012.71
4249,288,2,10365.84
1650,207,5,26642.92
1780,281,5,2870.88
3626,237,3,18246.99
3626,220,4,11556.31
3411,264,2,19789.3
5403,296,4,36795.24
1919,242,1,7823.77
2651,231,2,29398.99
2341,230,2,20361.92
5094,295,2,37756.53
2289,216,1,42358.1
4366,271,4,42246.93
4456,279,3,33736.69
5855,207,3,12606.86
3980,298,1,33211.69
1845,211,2,1844.95
3334,213,2,44651.33
5237,255,2,11891.87
1329,288,4,11134.53
3777,275,4,5689.45
1383,209,2,1266.09
3002,237,5,41620.95
5121,273,1,14639.55
3521,251,1,15417.74
2114,291,2,10909.27
4415,280,5,24602.38
5104,296,2,26483.72
4008,250,5,17940.71
3888,280,5,9585.15
1007,273,2,6566.13
4616,205,3,33740.04
4364,288,4,5057.2
3417,247,2,24208.01
3665,233,2,487.92
1015,233,1,19127.74
2493,245,3,33360.6
3113,202,1,11660.51
2434,266,3,37486.98
1457,251,1,28917.08
3581,246,5,46119.18
1039,289,4,48169.49
3567,262,4,28841.17
1072,277,4,34677.18
2350,281,1,22714.35
2507,242,3,20093.31
3608,228,1,20145.45
3821,217,1,20795.99
2562,293,3,31984.01
2301,295,1,18747.28
5018,282,2,29573.86
1856,272,4,18550.05
1913,221,5,37721.48
4768,241,2,23492.25
1369,276,3,37856.05
4710,297,5,17103.61
5241,260,5,49701.13
5215,228,4,20976.53
3352,272,2,28079.0
2405,206,3,43413.27
3962,241,5,39149.96
3714,242,2,41032.76
4608,258,4,10495.12
2708,226,5,22420.18
1516,273,3,16080.23
1592,286,2,24768.04
3398,291,1,39626.06
1111,207,2,34011.79
1602,267,5,31904.2
3790,225,4,7780.03
4549,276,5,34484.59
1216,290,4,29952.23
5541,297,4,26069.61
3252,289,1,21407.91
5655,289,1,6589.52
1086,300,3,41658.83
1398,213,4,21288.06
5643,275,5,29326.78
2290,201,5,18223.87
2499,237,4,32383.19
4312,220,1,28788.24
2877,292,5,32914.15
3921,289,5,16380.63
1717,212,3,48308.25
5069,298,1,48557.17
2438,286,3,37210.69
5990,261,3,32481.22
1979,208,5,46816.83
2969,234,4,41294.53
3688,225,3,26783.3
2983,291,2,24403.51
1323,288,2,20723.61
2927,299,5,8218.23
1237,271,4,18052.74
3658,250,4,29941.49
2145,270,1,23366.85
2810,217,2,37086.23
4085,217,4,3826.18
1730,203,2,49379.15
1956,208,5,28175.96
3773,285,2,29353.12
1957,282,5,2669.07
4358,294,2,7275.18
5658,271,3,12162.27
1176,289,1,34493.95
3087,292,3,15580.97
3864,288,3,25713.85
2756,208,2,24055.2
1496,294,4,10689.8
4031,217,5,33272.28
1172,235,4,12035.0
4803,203,1,43458.69
2829,299,5,39526.16
1193,208,5,17532.02
2974,204,2,28869.76
4309,231,3,20216.27
5565,274,5,24425.78
1129,265,3,43712.69
4259,204,5,28389.98
1333,277,5,5444.76
5585,255,2,33916.21
3665,294,3,25143.95
1471,255,1,14759.28
2403,284,3,10043.37
2085,219,2,36957.72
3110,294,5,365.98
1453,294,4,49724.77
2305,224,1,447.57
1282,299,1,26181.45
2009,226,5,31951.31
5577,220,3,35331.48
1129,236,1,15912.89
1339,271,2,961.55
1474,227,3,5699.6
4021,232,4,4432.87
2462,295,3,6618.16
1596,300,5,12758.94
5420,204,4,36972.38
1631,201,4,43648.78
2922,267,2,20592.04
2202,268,3,4241.43
2927,289,5,3620.81
2815,232,2,8175.11
3443,262,5,38774.13
3407,281,1,39690.99
2606,206,1,13588.78
5894,297,4,10885.77
2322,282,4,270.11
1175,273,1,47743.32
3663,237,3,13157.41
5042,253,5,1379.68
3659,213,2,37098.42
4680,273,3,38863.69
1290,278,3,21701.04
1716,280,1,11526.02
2925,297,2,49514.14
5669,265,5,17750.97
3710,299,2,15711.81
1610,226,5,22893.39
1102,259,1,49873.76
2976,271,2,5317.74
1170,219,2,22068.47
2145,250,2,31488.5
2986,227,2,47210.43
3798,285,1,46391.97
1821,233,5,32868.62
5285,234,5,13086.1
5085,281,5,8202.32
3383,280,4,4618.64
4878,213,2,47376.03
3433,234,5,16254.4
4305,275,2,27128.64
5886,214,4,22352.24
5927,284,4,48650.19
5177,268,5,14044.8
2492,218,4,46477.9
4735,220,5,33164.02
2528,267,5,21487.66
3495,236,5,40046.7
5071,291,1,41393.6
5038,295,2,39204.73
5639,236,1,30633.46
1226,261,1,2594.7
1428,232,2,11487.93
1378,277,4,3623.91
4394,264,1,40739.08
5865,250,3,25980.42
2889,299,5,45602.83
3475,276,4,7100.1
1899,286,3,1007.73
4703,214,1,37456.1
1883,243,3,17212.62
4160,226,4,9711.94
5177,209,3,184.89
3285,233,2,8223.39
5912,223,1,20702.21
5863,257,4,26790.05
4353,248,3,31212.27
1564,203,1,12075.35
1190,253,3,27208.38
2913,285,4,4985.33
2700,208,2,35011.25
4449,292,1,42787.69
2872,251,2,8584.65
2308,292,3,34039.45
2314,261,3,36270.17
2060,277,2,232.37
2847,238,2,25390.23
3575,238,2,11384.15
1317,227,4,35305.62
4178,278,3,20468.73
4451,298,1,22232.1
3854,239,2,35867.25
4045,215,5,16503.84
2974,286,2,11794.87
5111,231,2,47870.18
1017,271,5,38456.25
1618,243,2,7726.69
1581,206,1,44305.64
1913,215,4,24585.84
1088,228,2,5738.53
3310,278,1,9050.79
1725,253,5,23063.59
2905,250,4,24029.17
3053,221,5,1395.98
4419,242,1,17926.22
1500,202,2,37662.24
4207,290,5,38109.7
4068,234,4,35132.2
2196,260,2,15012.34
5750,223,3,21435.62
4843,282,3,29716.99
3327,203,1,31463.81
2456,256,3,24848.44
3475,268,4,22032.7
1833,216,1,37936.2
1833,215,4,9992.03
4497,265,2,14430.95
1979,253,5,14144.98
2307,280,2,5982.84
4382,287,2,47524.71
4264,236,3,19402.04
2252,292,1,26340.84
3665,216,4,5802.31
3879,290,5,47709.66
1963,225,4,12002.02
2365,283,5,12545.28
5829,237,1,48603.22
2685,291,3,45411.91
3775,290,3,2834.91
3515,228,4,49824.6
2268,246,2,10618.15
2474,225,2,19311.89
3768,258,4,25136.4
5394,233,2,8999.36
5100,286,4,49733.24
1194,250,4,17044.84
5795,210,1,31310.17
5797,213,4,3832.72
3875,252,3,27304.34
5014,245,1,33468.09
1696,275,2,2183.88
1907,272,5,4876.65
4941,272,4,5614.35
3171,240,2,304.34
3495,234,3,1014.57
5281,249,3,41916.45
3201,246,4,2419.43
2535,292,5,12249.24
3155,299,2,34638.82
4004,249,1,24564.67
4847,282,2,16299.54
2328,270,4,24938.84
5187,286,1,23231.93
3671,282,4,34155.22
2138,277,4,29874.57
2796,201,3,37467.0
2139,213,1,21165.31
3069,241,5,23957.7
4448,290,3,19003.17
5408,212,5,40030.34
5170,209,1,44678.01
1389,215,4,33359.25
5347,250,1,48883.62
2321,234,4,7253.16
3080,298,5,28916.62
5881,284,2,10626.22
3689,205,2,38010.61
2374,226,2,17951.33
5510,249,4,37972.28
1614,237,2,7760.11
1039,202,4,42737.28
3245,235,4,13447.52
1576,219,4,12731.51
2675,298,3,3439.87
5132,268,3,38856.06
4454,217,2,4532.51
5260,290,2,38377.93
4728,283,4,41723.69
5031,215,2,37079.56
2612,220,2,34996.11
1476,282,5,31729.28
3749,235,2,45540.87
1337,237,1,13624.7
1721,237,5,7078.4
2506,277,1,30365.46
2111,265,4,27625.27
4675,258,1,6586.61
1059,243,3,22266.86
3901,217,4,27411.16
1698,226,3,42281.69
5749,273,4,28690.82
5877,297,3,2488.73
2667,295,3,24351.25
2703,256,1,46234.23
1671,243,1,25344.27
1454,248,4,41712.44
2206,248,3,49747.77
3087,282,5,20051.95
1321,270,5,42048.79
5087,250,4,48892.91
2753,291,5,45231.6
1897,251,3,30391.73
5951,299,2,931.52
4803,240,3,49329.5
1662,237,4,7255.24
3406,238,1,18768.8
1923,207,3,711.5
3369,263,2,32059.39
3930,222,5,19149.94
1109,261,4,40819.05
5201,299,2,46276.61
3578,206,5,37850.92
2573,299,1,33440.87
1079,247,4,10037.22
2950,252,2,3722.17
2434,279,2,153.65
3457,293,3,6095.32
2804,254,3,33841.78
4557,227,5,42710.88
4824,233,3,40452.98
1903,213,5,2661.51
5859,248,1,30058.91
2747,266,4,28727.33
2821,230,2,7638.82
3201,229,4,3280.15
2277,260,5,24213.87
3021,231,3,26690.28
4742,285,4,14285.74
5662,266,2,7133.95
5978,223,2,9950.99
2126,239,5,37923.68
1380,295,2,3274.72
4294,298,3,40252.08
2549,215,4,19173.47
3661,298,3,34036.67
4072,205,5,9316.32
5319,220,2,35534.14
2776,258,2,35078.92
4341,236,2,30671.55
5218,283,1,37864.94
2102,255,2,49031.19
3786,250,1,8790.87
5933,284,2,19603.74
5091,257,2,17447.32
4022,252,2,24595.8
4568,208,2,8921.66
1927,283,4,20545.91
5975,242,3,28183.02
3917,261,2,10087.02
5241,253,5,21375.23
1544,298,4,38771.16
5397,232,1,6203.8
3143,219,5,15732.08
4042,296,1,45207.84
5577,202,2,44876.89
4042,251,1,17109.26
1635,202,1,32742.56
3916,243,1,30707.91
1255,212,1,8117.97
1552,267,2,10708.53
3095,227,2,19772.76
4926,204,4,44582.94
2903,285,3,3990.97
5148,218,1,47593.86
1763,274,2,15300.89
2309,291,3,40183.05
1238,291,5,38855.21
4082,247,5,13635.57
5441,245,5,47216.2
4515,202,1,49487.47
4300,213,3,48635.09
2776,218,2,18507.14
4592,233,1,41639.68
3030,207,2,12796.65
2479,296,3,40334.62
5396,298,3,11570.82
1192,284,1,47509.88
5413,217,3,5545.84
4950,265,2,47507.63
4225,261,2,36699.85
3988,251,5,12324.03
5310,277,5,40784.15
2021,262,1,10785.66
5773,249,4,45482.99
4608,296,1,8895.31
2794,218,1,48726.28
5189,260,1,1754.16
4770,254,2,41892.31
2173,208,1,49279.07
5812,239,5,14028.47
4228,221,4,14052.08
3826,215,1,21296.73
4774,233,4,42255.28
2068,285,2,28075.57
3966,267,1,33711.02
3159,274,5,17033.31
1722,263,3,17609.68
4316,282,3,30484.22
1536,210,3,36142.76
4969,247,4,22825.48
4833,231,1,42153.82
5649,275,4,36846.07
5961,256,5,41124.98
2194,268,5,20653.42
3899,247,3,31456.68
5232,277,5,4496.58
2863,279,4,680.25
2456,235,3,33118.09
5716,254,3,30078.68
4067,230,4,1192.19
3558,277,4,15138.99
2946,278,2,27450.26
4947,215,5,31249.3
3116,269,5,25556.62
3025,290,3,8529.76
5882,276,4,32880.25
2593,291,3,11551.97
3540,204,5,15249.27
4578,254,4,38573.33
2551,216,1,13665.98
2773,212,2,47321.96
2066,220,4,14966.24
4558,230,3,35775.38
1840,232,4,36905.76
4384,208,4,22079.69
4535,252,4,16144.26
2354,240,3,6981.59
2411,293,1,14121.29
3537,255,3,14375.87
1849,269,4,39833.85
4764,256,5,17940.05
2318,296,1,43665.41
1068,278,3,8862.76
5120,203,1,45368.17
2193,279,2,48821.84
3005,241,3,46074.42
1428,227,1,38196.99
3503,275,1,25493.17
4701,289,3,40412.54
1518,234,5,26351.84
1297,246,3,11156.46
4150,225,1,8352.82
4724,210,5,19863.56
4867,266,5,4667.69
3964,246,3,31994.52
1194,232,1,12756.01
5330,277,4,19951.33
4258,213,1,37747.45
1570,201,5,40366.61
3411,245,2,19911.19
5499,227,1,23373.55
2429,217,3,30449.23
3993,289,1,27124.24
3737,246,1,10891.01
3824,223,5,21933.23
5935,203,3,44768.82
5413,300,4,28612.7
3225,290,1,28634.33
2693,297,5,16471.16
2293,214,5,46297.0
3192,264,2,41328.03
4455,284,2,12584.26
1413,230,3,39597.88
2341,261,5,40310.73
2404,201,3,44133.1
1825,266,2,14369.74
4551,230,1,36509.9
5077,269,5,38868.48
5476,255,5,4586.38
5260,294,1,9622.66
4248,276,4,9410.06
3834,285,4,35182.25
4468,209,5,8776.58
2159,246,2,32461.29
2051,281,5,42552.61
2325,201,4,47885.84
1868,209,3,46327.12
1078,239,4,29204.75
1552,255,4,35184.18
2600,278,2,20739.4
4071,281,1,7708.22
5421,266,5,11446.98
5288,219,3,29799.98
5569,271,2,4697.19
1831,250,2,9218.61
5414,228,2,46265.37
1804,294,1,21689.3
4504,235,5,39887.81
2102,239,5,36951.15
5995,255,1,48847.54
5217,207,1,46537.46
4308,230,5,24821.43
5132,296,4,9629.71
4570,215,4,29518.72
3634,294,5,20259.07
1074,209,2,5255.75
3329,251,4,21536.55
3727,262,2,42465.13
2394,217,3,22050.24
3191,256,2,32278.24
4578,206,1,17712.63
3063,237,3,13633.62
3813,261,2,1360.16
5336,213,5,13885.75
2767,212,4,4231.05
5135,292,2,36538.93
5241,203,5,7471.01
1754,208,4,33791.39
3191,222,4,17679.61
4618,218,4,37107.49
5180,250,1,39077.02
1909,248,3,32743.04
2642,208,1,5928.66
2043,204,2,22467.86
2589,228,3,28688.78
3839,289,4,12857.88
2977,290,3,3862.06
2746,272,2,33249.38
1482,264,1,17653.28
4399,262,3,32334.95
2566,286,4,5541.74
2792,288,2,47724.73
2880,278,2,30879.24
2303,221,2,2033.02
1115,236,3,312.48
3597,223,4,2449.18
5257,234,5,4252.3
2067,242,1,4401.8
2770,290,4,6594.66
1026,207,2,10171.21
4173,276,2,34918.06
5555,203,5,21670.72
1707,276,5,8935.29
2796,210,4,27472.85
3357,202,5,5615.42
4567,202,4,9278.3
3814,274,4,18156.47
5359,287,2,9588.84
4891,245,3,4193.27
2483,292,4,2590.26
5687,207,3,44808.25
1269,288,1,13019.0
5372,261,3,24043.38
2661,272,5,40203.62
3548,241,5,46695.64
2664,276,3,4304.94
5603,273,4,39817.11
3905,273,2,25480.25
4612,266,1,376.16
5917,202,5,13803.71
1657,281,1,3769.55
1368,232,5,15539.43
5075,250,5,49110.09
2606,297,4,5449.72
2928,208,3,21915.2
1026,291,5,36508.22
5963,220,4,11852.57
5193,252,2,38798.07
2530,282,5,24599.53
3784,217,1,45141.62
3480,208,5,38574.14
5303,272,1,19323.05
1837,222,3,16792.68
1771,208,5,32047.73
1520,214,5,25220.99
3436,222,4,32133.61
5543,246,5,6713.14
1428,265,3,35668.8
4636,211,3,29053.09
2340,285,4,21904.85
1967,282,5,33500.0
2061,219,5,26725.67
5697,273,1,7579.91
5440,254,4,13513.89
3732,265,1,14582.64
5076,217,2,40525.96
3759,227,1,47144.25
5709,258,1,6480.02
5037,228,3,38322.55
5362,287,5,49209.07
1695,291,5,26107.04
1298,204,1,16890.54
5887,247,2,45632.69
5906,206,3,4714.25
1671,222,2,36970.59
4487,263,4,7192.31
2732,235,2,28181.43
5205,273,4,32051.79
4129,217,3,18178.37
2502,264,1,18308.02
3446,239,5,15394.87
5674,207,4,12048.03
5714,215,5,39239.64
1305,229,2,47688.67
2907,246,3,11029.96
4199,269,2,36502.58
1041,230,1,30889.48
3368,291,5,16055.52
1504,272,5,41316.75
2566,257,5,21548.93
3260,262,5,26828.49
2551,201,4,1337.39
3101,203,4,15157.46
3741,204,5,9548.36
4583,206,4,8325.57
1905,267,5,30224.6
1507,298,3,27355.79
1165,238,3,9678.72
3454,270,5,39829.55
5066,270,3,14213.12
2574,229,5,46596.47
1131,201,4,19949.7
4089,251,2,12153.29
1689,205,1,17958.37
2144,261,4,25194.13
4365,270,3,18059.88
3080,237,4,33136.92
3515,270,4,8181.63
3669,296,1,31834.09
4437,286,2,17996.49
2569,287,4,14679.21
2706,274,1,34570.77
5917,215,5,29166.58
2935,224,3,38410.2
1940,285,2,29954.5
2345,277,2,40107.07
2099,231,4,46694.55
3490,290,4,28153.5
3164,272,1,31234.35
1744,210,5,36283.01
2989,273,1,22621.7
3652,210,2,5545.7
4201,225,4,49688.38
1426,288,3,24553.98
3132,229,2,15457.51
3803,298,3,15096.84
1563,264,2,30570.04
2052,268,4,29241.58
2260,213,2,46731.63
5681,293,1,12352.27
2183,236,1,176.02
2108,240,2,37858.16
3369,274,3,43059.57
2685,217,1,15160.8
4238,299,2,41171.22
3819,227,4,23300.56
2470,295,3,23449.89
5949,268,4,42261.87
2066,207,1,28865.72
2688,212,4,25889.68
5123,247,4,2918.24
1222,300,4,19188.84
1307,203,5,25304.76
2760,212,4,20729.46
4838,283,4,44046.71
5710,228,3,26617.35
5667,237,1,31276.99
3498,299,5,19371.84
4277,278,1,48648.59
3969,224,2,4366.17
5819,266,1,458.59
5831,294,2,44819.01
3272,213,2,41735.44
3374,204,5,7673.55
1193,203,2,39189.93
1541,271,2,5289.63
5055,226,2,43007.91
3668,291,4,48347.9
4735,238,4,46069.05
2453,268,2,6820.14
5123,261,2,34035.63
4964,245,1,49724.5
5718,272,1,25005.19
5372,233,3,27534.96
5628,262,1,5193.25
3811,272,2,7986.24
2960,222,3,8042.16
2085,227,5,33045.07
4069,286,4,5652.26
4146,244,5,31457.12
5032,243,3,29827.33
1673,292,5,43220.2
2481,290,1,35563.67
2781,227,4,28787.34
5107,287,4,28397.87
5689,298,1,13082.8
4401,217,2,45293.67
4250,206,2,37444.65
5863,295,1,1018.19
5287,212,2,1161.26
2518,244,5,35512.65
1606,290,4,4473.04
1200,275,4,46821.06
5273,227,1,28437.05
1081,254,5,26598.0
3529,234,1,31732.32
1911,203,2,11754.0
1467,276,1,45059.97
3634,249,4,48630.2
5692,294,5,45684.51
4548,283,1,11472.59
2495,286,2,36686.71
1830,242,1,48580.41
2306,297,1,22274.34
5183,287,4,849.23
3519,242,2,20251.55
5669,286,1,36261.02
1970,210,5,41932.25
2579,300,4,45639.49
4612,201,1,23590.28
4793,250,5,26516.12
2379,288,3,49604.86
5150,230,3,18974.04
3188,248,4,36290.01
5103,217,1,5362.62
2144,273,3,17510.23
3502,229,4,44063.77
4016,238,1,28736.81
2515,272,4,48126.22
1206,239,4,42997.21
4837,295,3,9292.8
1799,213,2,3434.21
1401,208,3,34064.42
5824,232,3,41596.88
3049,228,3,14495.18
3622,296,1,5244.31
5214,237,4,46596.01
1130,258,5,3157.92
4308,295,2,17040.4
1910,282,4,16995.92
4148,215,1,20808.17
3601,250,5,20402.29
5908,279,5,41087.85
5019,282,1,4627.14
5988,218,2,14424.41
1592,282,3,15462.02
3330,296,1,17481.7
3188,285,1,3795.1
3655,224,3,41783.94
1510,216,4,24240.08
2241,202,4,47298.05
4411,278,1,9085.52
2639,243,1,44628.65
1161,218,2,4174.06
5696,214,2,20794.02
1062,254,3,24396.38
1132,263,5,661.87
3133,286,3,17680.39
2924,273,2,10615.06
5061,246,2,25310.23
1722,283,2,29706.33
1816,215,5,10092.89
5186,290,2,32631.08
2678,212,3,15922.77
3344,260,2,2098.64
2181,214,5,17878.69
3621,236,3,37909.9
5719,285,2,43909.17
2396,273,3,48324.1
4190,251,2,17813.09
3846,254,3,10610.87
1387,204,2,19316.92
1202,290,1,16337.7
3006,285,1,14200.98
3806,284,2,24646.62
2321,283,4,44622.97
1013,283,3,7093.42
5623,256,4,2258.01
4566,293,4,1472.11
3518,252,2,40634.41
3273,262,5,24850.11
3896,219,1,34058.49
3869,280,2,43592.89
3513,238,1,36424.95
3964,217,5,4908.76
1193,239,1,37836.93
2447,216,2,10721.41
3236,210,2,49867.76
5316,229,1,9513.59
4718,221,3,6464.47
1225,238,3,6668.45
2683,253,1,15090.02
5970,269,5,30760.32
4099,241,2,45303.22
2113,224,4,48914.62
2531,263,2,42763.3
4538,280,2,32139.54
2490,227,5,6259.6
4591,300,5,39328.04
3252,230,5,35498.98
2133,239,4,23934.65
2074,290,2,46022.92
4630,254,4,7826.95
5801,279,1,16272.52
2579,284,5,25792.27
3197,221,5,1540.89
5547,231,5,24207.54
5844,214,2,43870.17
1579,257,3,29067.61
3102,264,5,26071.56
2168,232,4,5422.47
2533,223,4,9081.07
2068,221,3,33516.0
3311,227,2,39629.39
3426,290,3,10664.78
4737,256,1,24348.2
1856,242,1,28707.67
4331,245,4,27215.06
5850,247,4,49399.29
2295,219,3,44439.99
1010,250,5,13270.76
4409,214,2,22806.25
2489,293,2,21690.79
3634,226,4,13218.75
1608,247,4,3737.72
4236,289,2,31445.01
5912,267,2,1275.92
5480,282,3,22936.72
1748,259,2,46532.27
3001,283,3,3160.19
1305,296,3,19109.64
3077,289,5,15489.69
1025,254,2,36003.69
2759,253,4,12574.19
1412,252,5,9035.65
1525,265,4,32117.83
2659,290,5,31703.06
1957,294,4,10564.36
1894,228,3,12037.87
5636,209,2,36334.19
4064,222,4,24696.65
3939,261,5,3772.5
3642,272,2,10089.22
3217,289,3,8669.04
1840,262,4,6865.56
1365,241,2,21171.52
1632,206,3,12242.55
2988,248,3,24069.51
2355,252,4,45681.39
3468,210,1,4036.95
1691,202,4,26807.35
2631,269,3,36412.54
3333,226,3,37928.39
3677,215,4,13669.35
1949,289,1,46409.69
5481,227,2,25221.57
1452,202,5,15481.52
3876,256,2,40340.8
4397,253,1,6934.61
2452,254,5,16783.89
5026,211,4,46979.42
5478,219,2,1002.02
4902,237,5,27857.47
2663,216,3,3537.66
4474,238,4,43818.86
4449,260,3,16230.02
1514,227,2,48111.54
3538,291,3,45990.94
5433,225,3,32412.16
2507,242,5,12024.15
4050,207,2,13082.73
4257,238,5,20754.3
4137,240,2,17539.98
4277,230,3,18049.14
2959,207,5,43243.88
2568,267,5,39835.26
5867,292,1,26917.95
1775,245,5,39112.63
2537,265,1,15541.45
5547,249,5,36181.65
4536,290,5,711.29
3496,296,2,35991.57
4651,293,2,24793.29
2884,227,5,1034.54
3997,238,4,13562.8
1680,266,2,13638.33
5701,210,4,9090.01
4414,225,3,40372.66
2090,287,1,49917.16
2374,283,3,7826.36
4129,204,4,43782.76
3822,251,4,35370.52
2331,226,5,37189.19
1590,204,1,9568.92
2512,217,1,39857.57
5061,245,1,7972.65
3536,201,1,30286.91
5177,207,3,19583.11
5743,241,1,2714.65
3026,295,4,21604.47
1159,225,5,23689.55
1741,205,3,6096.93
2907,202,1,11341.12
4627,240,1,5537.27
1131,233,3,9737.03
4639,238,5,19599.95
2951,221,1,28369.41
2770,284,3,25801.74
2201,203,1,7548.45
5711,289,2,6525.72
4865,246,5,20646.17
3063,223,4,36925.85
1244,218,3,11783.99
3211,275,4,29258.85
2399,208,4,20006.31
3278,283,4,38302.52
4478,213,2,32155.17
2266,256,2,17093.24
2443,297,3,36955.49
5407,207,1,22515.23
4290,274,3,35391.28
5648,243,1,23014.65
5983,203,1,25517.75
3347,270,4,12878.03
5863,286,1,31459.34
1115,208,4,4659.8
3535,281,4,24105.4
1377,230,5,44851.16
4323,233,5,40042.98
5001,252,1,32260.71
1247,262,2,41430.89
1685,240,2,16396.71
4427,204,3,39755.52
4569,254,5,48838.24
3109,251,3,961.8
5028,203,1,1911.48
5902,293,2,6953.49
4923,251,4,29830.99
4699,248,3,25105.35
3901,203,2,48829.61
3858,236,5,19327.43
1170,290,3,13510.32
5665,270,4,34574.27
3940,215,1,16509.01
4008,235,2,11809.75
1472,213,5,34418.85
5345,264,5,35904.44
1097,255,1,47495.36
1524,224,4,13011.87
1455,289,4,15613.89
2881,226,4,3124.86
4481,252,4,21452.63
5889,210,4,21122.89
3544,203,1,4692.27
5124,290,5,40989.36
5368,255,2,49918.94
5867,297,2,19759.41
3059,206,2,40205.49
1910,264,3,48113.95
2316,265,4,22425.09
1748,226,1,17979.65
2890,255,2,24490.1
2239,213,3,5433.56
3322,279,1,18381.41
3845,272,1,28944.99
4018,221,5,48740.88
2530,286,4,49469.64
5678,292,2,34746.65
5686,271,1,39165.81
1467,249,2,44710.17
4364,212,2,27115.74
5013,230,3,45083.91
2825,293,4,12562.93
1621,297,4,25827.37
1811,235,1,30537.35
5741,288,1,16215.76
4781,230,1,46695.56
4273,243,2,24679.2
2372,253,3,7125.09
3247,215,2,8491.69
2766,221,5,47166.28
3214,269,2,36736.9
3339,224,2,7472.07
2410,209,2,1261.14
5233,221,4,42883.63
1826,205,5,25762.87
1185,276,5,46661.72
3545,240,2,38690.67
2802,270,3,33387.53
3101,283,4,11072.25
2863,284,5,14295.49
4579,231,3,10162.24
4379,293,3,43793.06
3368,286,4,11197.61
1183,220,5,6540.24
1134,275,4,12605.04
4667,256,3,48969.07
1848,252,1,14500.44
2881,234,1,8705.93
1137,246,4,29057.75
1923,256,1,41754.22
3872,257,2,44794.61
4918,262,2,3808.02
3728,276,4,21865.48
3598,234,1,30715.33
2861,247,5,28479.77
2904,209,3,10255.44
3784,212,3,34633.79
3962,232,4,30041.76
2464,216,1,27651.14
3589,231,5,35417.32
4531,267,4,2106.8
1852,286,3,19378.06
5904,292,2,6625.17
1420,251,4,18900.81
2261,296,2,24798.19
4694,239,3,34937.36
2862,265,3,45082.74
2442,257,5,45805.9
3440,289,3,38068.37
3187,247,5,22743.05
4617,278,2,16301.03
4295,232,4,42566.89
4914,247,3,23003.7
5069,279,3,42717.42
1416,250,1,18104.23
4173,289,4,28632.19
5208,203,5,36983.9
3476,236,5,13426.12
1560,298,2,48237.02
5013,252,1,29124.23
4315,268,5,26540.75
4521,237,1,44774.88
2080,256,4,37934.63
3845,292,4,1700.51
2970,236,5,162.54
2919,244,4,8359.29
5887,232,4,34274.44
3268,223,2,8797.14
5361,285,4,48185.77
2501,296,3,40710.64
3605,260,3,39259.56
5213,289,4,48432.26
4089,230,5,33484.99
5588,274,5,8339.7
5300,228,5,3915.1
4934,230,4,39843.43
4978,202,1,2099.05
5802,228,1,28481.0
4478,292,1,23781.01
1148,256,2,6346.51
2502,245,2,44316.13
4972,296,3,2411.48
2588,240,3,5871.34
5376,263,3,42655.59
2618,261,5,40491.08
2134,214,2,39422.99
3105,284,3,27963.82
1872,294,1,14809.2
5559,233,2,5015.24
5425,248,2,10900.9
2664,294,4,25332.57
1783,222,1,40158.84
1223,248,4,179.44
2210,222,2,9371.82
1876,205,2,6159.81
5823,223,4,35002.71
1925,215,5,10572.46
3537,209,4,26527.29
3973,271,5,2008.88
1138,210,2,4279.21
1578,286,3,31785.39
4596,211,3,42425.32
5326,273,3,2032.24
3235,267,3,12181.11
4686,300,3,48974.02
1531,257,5,29562.74
2870,230,1,38020.19
3681,218,4,46084.0
5315,273,5,40543.53
1393,247,3,3105.02
4761,251,4,42420.76
4371,274,2,24528.41
4683,221,3,34114.9
5124,286,2,35871.7
2730,217,1,7859.44
1461,268,2,12245.54
3532,256,2,2601.07
2666,270,1,20709.48
4396,257,3,5333.23
1316,268,5,25019.44
3091,267,1,46640.78
1851,233,4,23154.92
5697,212,3,4401.03
2319,220,2,36967.45
3798,272,3,3637.51
2861,230,2,39589.93
4968,245,4,10243.92
3199,239,4,3738.57
1711,237,5,34951.92
2859,249,1,39629.06
1688,243,4,42961.1
3157,231,5,28330.49
5887,300,4,40370.97
2548,220,1,13062.59
5637,244,2,17411.39
1523,288,5,13359.61
1699,294,3,37115.73
4810,259,2,9659.09
2948,230,4,258.73
1393,296,4,43176.75
2346,214,1,31609.98
1403,277,2,25720.63
2100,262,3,43430.47
5978,282,3,9246.97
5526,216,1,16987.13
5777,240,4,17680.87
1557,205,3,47696.79
2738,252,4,14395.19
5323,298,2,10944.85
5591,297,3,32724.43
5822,209,4,22850.68
4627,229,1,35688.73
1826,226,4,16814.56
4811,211,5,34975.78
4799,224,2,30264.16
2214,204,1,49715.54
2408,242,3,42269.57
5600,295,2,21729.06
2118,271,4,4952.22
5364,213,5,21999.26
1563,286,5,32289.48
2106,292,5,16945.74
2380,266,2,1106.39
2759,275,5,22032.78
4017,294,5,34686.22
5411,252,4,39695.27
4881,203,2,3267.92
5675,259,1,11288.16
3125,261,4,9984.89
1315,274,2,30857.92
5427,206,3,16498.23
2480,201,1,11667.93
3007,262,1,20181.41
4723,232,3,47090.78
1752,281,3,49599.36
5588,271,3,39606.76
2972,226,4,23226.57
1937,247,5,13469.45
1576,283,4,827.55
3304,264,1,15337.6
5242,233,3,46852.9
3697,256,1,38737.31
2764,209,1,31780.49
3166,300,2,6758.06
1870,284,2,42568.16
2121,281,3,13971.46
3109,222,5,14077.47
1740,283,5,47280.23
3912,278,3,39167.74
1293,226,1,24911.27
5573,239,5,14946.52
4913,266,4,47927.52
2453,228,3,47830.58
2641,266,5,32720.92
2335,234,4,29608.55
2049,297,1,10092.15
1754,291,2,20524.24
5832,225,2,17201.44
1578,263,3,22863.12
2371,270,2,21499.65
1083,203,3,15355.09
5497,204,5,23887.24
5289,249,2,20557.98
5204,228,5,40889.86
3108,211,3,3167.96
2636,287,4,35304.25
4914,213,1,8819.92
5091,249,3,6322.39
4641,249,2,4750.24
5491,251,4,25506.83
4579,297,3,39015.49
2108,287,1,31202.77
3031,288,5,39409.01
5134,231,2,28383.84
5547,294,4,5267.61
2515,278,3,31726.54
4125,229,4,27044.33
2928,251,1,22393.62
2788,253,3,41476.15
1824,263,4,31543.52
2605,274,5,19864.12
1137,217,1,38986.02
3039,267,4,15460.58
2660,285,5,35775.55
1008,297,4,46791.77
2986,238,1,26266.56
2670,209,3,289.18
4332,221,2,9580.49
4914,284,1,3793.07
1433,203,5,24034.09
1208,227,2,29789.33
2073,209,1,30399.94
3237,219,1,42099.69
2182,226,5,26039.86
5297,291,4,1653.37
2425,239,5,49966.74
4123,201,3,39391.04
1576,212,1,10925.09
2643,249,3,49064.07
4613,252,5,23940.16
3853,290,5,15236.03
2322,202,3,17702.36
2955,289,5,17963.25
5219,259,2,41006.93
3556,272,1,22034.62
3161,294,1,47815.87
1285,231,4,8485.52
2701,254,2,8327.85
5714,219,4,10641.45
4211,253,3,30532.63
3794,206,3,48256.22
4741,258,1,36836.82
4583,256,3,5353.47
4582,274,5,20998.9
4986,280,2,18439.71
4545,229,3,3450.69
4691,284,2,25696.98
1493,227,2,5991.97
5374,228,3,19551.7
3657,235,2,28827.91
2297,201,3,24162.35
3518,290,4,27240.85
2762,256,1,42684.0
1440,223,5,49085.82
5921,268,2,33176.2
1375,246,1,30957.29
2851,225,5,15203.0
2621,263,3,16982.38
1349,253,4,43186.19
3985,227,5,43252.58
4749,300,2,3154.23
2813,269,2,48217.73
5754,229,1,27938.44
2056,236,5,30308.52
3993,262,5,40868.45
4070,209,3,37289.45
3868,241,4,47674.96
3341,283,2,46492.69
1672,227,3,23761.64
3118,264,3,38849.08
2307,272,2,32692.06
1806,294,2,4375.55
1054,214,5,36035.04
2553,244,2,20623.07
2372,210,3,5558.54
1818,245,3,31500.15
4786,245,3,43877.45
3961,205,1,926.47
4826,214,2,40124.56
1720,212,4,26246.53
1612,235,2,1107.64
3796,263,2,32174.85
3837,232,5,41269.95
4306,240,2,22177.26
4831,231,2,49947.77
1412,257,2,2170.63
5434,269,2,18085.12
1812,252,2,35499.34
1934,290,4,7332.55
1550,296,3,15333.19
4538,231,4,17671.25
1116,221,5,28156.27
4582,259,3,17108.72
4559,208,3,43408.18
1263,210,5,25624.12
5015,300,2,43511.02
5576,285,5,5183.4
4017,288,3,44952.41
5160,235,4,36904.64
5285,250,5,46726.84
4859,267,1,36452.12
2504,277,5,18024.26
3850,208,3,18623.53
3342,236,3,9473.59
2752,247,1,41343.75
5224,299,5,22006.08
1124,292,1,760.65
4395,217,3,34416.85
3214,216,5,32572.76
1235,208,2,18529.55
3022,215,4,5296.84
1450,255,4,20141.11
4067,211,3,48375.3
4808,281,4,42681.64
1813,245,3,25011.31
3870,277,2,40529.37
5650,218,5,39407.23
1306,210,3,17066.31
1744,254,1,20282.3
3866,247,2,22068.09
4388,268,3,49349.46
4097,224,1,35352.71
1872,295,5,32092.98
4351,206,2,35451.13
3588,246,4,32395.06
3507,217,2,9068.05
1048,290,5,1496.34
2814,289,2,8329.59
3439,203,1,28960.36
5746,284,3,47133.14
3873,269,4,32650.61
1804,297,1,30756.13
2944,257,5,21872.9
1682,219,5,44100.16
2873,248,1,32322.65
2225,233,1,23735.62
5087,215,5,30088.15
2304,293,5,46406.12
3204,207,1,36157.2
2904,201,2,42026.11
5451,216,5,42467.93
2002,211,3,7325.79
2332,240,5,23423.79
3866,269,1,42261.21
3408,218,3,32131.6
5488,202,3,5289.86
3896,247,5,16336.93
4717,215,3,30731.81
5062,269,5,48518.63
5777,202,5,40129.4
3921,238,1,1786.81
5128,248,3,28033.85
4707,267,1,33998.14
1194,244,2,32740.1
5512,240,5,29590.92
2017,209,1,35028.96
3296,257,4,34139.07
2540,240,4,25829.83
3839,275,2,9231.69
5451,284,4,34757.63
2490,266,4,26333.22
3315,215,1,41516.95
1578,255,3,43679.76
5423,277,3,16158.06
1754,267,3,2137.4
5309,292,4,35991.08
2274,228,1,11669.26
4102,214,3,2567.33
3772,225,4,43680.85
1870,258,4,33800.04
1799,250,2,22966.13
1622,261,1,16915.73
2165,267,2,21416.73
3621,250,4,3259.88
3290,272,2,7873.94
1916,294,3,12775.06
4921,277,1,49384.51
4704,231,4,36366.67
4717,239,4,41335.23
5717,257,3,14447.43
2615,235,2,32637.94
5092,263,5,28839.17
2588,210,3,31802.78
2912,239,1,46186.25
2813,299,4,32575.85
1473,250,3,35772.19
4009,207,5,35413.73
5437,296,3,432.66
5217,283,2,21683.89
5345,268,3,7714.59
5394,238,3,32828.19
4187,294,3,42456.16
4603,281,2,9087.18
5668,277,5,15331.08
2542,209,4,44771.35
5720,238,1,27296.18
2199,297,1,48175.95
1634,264,1,13094.76
1820,297,2,16193.84
1157,284,2,32062.65
2101,258,5,36350.74
3692,272,3,8572.83
1689,212,5,40614.95
1031,293,2,41701.74
1891,220,2,26104.22
1734,235,2,8496.52
5017,201,5,9081.48
3326,279,4,43606.25
1900,239,3,22564.75
1851,257,4,22900.68
4252,227,4,21609.0
5072,240,4,26331.04
5608,256,3,155.97
1590,202,2,29789.78
3380,223,5,33929.32
5296,283,3,15003.04
5076,243,3,41251.8
2675,215,3,37498.86
5655,230,5,4016.69
2138,293,1,22188.44
1043,265,1,47718.74
4497,266,1,4806.75
4061,230,5,21890.35
3733,280,3,25776.9
2658,289,3,25592.87
3153,299,1,38810.46
3011,275,5,27795.39
3561,235,4,15596.19
5725,275,4,38618.34
3061,245,3,43354.33
2682,283,3,46473.76
3889,271,4,19380.82
2863,282,3,15962.83
3883,257,4,49181.98
1137,271,1,5552.83
3751,253,5,6430.38
3007,219,5,41810.33
5818,248,5,4622.44
3985,223,2,41621.79
1200,225,3,2092.44
5710,263,5,10514.84
1660,291,1,13164.98
5824,227,2,16256.96
2308,294,3,11331.44
1276,260,4,14235.85
3991,269,1,33414.17
5388,295,1,10058.96
4435,285,3,38186.26
4289,295,4,23245.04
3717,290,3,32902.42
3441,229,3,6505.39
1484,245,5,35379.73
1487,296,4,39727.1
1023,233,5,20181.55
1717,212,5,26671.94
5664,233,3,26353.82
4700,277,1,7483.75
2097,241,2,32522.77
3635,252,1,15497.22
4821,243,4,42562.25
1292,300,2,5509.3
4163,211,4,27041.56
3200,295,4,45792.12
2267,264,2,47388.74
1171,284,1,37738.15
3818,201,3,1745.77
3693,234,2,15583.68
3498,228,2,25995.6
2460,239,3,36104.92
3357,298,4,41513.05
1403,261,4,1944.11
5063,261,4,8787.0
1189,272,4,37334.87
3066,251,4,14009.05
2508,228,3,27364.89
4168,279,4,40970.56
5209,207,4,5898.11
3265,299,5,35257.0
4445,218,1,6494.8
5511,224,4,44274.5
1278,254,4,17194.63
5168,251,3,16975.87
1475,212,4,13937.07
4360,219,4,20724.27
4189,299,2,28331.48
2884,296,1,4856.23
2095,295,4,19425.84
5072,289,5,3703.04
5639,296,3,47636.84
2354,291,5,31847.59
3272,224,5,38601.75
4832,215,1,33515.03
2558,283,4,39246.26
3441,288,3,8342.36
5213,289,1,32027.77
1288,279,2,27280.16
4962,211,2,20920.47
5379,223,2,34399.2
1761,290,1,1572.38
1669,245,1,33815.59
5558,226,4,30847.73
2042,270,1,49317.88
1507,280,4,25934.7
3365,286,5,19293.26
3194,223,5,46179.13
4980,278,3,14671.37
5951,236,2,8238.81
4192,259,3,28769.66
5639,256,1,32962.46
2507,235,5,20560.25
4731,208,5,27232.07
5805,262,2,2218.23
5942,251,2,40232.96
5391,240,5,5258.92
3744,296,4,18989.49
3679,204,1,30615.04
5471,256,2,2981.22
4133,212,3,22762.77
2605,294,5,22727.12
5318,264,3,24323.26
2977,234,1,1177.48
2438,263,1,7596.91
1120,226,5,5846.67
5178,212,4,9571.94
3620,259,1,30711.16
1709,250,2,42242.08
5314,274,5,36106.02
4850,285,1,16509.74
3889,217,4,33314.57
1273,251,5,14622.98
1465,288,2,11562.42
5125,207,1,36903.94
3420,297,4,18618.92
3693,256,3,25284.85
2326,237,1,48497.45
1242,232,1,1108.28
1147,285,1,23826.28
5097,234,2,27708.65
4661,206,1,34474.22
2698,249,5,35598.97
1886,297,1,1622.24
2344,296,1,2900.32
3053,270,2,16110.61
1302,237,2,21675.04
3692,270,1,28088.2
2011,219,1,31345.5
1127,285,1,48364.14
3788,250,2,47901.12
2944,271,1,35902.36
5199,263,4,9246.12
3302,295,4,43643.01
1877,239,5,28581.84
1210,295,2,43429.82
5976,241,4,46662.07
2743,251,4,17946.1
5844,260,2,42758.85
1358,268,5,29497.88
4965,236,5,14773.42
3502,232,5,18274.7
4828,275,2,13383.31
2760,275,2,26665.41
1463,248,1,4493.12
2321,255,4,26593.85
4306,236,4,30275.58
3412,289,4,24623.6
3600,269,4,19737.29
1610,264,4,21771.47
4738,286,2,16177.62
2836,272,5,48231.01
2951,213,2,37602.43
1277,268,5,9334.07
2236,287,4,11416.76
3117,275,5,28581.56
5422,246,3,2141.27
4023,235,1,16408.53
2008,222,5,23651.38
4541,217,4,32801.6
4079,260,3,9053.88
3370,282,3,21361.85
5696,278,5,12920.65
2700,240,3,35897.52
1242,217,4,40736.45
1972,251,1,46320.4
4962,214,2,16138.57
5202,284,1,46007.43
4493,293,5,46426.09
5478,244,4,9189.15
4198,257,1,30585.54
1771,204,4,18294.63
4677,276,5,1120.02
5342,220,2,14531.3
2203,292,4,14196.23
1020,217,1,22090.48
4379,272,1,10816.74
4306,241,4,26805.84
3096,288,1,49169.29
4558,213,1,21759.24
2416,222,3,39412.06
4235,237,2,21812.16
3203,281,3,18870.5
2102,225,2,20931.13
1247,202,3,8750.98
2792,279,4,32607.05
3084,271,3,36333.22
2201,298,3,20555.96
2164,250,1,9293.49
4966,232,2,35190.38
4254,230,1,16551.58
1316,240,2,48714.23
2690,255,3,23988.26
5583,231,1,10396.37
2743,209,2,44472.1
5747,262,2,6416.37
2955,278,4,20077.1
3955,240,4,17487.98
2434,235,5,28956.76
4695,275,2,19527.33
4376,275,4,41764.87
3146,265,2,670.2
4580,238,5,13256.49
4528,240,5,22019.84
5161,278,5,20670.52
5229,269,5,49655.94
2029,258,2,22113.7
2637,261,4,38095.14
3077,201,3,2803.63
3736,238,2,46824.72
4646,223,3,16400.37
1139,290,4,21941.63
1308,233,2,4010.5
3418,282,2,36226.82
2310,217,2,44529.26
4838,228,5,38207.8
5203,209,2,17365.24
4284,243,2,26300.02
2298,237,1,32073.32
3644,212,3,7952.73
1286,255,5,26705.13
1685,254,3,7610.45
3807,257,2,7757.94
4151,239,2,8803.36
2191,264,5,25016.46
4277,234,5,32566.37
2711,245,1,44340.64
3162,204,1,23575.77
1037,298,1,22294.47
3238,275,1,14014.61
4414,283,2,11868.42
1699,291,5,7044.69
1242,254,2,14215.81
1151,210,4,5738.62
1247,254,2,30443.77
2514,233,4,32515.07
2234,289,4,40884.03
1389,293,5,47140.0
5447,228,1,37843.44
2580,213,4,30955.93
5749,285,1,46913.75
4024,271,2,8499.35
4313,239,3,2321.11
4813,251,1,14783.44
3991,249,1,2489.35
5490,255,5,2620.94
3507,294,5,41565.37
1273,300,3,26418.34
3318,216,1,15324.13
3854,281,1,35880.87
1453,295,5,12243.13
4237,224,5,6907.77
3585,233,5,37229.94
5622,212,5,46669.64
4105,232,4,423.22
1475,231,2,44206.42
1500,245,1,43818.68
1136,203,3,30062.37
4415,284,1,32534.1
5176,296,4,10249.25
3400,220,2,38645.17
5131,206,1,21436.27
4913,226,1,4077.22
1806,243,3,44180.34
5478,232,1,14281.0
5115,247,4,18692.26
3914,240,4,41816.35
1716,278,5,43080.03
5330,251,2,36886.36
4541,217,4,27353.65
2759,222,5,23514.64
4745,230,2,43769.89
4073,205,3,2244.39
3391,203,4,9324.38
2135,254,4,46887.44
1127,255,4,23329.1
1312,232,2,5178.92
4312,230,5,38249.84
3459,217,1,45317.42
2258,267,2,48148.08
1534,265,4,26152.4
1706,209,4,25459.21
4868,257,5,36859.27
5788,258,5,13069.35
2737,292,4,4830.46
4874,281,5,35181.13
2268,243,2,3849.58
2057,286,3,7290.37
5325,249,5,29654.67
3170,237,3,21159.65
4992,240,2,14006.94
2776,201,1,28191.3
5704,257,2,38939.62
3323,259,3,37844.76
4284,212,4,21463.22
3984,213,4,22370.47
1247,253,5,634.47
3446,214,2,45705.2
5887,204,1,31999.56
1798,280,5,8206.02
1346,211,5,45752.93
1359,212,5,32226.08
2890,275,4,47120.22
4609,207,2,6210.24
1534,275,4,13205.92
2067,217,4,41938.9
5363,299,4,24093.32
4357,297,1,46557.01
3769,293,2,30046.21
1691,216,4,43289.67
4162,251,1,35544.97
5710,238,5,12714.71
4843,222,1,10697.15
4338,264,2,21856.35
2764,247,3,42425.01
3219,300,5,31627.34
5415,259,4,44240.91
1064,258,4,26590.12
3496,262,2,24650.97
4298,218,5,42543.99
4073,242,2,40011.68
4774,248,1,45339.71
1855,227,5,39034.79
4398,269,4,35716.99
5989,279,1,43319.45
5681,273,2,42904.47
5794,244,3,49679.55
1021,205,4,11534.23
2335,243,2,46534.65
1261,203,3,12635.67
3470,242,4,4576.22
5369,216,3,9033.06
5465,260,3,38073.31
3618,233,1,35260.12
4412,292,5,18698.72
3832,282,5,1999.65
4877,262,3,35496.54
1044,208,5,19370.25
4367,258,3,1075.05
5376,218,5,10088.41
5550,206,2,12338.98
4343,290,2,9325.27
1093,221,3,28967.74
5650,281,5,24043.01
3044,286,2,43952.55
5141,263,1,21011.01
4224,300,2,33464.21
4303,213,4,4589.06
3517,242,1,7111.0
3659,261,5,42864.66
2324,206,4,48105.31
2587,275,5,21671.35
4944,286,1,29999.79
4918,294,4,36474.68
4898,285,3,22819.83
4645,224,3,44300.16
4878,245,2,47216.03
4556,258,5,2965.81
5727,253,1,29263.7
2745,245,2,1020.97
5175,254,1,4172.21
3138,296,2,42119.57
4333,209,1,7598.83
4936,213,3,35086.44
3288,283,5,44210.18
3847,216,2,43393.25
1515,268,2,13684.3
1051,288,4,17874.86
1616,237,2,34372.67
3928,205,2,15378.77
3362,267,4,8175.97
3229,230,4,3816.51
2588,277,1,22041.58
2336,209,2,25045.78
1179,248,5,35486.23
1285,285,5,34594.72
4268,225,2,36475.78
4796,259,3,15095.71
5067,206,4,7015.4
3059,282,1,13799.36
2424,235,4,14346.43
2000,219,3,12890.99
4275,274,2,9336.73
3238,300,1,33951.24
4717,261,5,3163.91
1268,263,5,24326.17
4498,201,4,3764.08
1048,239,3,33807.59
5141,237,5,27302.27
4550,218,5,9945.81
1716,215,3,41148.92
3603,259,4,18888.6
4165,251,3,4359.77
2794,203,1,14310.79
2546,201,1,32151.04
4517,286,2,12841.19
5075,273,4,10329.9
4432,277,5,30653.59
3054,258,4,10126.14
4018,250,5,41914.25
4052,268,3,4742.3
4713,263,1,35154.68
1397,266,3,7607.89
1530,274,4,10762.56
2799,274,3,31098.98
4711,269,1,45997.77
1980,255,3,9284.59
3810,217,5,33800.46
5120,228,1,23694.1
3925,227,3,11792.99
1755,282,2,9045.5
3333,238,5,26234.51
2413,290,3,32364.07
3361,229,2,5374.85
1858,278,1,30543.49
1464,216,3,32054.1
2728,259,1,19608.27
2352,242,4,13250.78
4933,222,3,34133.32
4463,229,3,14557.25
4646,204,3,30758.48
3538,292,2,24800.74
1064,233,3,24901.25
1762,267,5,31398.44
4922,248,4,11451.18
5578,272,1,4631.86
2890,249,2,10682.82
2459,287,2,11504.42
5935,267,3,11471.99
2020,282,2,12861.05
2044,295,3,44210.28
2725,236,1,32078.8
5612,263,1,42862.53
5131,285,2,741.89
1748,216,2,35011.28
2230,269,2,48534.5
1120,265,3,1815.71
2915,267,5,4740.25
2473,286,1,5009.73
1459,250,5,1170.77
5320,261,5,29728.18
4416,224,5,8406.45
5334,221,3,26298.34
4550,253,4,24705.26
3768,245,4,47503.82
5530,288,4,1370.79
3796,222,5,44652.76
1853,213,5,25448.94
4816,228,3,2357.51
3589,214,3,4917.66
4908,215,1,28783.67
2367,243,2,17931.68
4419,268,1,2249.54
3550,292,2,21491.23
1390,235,2,13407.22
1012,290,1,47562.07
5623,287,5,49527.34
4490,216,2,35428.93
2380,218,3,3997.97
3721,206,5,18102.35
1747,218,4,7097.42
2780,292,5,3034.98
4853,235,3,47107.45
3075,250,4,45829.89
5768,289,1,27905.89
4409,280,5,2737.54
1757,225,3,4052.17
3232,230,4,19799.98
2552,209,4,41459.12
5336,219,3,446.71
3962,257,2,15226.45
2316,208,5,13807.86
1771,248,1,47018.93
5273,204,4,4403.96
2555,270,1,7281.79
4355,285,5,48218.42
1181,272,1,26038.26
3947,300,2,20122.55
4621,210,2,49632.93
3249,287,2,40864.78
4083,260,1,23149.31
1561,205,2,23643.65
3941,257,4,37314.17
4768,270,5,1292.94
3604,213,1,44003.33
4430,209,2,14192.21
3079,207,3,31111.67
1782,255,3,18726.31
2839,259,4,23794.18
1130,249,2,31055.35
3863,263,4,36203.49
3700,204,3,34128.53
2602,276,5,18217.3
3150,296,2,40252.25
2229,292,1,19474.42
2260,253,3,40054.44
1351,203,4,21778.16
2457,223,1,42877.35
2350,270,3,28944.87
1429,219,1,48883.27
2129,277,5,2732.0
1452,204,5,35079.9
4302,268,4,13737.37
5545,253,1,36039.77
5825,220,3,156.95
3297,244,4,32208.69
1864,207,4,3538.64
5024,293,4,23520.77
5854,265,5,16475.25
1109,299,4,16578.45
1440,257,5,30189.9
2370,229,3,30099.07
3707,253,3,21110.6
2440,269,1,45095.26
5173,247,4,29369.81
5698,214,5,27748.87
3123,235,2,10231.63
2296,299,2,37974.83
5072,252,4,39942.22
3749,224,1,33408.8
2499,235,1,37196.94
3439,269,2,25521.46
4765,283,1,46259.24
4325,233,1,14845.89
5113,205,3,9962.33
5578,285,4,13522.87
2775,246,3,20418.78
1890,287,2,5274.94
2211,292,5,38906.67
5896,230,4,15316.27
2300,272,5,20706.9
2873,223,3,13743.91
4351,282,1,17333.33
3702,260,4,22900.34
1987,287,1,32052.0
3465,292,3,41471.45
2486,215,1,11918.56
4280,282,3,37481.81
5696,226,5,34182.0
3170,212,4,34564.8
4199,265,3,2016.31
4982,226,3,2997.33
1834,245,5,26251.01
2301,244,5,2908.16
4759,251,4,28287.53
3341,254,3,25934.8
2299,287,2,41764.6
3450,202,3,29967.12
1038,268,2,41031.05
3696,268,3,22126.98
5911,294,3,49452.79
3316,206,1,23698.47
1267,264,3,49372.77
5688,233,3,44720.52
4216,238,2,36181.25
5049,210,5,13069.01
3527,209,4,34774.09
1001,240,1,31777.26
2488,246,3,3701.56
2712,293,1,17801.87
3279,271,3,7568.54
5382,283,5,40029.66
5606,224,4,38778.49
4925,204,4,15585.56
3662,253,4,33656.82
4108,290,1,6606.28
1856,239,3,19845.17
1589,282,4,8744.68
2234,221,4,943.55
2033,215,4,7634.84
5208,230,1,10093.99
4228,259,3,28840.28
3681,267,2,45290.64
3139,279,1,15040.4
3391,205,4,40367.84
4641,268,1,17397.94
4915,267,4,17686.52
5409,274,1,7974.58
2256,255,2,27715.7
5725,236,1,31521.14
4164,272,5,18844.93
5462,218,1,45268.05
4553,265,2,19993.51
3773,212,1,5530.96
1670,206,3,31096.44
2339,252,5,809.35
1702,280,2,4097.09
2846,260,2,15246.82
3685,205,1,21026.11
4395,232,5,42073.06
1051,208,3,21466.29
4177,282,4,25805.96
1312,255,3,37080.4
5152,257,3,36497.87
5513,236,4,18926.71
2645,276,2,13951.79
5781,235,1,824.81
1369,255,3,8124.75
5411,217,5,13894.67
4953,248,5,6171.18
5612,263,5,8876.24
2095,266,4,44317.5
2650,255,2,47480.53
5779,252,5,4122.99
1374,300,1,18976.41
1686,266,1,7986.29
2421,237,5,29537.81
4291,209,4,19602.99
2731,241,1,4683.0
5088,203,1,6418.3
1793,262,4,14264.38
4044,299,2,42132.46
1256,289,4,47710.31
1929,287,4,23079.04
3303,215,3,7981.55
1023,250,2,14391.26
2011,244,4,14166.73
2761,265,4,449.96
3576,218,3,4149.55
1248,285,5,5396.37
1725,285,5,40549.51
2205,269,2,19964.79
4163,282,2,9890.7
3194,254,5,33845.51
4408,275,5,49556.79
1953,248,3,18603.84
1532,253,4,26067.09
4569,240,3,46615.24
5822,207,2,12887.33
1049,258,5,10867.92
5523,215,5,40795.84
3506,231,5,3050.98
5063,266,3,186.2
5192,224,5,2904.85
4288,246,4,43002.39
5618,236,5,44364.43
3830,260,4,24671.38
4420,260,4,44528.35
5962,225,2,18671.51
3704,231,4,43116.0
5400,244,1,26811.9
5775,282,1,29897.84
1771,264,1,17614.27
1356,283,2,30087.82
2422,219,4,5966.79
4660,295,2,15565.63
3420,289,5,15294.59
2653,233,3,34254.79
4744,247,3,36368.12
3062,292,4,6226.33
1625,231,2,24275.43
2309,218,5,13126.01
4103,201,3,28703.83
4073,291,5,46462.45
5687,235,1,1833.25
2467,253,3,11823.47
2220,224,3,43124.39
5731,297,5,495.88
2742,254,1,5315.44
2833,267,3,39218.24
2084,294,5,47336.63
5732,281,3,43465.62
1598,206,5,293.31
5276,217,2,18581.2
1255,294,4,26565.09
5281,202,1,12907.27
2575,243,1,40270.6
4212,281,1,14518.59
2484,247,4,33323.53
1889,275,1,46049.32
1620,291,5,9604.82
3186,287,1,44495.17
5765,299,5,173.57
3693,299,3,11935.86
4289,214,3,37464.37
2486,292,4,33541.83
5209,253,5,47134.28
1139,232,4,31972.09
3480,300,4,25165.58
4217,291,2,23557.86
3125,296,3,23501.53
4638,297,4,19668.45
1255,289,3,16963.77
1999,245,3,47095.25
4391,279,5,45604.58
3723,208,2,5157.53
5922,266,1,30056.16
3994,210,2,27615.95
2304,245,2,49473.64
5022,285,2,46161.78
1315,289,1,5918.07
3419,218,2,20266.06
1910,224,1,31174.15
5537,219,2,20367.72
2202,272,3,22366.71
4197,225,1,35951.99
1180,250,3,3838.72
4646,240,1,5812.9
1575,290,5,45693.02
1411,266,5,11952.15
4267,261,1,12053.98
2119,239,4,14622.82
2177,213,1,30896.16
1924,246,4,37832.3
5785,214,1,18868.21
1440,218,3,29166.25
2379,300,2,31872.97
1762,226,3,38574.83
3950,246,1,26986.56
2814,257,3,11379.22
3966,223,1,32668.49
3882,214,4,2604.62
2229,206,1,3464.98
1830,281,5,42184.05
5399,242,5,13079.16
2038,211,5,16580.03
4480,201,4,5010.32
1555,269,1,11679.55
4413,228,5,6072.05
5397,262,5,18998.47
5480,271,4,23624.7
5900,241,4,5775.63
5264,227,1,9671.25
5269,259,1,48730.99
2544,217,2,46905.69
4392,239,4,31283.57
4352,205,1,10604.63
3114,254,5,1043.15
3857,226,1,32263.7
1035,254,5,15220.08
5784,239,3,145.49
1409,261,3,13266.35
1980,259,1,3569.87
4654,280,3,18926.63
3050,263,3,37820.84
4801,291,5,12888.11
1321,239,5,34457.39
5627,248,4,7828.41
4670,229,4,43797.58
4010,259,4,6374.03
1122,293,2,11521.19
3130,258,4,33637.03
1685,234,1,46041.12
1981,260,4,11696.98
4553,292,2,1878.33
2984,281,4,38945.97
3186,219,1,10150.99
3338,242,4,48791.86
2179,272,5,21275.21
3749,237,3,231.27
2483,235,3,14874.79
4691,245,4,14364.26
5491,231,4,41508.21
3068,227,5,25491.62
5693,274,5,3090.89
5735,255,1,456.8
5379,297,5,47060.77
3862,250,5,40308.95
5171,217,1,20861.24
5820,215,5,1675.66
2124,201,5,23530.99
4956,263,1,44425.08
1111,280,1,8436.42
3542,203,1,43405.35
5111,215,2,26447.38
4761,218,3,14850.43
5862,279,4,22377.09
4245,234,1,46093.3
3348,230,3,48881.03
1867,219,5,31846.46
1866,208,4,10196.83
3654,296,1,26223.9
2937,232,2,44136.69
4672,299,2,983.08
2394,244,2,7714.78
5740,275,2,5772.8
1090,239,4,4747.83
1531,262,1,39836.07
4253,245,2,34089.23
4913,292,4,24172.04
2074,262,4,48622.34
3217,238,4,3497.85
4964,265,1,25431.49
3007,231,5,2208.5
2136,209,4,14074.18
3796,216,5,37058.26
3009,210,5,10424.26
2727,259,1,46928.21
1531,278,5,5243.49
5991,228,5,18329.58
3300,217,4,22779.69
4084,273,1,11218.45
3098,228,3,46657.37
3668,275,4,30280.81
2264,295,4,35042.84
2970,270,1,11812.63
2573,256,3,46497.87
5111,241,5,40954.24
3662,286,3,36743.27
2388,273,5,20512.86
1919,228,4,18051.58
5887,227,5,9921.98
1311,211,4,49372.49
2082,225,4,13118.61
3706,242,3,11905.17
1699,263,4,14624.13
1660,276,5,2193.23
1937,294,4,4678.55
3795,242,2,7817.67
1618,255,4,10233.1
1827,264,2,14750.65
4352,218,3,28897.54
4900,265,4,21783.62
2143,267,4,40096.77
1039,264,5,4864.68
5051,221,4,37495.14
4962,260,5,26183.89
2965,226,5,8024.29
3637,258,3,13770.06
1696,226,5,1518.3
3349,251,3,5126.08
5646,291,3,48717.58
4292,206,3,47900.59
4789,292,3,31947.81
1795,285,1,13254.3
1795,281,1,3945.62
2846,254,1,18328.22
1972,260,3,7842.29
2453,294,5,4364.93
1612,250,2,8092.49
4844,280,2,43827.78
3517,224,1,18214.46
5971,270,1,39452.12
2181,228,2,15687.49
3776,257,4,9206.26
3628,226,5,7429.31
5140,272,1,1131.32
3839,269,1,8597.83
4981,300,3,7587.66
2859,204,1,19933.53
4496,253,5,12237.64
5662,215,1,35844.6
3569,220,3,27630.64
2780,287,4,27077.75
1968,278,2,10260.24
4505,266,1,25407.76
4552,234,4,42092.21
3910,294,2,7025.74
4480,239,4,3449.52
4234,254,5,23284.93
4808,281,5,49836.43
2014,232,2,12920.88
5275,230,5,29686.18
2746,220,3,10016.45
4468,280,3,6817.47
1933,238,1,3498.38
3147,228,3,24398.11
2656,235,1,17499.7
5812,278,4,13352.81
5091,292,3,34557.09
5836,206,3,501.71
2548,271,5,873.28
3177,227,5,16844.78
5437,274,5,1297.62
3766,229,1,24079.02
3382,281,3,21381.14
1849,259,5,13555.78
5967,286,2,25317.87
5105,297,2,7801.69
1721,206,4,19725.06
1655,255,3,44738.7
1912,259,1,19926.04
5209,281,5,16299.29
1271,226,1,14984.41
1132,234,1,43398.81
5466,279,3,4930.01
3321,240,1,10629.92
2328,223,1,39625.02
2195,209,4,5413.34
3119,254,4,45822.7
3968,296,1,10057.24
4570,254,3,32403.46
2295,224,3,13817.61
1707,239,4,5232.74
4266,287,3,14388.56
3029,281,2,8610.42
2684,277,5,41135.14
1978,277,2,42863.5
2839,209,5,15078.18
1448,278,1,13409.69
2920,283,1,45686.09
2840,203,3,17146.0
5366,271,5,10063.83
4711,230,2,41392.95
2853,297,1,4933.31
5538,299,5,10357.25
4540,282,1,35760.95
1741,201,2,45288.13
1088,268,4,34770.25
5541,281,4,29694.27
3337,204,4,17008.02
5200,226,2,8993.07
3826,213,3,23879.34
1850,217,1,30786.4
1770,237,1,42971.58
4938,258,2,13920.98
2936,246,4,41616.92
4333,234,5,37764.8
1520,281,2,4341.04
2341,223,3,5911.81
4833,235,4,28091.45
2404,202,2,12604.71
1655,242,4,29374.41
5963,276,2,20891.05
4528,286,1,9169.98
2546,222,3,8884.01
1784,201,3,27777.14
3226,297,4,16507.11
4523,252,1,40156.02
4653,245,4,30335.46
4884,293,3,46002.38
2705,283,5,24541.66
1320,288,2,47194.22
1472,299,1,42317.76
3635,203,5,11081.93
4584,255,3,16496.11
2976,283,2,34875.78
2396,263,5,43285.97
1682,261,1,32621.22
1034,248,5,38368.59
1467,223,1,34490.93
1463,241,5,30610.96
3694,253,2,46152.36
5619,285,2,14868.31
5379,215,1,36984.83
4422,240,4,24724.64
5061,255,1,39800.52
5897,201,4,14652.22
2392,215,3,8562.19
2322,261,3,44596.6
5254,212,2,22682.44
3765,263,5,46900.5
5351,237,4,38021.18
5767,202,4,44642.67
5147,280,5,6518.98
4758,217,4,31811.02
2673,208,3,27911.74
3444,234,3,34195.54
5353,294,5,8470.47
5068,283,2,34247.17
4334,233,5,38686.11
1850,249,1,26142.97
3582,266,1,31644.8
2927,287,5,15810.4
5516,225,3,49442.63
5559,236,3,18018.8
1099,202,4,15358.69
5687,274,5,28282.44
2751,210,3,15634.33
3326,201,4,6907.38
4430,268,4,2793.9
4065,286,4,45952.71
1528,265,4,26980.35
2588,204,3,29812.68
1177,249,1,33124.5
5141,266,3,35320.51
3254,287,1,16175.5
2154,284,3,5535.46
4431,279,2,20962.8
3422,226,1,22610.01
1745,282,5,39350.26
5463,248,4,18070.16
2767,290,2,2412.07
5498,252,1,21365.84
3789,202,5,3321.45
4342,282,4,35841.89
5978,224,5,37829.57
3178,279,2,47423.87
2811,266,4,46190.13
3373,217,1,22264.77
5210,216,2,17048.27
4950,219,3,22534.91
2821,254,2,16236.36
2021,249,4,32097.31
3321,295,2,4444.61
3478,259,1,22064.49
4939,211,1,20766.68
3447,218,4,2250.49
3737,263,4,5961.35
5462,202,5,8345.24
4504,274,2,6036.29
1244,294,2,45100.94
5037,230,5,14809.53
4694,261,5,43500.91
1209,286,5,16557.13
2363,220,3,28993.25
4817,245,3,29474.33
4397,210,4,30790.16
3651,223,2,11185.89
5009,203,2,24344.53
2126,264,1,29069.11
3387,299,5,49970.98
2558,267,3,19050.79
1600,295,5,18514.43
3455,259,1,43608.29
2091,266,4,49668.57
3652,292,3,40630.89
5344,251,3,29693.95
3269,288,5,39015.31
1047,274,3,33123.78
5224,265,1,16618.67
2384,294,3,7060.68
2263,234,5,7375.87
4342,210,4,22976.6
5955,248,3,42782.23
4290,282,1,29659.63
4709,292,1,12065.03
2117,263,2,19559.24
4667,265,3,37735.77
1302,226,4,25545.85
4137,225,1,33877.56
2038,242,5,36803.21
1748,295,3,32420.88
4888,221,3,4139.19
4425,209,5,47249.0
3639,248,1,16353.18
4434,261,4,17182.77
2558,245,3,29974.14
3649,255,4,19499.75
3636,214,1,532.69
5417,260,2,43185.32
2076,265,3,12068.33
5514,216,1,19511.72
3328,285,2,15486.11
1099,294,1,33028.23
4900,261,3,3306.66
5098,213,4,40690.77
2081,258,3,38823.52
5759,258,2,33334.35
3639,232,3,2794.88
5204,299,4,13002.71
4887,292,3,35953.5
2685,246,2,19333.97
4664,244,3,45760.91
1962,276,2,45617.29
4190,283,2,44172.83
3335,228,4,15671.67
5923,217,1,17709.86
3202,252,4,27317.97
4567,282,4,4325.14
5168,214,5,32100.74
1407,224,1,6553.77
4537,260,5,45337.09
5945,208,5,23468.74
4155,274,5,1181.53
1878,252,5,45578.15
2121,220,1,29758.41
4925,213,4,31438.24
2692,217,5,2356.87
5266,296,3,13728.66
1835,295,4,31767.18
3065,262,4,39908.19
4918,254,4,4457.09
3627,295,4,36541.61
1356,203,3,4101.84
3375,238,2,6173.14
2886,236,2,46904.05
3853,242,5,44337.02
2316,235,2,8260.52
1033,243,2,19400.6
1163,210,5,15410.67
3111,215,3,5660.45
1047,276,1,36584.88
2140,238,5,41622.82
2075,263,2,40673.68
1298,293,5,20621.79
5843,266,4,38422.02
5133,264,2,44482.04
4989,243,1,20290.58
3879,298,2,19047.09
4487,225,3,47316.42
2585,255,2,39242.0
1151,267,2,26387.21
4009,271,5,18165.89
4196,206,3,3955.59
4586,251,4,8413.31
4150,294,5,34205.54
1569,267,5,26781.43
2968,213,5,15965.12
3248,272,2,20923.25
4402,283,3,35313.33
1026,268,2,11266.8
1057,240,2,41167.65
1826,217,5,21942.28
5728,236,1,16685.34
5167,241,2,1115.28
1417,237,5,4450.94
1298,278,1,7501.58
4591,269,2,29706.78
5361,282,1,46851.34
2747,211,2,1783.17
2356,216,4,196.25
2824,282,3,33956.74
2635,217,4,34806.65
3108,263,4,38078.72
5177,237,3,9039.55
5125,254,4,37422.44
4563,235,1,1843.56
1121,211,2,3077.68
5610,300,1,3407.62
3051,267,2,22136.45
3601,271,3,46904.29
5728,283,3,14483.09
4249,240,5,10638.3
1363,252,1,6662.72
1751,281,4,47783.26
5230,212,3,46363.79
2998,256,4,46935.05
4890,254,5,12173.32
4938,270,2,22624.16
3264,256,2,27157.62
1468,280,5,6797.03
2989,224,4,43514.5
5690,211,2,13819.81
4503,205,3,12337.11
2039,231,1,3196.82
2051,264,5,28866.27
4754,265,5,47802.38
1715,289,4,23699.03
4926,266,2,22982.34
1335,255,2,36796.42
5002,273,4,34601.28
2372,214,3,4249.71
3632,255,1,13027.03
5997,261,2,43087.73
3668,211,2,26419.58
2915,294,4,30204.48
2443,272,2,3213.38
2443,204,5,7834.68
1674,202,1,8278.04
4468,214,2,29345.04
3762,296,1,39873.73
1098,222,1,13050.35
2790,224,2,29214.19
1544,290,1,31883.31
4637,292,4,9202.51
2709,300,5,17009.68
3657,219,3,43973.91
2417,284,3,2180.37
1783,227,2,45293.9
5309,288,5,15135.32
1373,220,4,22500.56
1055,289,5,17169.44
2778,243,1,49394.64
5801,218,3,18908.05
2481,284,1,7510.9
3029,230,5,42329.83
3429,285,3,35680.85
5730,221,3,31021.24
4034,224,5,17868.15
5071,278,5,47997.31
1767,244,4,4427.77
1245,249,1,531.05
2449,288,4,26253.53
4225,288,5,6102.65
1486,267,1,42708.55
2970,277,3,22412.77
2950,289,3,34006.4
3301,207,3,2997.38
3320,259,5,332.13
4348,205,1,7720.44
3767,248,3,3387.28
3406,263,5,11937.7
2361,208,2,1373.09
5723,246,4,13560.38
5082,218,2,26217.72
3890,228,1,35460.65
4951,276,2,16808.11
2185,251,5,4804.75
2700,225,2,49227.45
2729,280,4,45310.9
4712,297,5,39714.65
1983,223,5,28126.15
5362,286,2,30850.17
1069,241,2,28316.53
1613,206,1,8670.74
4301,215,4,48850.16
3125,266,2,16203.35
4500,248,1,40406.48
1786,214,3,24059.94
2289,268,4,31237.54
2733,248,2,37854.72
2655,209,2,5812.49
2757,230,1,3171.54
2084,278,2,34710.22
4878,293,5,26672.83
1223,262,2,48368.9
3440,270,2,3001.75
5538,289,3,1415.08
2053,256,5,16153.14
1675,210,5,10932.69
3631,244,3,10983.33
2398,249,4,28963.14
5678,218,2,6793.83
3846,280,1,11343.49
1456,277,1,20582.41
3647,227,3,15577.5
2264,297,2,44541.59
3987,258,3,3645.68
4082,273,3,30972.68
2065,249,3,3304.49
4246,239,2,27000.49
1177,258,5,27198.36
2377,257,5,22105.6
5258,271,3,47551.53
1098,248,2,6429.22
2072,300,2,48882.87
4604,291,4,49740.66
2311,296,4,35838.66
5644,208,4,24027.2
3464,258,1,40450.16
2980,281,5,29516.04
1566,269,3,37281.85
3200,250,2,8241.63
1410,264,3,1305.57
5767,280,2,43728.34
1647,249,3,1002.85
1617,246,1,14117.46
5040,252,1,3307.97
5340,277,3,18841.14
3116,201,2,31166.46
5259,236,1,29667.95
4848,208,4,25317.02
5723,300,5,24583.96
4433,284,5,21724.51
4922,208,5,14353.52
2034,223,4,15066.79
4220,209,1,4710.64
1728,276,5,18054.82
3870,217,4,173.53
1676,236,5,11175.86
5908,283,4,44114.2
1377,286,3,43220.34
2511,282,5,29955.59
4879,224,4,14417.84
2051,229,3,39152.38
3039,215,1,34439.88
5793,260,1,21553.66
2211,280,4,45826.33
1127,204,4,11942.19
2919,251,4,19942.77
4351,211,5,27036.67
5879,265,2,36994.8
4671,272,3,3472.72
2024,266,4,43153.2
4868,238,2,1244.5
2024,276,3,4666.28
4708,219,4,6906.64
4584,216,3,23509.46
5751,268,2,5270.54
2542,271,1,4826.76
3244,299,2,5267.01
3275,233,3,25692.07
1787,280,4,2767.34
2168,258,5,35645.05
5024,202,2,23095.25
5384,248,1,39168.4
5596,293,2,43110.42
4099,291,3,40688.49
4196,220,5,22266.48
4906,203,3,9248.86
4444,300,3,38592.34
2736,235,1,23766.53
5331,249,4,16741.77
2709,268,1,10064.32
3280,222,3,11246.36
5439,287,3,38718.37
2679,215,4,14357.39
4884,233,3,27931.58
5277,217,3,38913.84
2594,283,4,38264.84
2595,204,3,19507.96
4517,215,2,30775.74
5362,230,4,12171.23
2595,257,3,42142.9
4791,216,2,21746.75
5203,272,2,18691.28
4782,273,2,10398.51
5571,288,5,23393.53
1928,289,4,41473.13
4282,268,3,17601.33
5741,222,1,49567.59
1278,253,3,38522.61
1804,298,2,20478.27
4718,203,4,30177.59
3870,210,5,22151.88
2544,227,5,36018.39
1151,239,1,24821.97
3280,253,2,12845.85
4684,219,2,34423.25
4421,250,5,35050.77
1424,222,5,13759.14
2085,287,5,11526.87
5108,246,2,8878.41
4938,285,1,42346.1
4737,292,1,9973.41
3665,202,3,47554.06
4306,242,5,16013.32
3470,221,1,21163.0
4377,235,4,37202.22
3732,238,2,6283.91
4226,209,4,28917.38
4952,241,4,27013.34
1824,251,3,42132.24
3072,242,2,33247.26
2075,224,2,27381.61
1725,214,4,9142.87
1016,223,1,21598.32
4877,225,5,4377.2
5663,264,1,16445.07
4530,207,4,48462.01
4358,257,4,17086.39
1153,300,2,30589.11
4509,238,5,28759.07
3592,240,3,25219.17
4072,296,4,25657.49
2038,253,1,42405.32
1374,261,5,29778.27
1329,240,5,20726.99
1811,208,1,47135.57
4761,257,2,496.3
3045,268,1,28337.92
1730,205,3,24917.22
3454,213,2,45103.31
3749,215,5,44759.11
1942,209,2,48606.58
2848,272,1,2986.68
4278,223,2,37824.89
3385,258,5,25019.57
2042,267,2,37760.83
1615,296,2,13430.49
4359,271,5,6802.55
4063,248,1,1480.09
4653,244,1,6013.51
2825,255,2,19649.97
4411,258,1,37526.41
4555,243,5,9915.43
2402,257,5,6842.01
5788,229,1,19952.55
2117,292,2,6347.75
5254,274,1,31566.08
2460,245,5,31002.11
5289,272,3,47549.32
3463,253,1,37742.46
5909,269,3,26246.47
4263,278,4,40196.73
4944,292,2,49194.76
3557,205,4,47785.79
1096,277,4,45826.92
3293,212,5,32105.67
4529,251,1,20308.01
1001,218,4,37767.64
3962,247,3,15214.98
4600,290,2,24236.68
5660,230,1,26571.93
2402,274,5,40222.16
3583,293,4,10403.41
3190,248,2,21142.8
2553,258,5,6923.31
4812,255,4,4745.66
1651,295,4,4403.28
1136,236,1,44856.08
2470,273,5,25417.8
4545,245,2,9325.76
2379,269,4,37791.76
1204,285,2,42670.93
5046,203,1,6893.3
3404,267,1,316.6
3615,241,1,27042.73
4105,233,5,18815.82
4264,263,5,40619.74
3490,300,2,18120.26
4133,213,1,6779.75
3121,290,1,2280.34
3856,224,1,13248.18
1212,223,5,1886.49
3687,234,3,7345.39
5075,263,5,22933.3
2310,207,5,16945.01
5247,208,1,10281.79
4691,259,3,31848.9
1548,202,2,23144.76
1426,255,3,21136.94
4205,267,1,40392.83
3541,292,3,48709.79
4073,271,4,37524.72
1327,279,2,2569.22
3577,212,1,13293.67
3966,271,1,37055.7
2321,244,3,45315.43
5463,293,4,5759.8
1877,269,2,20825.11
2021,270,2,24468.1
2678,252,5,48391.77
5997,210,4,13934.92
5262,238,1,14132.83
1121,293,4,26976.51
1153,249,1,649.22
2306,276,3,36904.22
5127,275,3,10053.28
4777,211,1,22703.82
1205,278,5,13299.06
4843,279,5,33839.56
2895,260,5,37439.99
5666,267,3,44030.47
5522,245,1,48684.75
5293,224,5,41999.89
3498,260,1,49442.86
3040,226,4,43686.87
3685,217,4,44970.28
1862,201,1,11083.02
5521,270,4,27069.12
3288,260,1,23818.61
2553,218,1,41791.24
1420,259,5,13332.92
2668,257,4,15141.02
3562,215,1,2543.22
1007,201,4,19301.36
2958,250,1,13656.29
5531,248,5,29145.7
1809,207,2,2147.08
4800,222,4,1998.01
2576,207,4,16436.38
4290,299,2,25472.9
5947,252,4,29485.98
5905,260,3,29026.1
4723,231,4,34878.29
3866,260,2,16095.77
1090,207,2,14395.17
2095,236,1,38151.88
2785,283,3,42967.83
3391,262,1,14176.87
3825,277,3,22449.0
3611,292,4,20049.51
5106,284,1,26360.32
4665,288,4,21960.5
5091,213,1,38021.99
3263,224,2,19841.37
3359,277,2,8784.11
4252,244,3,40649.77
1492,226,1,18806.86
2663,234,2,9609.85
5146,297,5,18760.24
3802,288,5,43891.36
1950,278,1,19974.64
2764,240,3,8032.92
3791,224,5,26197.91
5989,261,3,47248.14
2756,239,4,557.46
1354,284,2,49713.28
3696,296,3,28123.14
4281,284,2,21422.5
4006,285,4,38487.54
3937,291,4,34109.49
3705,252,4,37202.95
5145,256,2,21560.48
2844,275,3,6569.81
4093,264,5,42267.8
1088,226,1,28159.12
3426,227,1,35620.92
1175,268,1,13330.91
1178,271,5,42360.46
3842,247,3,33429.62
3590,267,2,4539.17
1757,210,1,26368.74
5299,274,4,22063.75
2187,210,4,3643.87
5602,225,4,47340.37
1945,250,5,18444.47
1750,217,4,6255.99
5894,264,3,37661.03
3179,255,3,15421.45
3185,246,2,25113.95
5200,239,3,40936.66
1342,276,3,20627.89
3493,203,5,23435.34
5648,219,1,15638.34
1815,269,1,6878.02
2535,276,1,18092.5
4123,225,2,29314.19
5517,283,2,36383.49
3709,253,4,2253.27
4961,226,5,43245.02
5434,224,1,3693.37
4549,273,5,46712.42
1336,203,2,3085.59
2682,293,1,18407.44
3618,214,4,1878.78
2228,242,4,37582.04
4799,267,3,43575.54
4059,299,3,4557.88
2132,246,4,4872.77
2857,273,1,31318.51
4176,291,1,27761.71
4597,254,3,13589.38
4955,245,3,18912.04
3291,292,3,42110.36
4781,282,5,37353.13
3998,234,3,22366.72
5750,294,1,2578.7
3354,204,2,46943.02
3018,205,3,47355.02
1173,279,1,9239.78
2211,262,5,40726.11
4641,296,5,44336.49
2684,298,5,35242.84
5566,296,3,24105.09
2580,233,4,298.71
2956,286,2,38777.5
3396,293,2,35505.48
4832,288,3,25399.39
5692,282,1,5191.06
4515,230,2,10911.0
4811,219,3,48576.95
2273,291,2,36823.12
4294,235,2,15599.13
5850,272,1,43166.39
3378,287,5,42855.78
1799,269,2,41535.54
4403,216,3,40577.27
3138,278,5,21906.27
5852,210,3,11135.43
5940,254,5,4042.17
3151,288,3,27092.22
4441,285,4,19209.93
3708,225,5,28695.15
3217,277,2,42959.05
2290,296,4,23575.81
3002,279,4,10883.95
4998,274,3,2982.39
4798,233,5,21236.81
2300,273,1,8197.75
1785,254,3,42691.09
5990,286,4,11875.92
5085,241,1,31345.03
2799,203,2,1741.88
2476,207,1,5490.76
1655,288,5,29645.9
4524,218,5,24029.18
3674,223,1,5564.98
5433,276,1,33686.17
2139,244,1,41025.69
3278,231,4,36080.18
5610,283,4,40834.32
5147,234,5,6522.83
4362,221,5,43879.87
5004,292,4,49606.64
2848,202,1,35180.93
5859,237,5,22706.0
3867,223,2,9994.79
3814,227,3,12672.45
3333,211,3,32802.63
1741,300,1,39887.67
4381,228,1,31208.19
3156,239,5,26261.88
1673,239,5,18868.59
3798,297,4,42314.41
2710,268,2,25978.26
4022,267,3,31444.9
2072,269,2,1668.54
3899,203,4,39266.57
3626,249,4,36060.04
2863,258,3,32217.82
1374,249,5,14790.61
5841,237,5,32306.01
1059,297,4,21118.81
5608,282,5,42966.28
2438,210,2,33863.98
4311,278,1,25387.17
3995,296,4,22343.22
4808,262,2,46959.81
4789,294,2,25428.85
3766,219,2,46702.5
4477,260,1,41504.07
2510,240,1,14119.4
1541,250,1,18950.17
1326,255,2,27339.19
4075,230,3,8685.25
3881,287,5,5918.65
2993,280,4,38155.41
1140,249,5,13345.03
1011,241,5,1703.12
5826,268,5,5377.19
2622,299,5,7079.38
2528,218,4,9726.66
3228,268,3,7989.82
5843,295,4,19246.56
4769,233,4,46377.48
5838,233,1,15171.06
3110,297,3,13163.0
2844,253,5,44937.18
4679,257,4,14677.5
4906,292,3,34366.96
3459,290,1,34591.47
5281,261,1,1273.93
2977,270,1,20501.52
3063,273,4,22856.57
2840,219,5,34399.46
1672,253,5,10671.39
5752,257,3,4105.59
3227,254,1,32686.77
4866,230,4,32495.46
2290,215,1,1364.08
1712,201,3,14571.92
5168,288,1,31696.61
4535,224,1,12093.77
3411,245,5,11678.46
2599,236,4,420.36
5498,283,2,11087.28
1252,209,5,12360.78
5244,294,2,29124.07
1130,281,2,37744.71
1645,299,4,11942.21
1938,270,3,41752.35
2164,223,1,8374.77
1233,231,5,11291.13
5473,269,5,2266.76
1665,275,4,25830.3
1256,281,4,36747.23
1316,247,2,26637.13
3520,253,1,30574.92
1188,241,3,15295.75
1719,249,4,28795.21
5247,233,1,48568.84
3590,297,1,11889.33
2735,288,1,2466.61
4378,223,4,11603.82
5707,300,4,46889.69
4224,248,5,19205.11
5096,257,2,8517.15
4503,245,3,1265.0
2886,236,3,38887.21
2725,217,1,45051.15
5103,263,3,27072.43
4857,264,5,39599.63
1720,283,3,33959.78
1983,287,3,12802.03
1524,219,5,48622.7
1482,214,5,46854.6
4893,298,4,5677.16
1131,206,4,27917.25
2211,201,1,28152.69
5816,270,2,42435.55
1787,268,3,36690.0
4051,208,2,467.25
5726,291,2,40409.65
3091,287,5,38525.25
4112,258,5,22994.15
1497,225,2,37759.95
2957,290,5,42655.55
5388,236,1,1326.89
4489,210,2,7775.39
5871,300,3,35796.07
4729,225,4,2995.81
3792,220,3,2702.84
1403,260,4,28884.91
3285,212,5,16824.1
2543,211,1,32771.41
5124,218,4,21627.29
1160,246,5,13888.65
5351,224,2,35271.08
3140,203,4,6601.55
2657,222,3,42773.94
4394,282,1,13915.61
4762,279,2,9544.6
2041,207,4,24470.5
1652,247,4,46021.05
2355,241,5,31822.29
2842,217,4,40059.0
1306,238,3,16481.31
2731,220,1,5863.95
1248,242,1,40044.03
2358,229,1,27592.8
3074,236,3,40985.57
2685,248,3,46935.0
3967,201,1,29686.37
4373,276,1,4971.95
3907,239,1,42757.78
3464,213,2,27709.32
3097,213,2,23915.28
4791,286,2,28013.63
2125,269,1,27009.71
5586,206,2,25590.65
5584,283,2,42743.09
5395,256,3,42557.29
3688,205,5,39460.83
4777,278,2,31830.21
2602,272,3,11154.35
3380,300,4,28905.5
2313,283,3,9298.26
3937,241,3,17483.98
2023,221,1,26726.62
5161,283,5,32333.43
5059,274,3,49585.23
4488,273,5,458.02
1141,202,1,15462.67
5872,240,3,36223.7
3982,239,2,46377.97
5021,297,5,37701.22
4731,297,5,17753.04
4815,267,2,44033.28
5266,265,5,30697.03
3196,271,3,34648.67
2565,211,4,27392.4
2269,221,5,29190.32
3298,292,4,17672.3
4817,202,3,41942.36
3913,276,3,33630.66
4989,216,5,41368.63
2047,282,4,19242.29
4695,288,4,29999.63
5911,256,5,46581.74
3624,251,1,27189.14
2633,254,5,9711.34
2101,235,4,758.46
1695,209,4,39047.56
1963,202,5,31722.24
5964,291,1,39126.83
5380,260,4,41464.93
1903,260,1,43515.4
5572,247,1,46711.36
3753,257,5,290.45
3170,296,1,32360.88
3621,226,3,29274.03
1327,220,3,33147.67
1174,260,2,15282.17
5980,235,5,48483.29
1350,280,3,33243.92
5315,275,3,1162.43
3523,289,3,33956.13
5258,230,3,41224.98
1991,219,4,22774.51
1255,211,2,23852.55
3023,272,3,46916.57
5749,294,2,47421.76
3740,256,4,18003.63
2815,261,5,43646.68
4037,209,3,949.49
2754,229,4,4217.15
2378,279,5,10037.02
4867,260,5,12411.67
4111,229,3,49480.15
4767,217,4,31614.18
3929,276,1,8580.53
1311,233,2,13929.41
3117,260,1,44848.94
1531,275,5,36900.5
2676,203,1,20612.73
2383,249,4,44186.83
5065,291,4,41236.83
2625,266,3,34019.72
1402,290,1,39198.74
2320,209,4,42070.56
4770,280,2,35647.56
2215,216,5,24689.68
5311,224,2,15829.86
2210,265,2,27702.21
1530,243,3,10105.0
1555,272,1,25818.89
4394,250,2,23216.34
2665,221,2,37479.2
4533,268,2,27460.75
5090,221,1,31307.68
3128,286,5,40589.73
1801,247,5,24308.41
2252,239,3,8509.54
2497,298,5,19712.48
4926,289,2,21603.0
4793,294,2,44987.79
5806,288,2,37709.6
2559,267,4,21914.89
4406,300,2,36893.5
4186,267,1,30006.79
4302,206,2,21948.49
1481,278,3,8239.12
3056,249,2,8504.27
3245,251,2,42991.26
4695,228,4,12292.19
3888,291,5,40857.19
5656,294,1,29669.84
2623,228,4,31924.74
3308,217,1,31936.63
3235,290,5,20708.97
3243,207,3,939.97
3925,231,2,21618.09
5883,247,2,40725.93
4838,275,1,34721.91
3646,252,1,35699.21
2233,282,5,11230.85
5605,275,3,9574.39
3444,239,2,41260.15
4855,241,1,19363.18
5283,279,5,13920.34
2472,257,4,37388.71
1002,252,5,23080.89
2898,263,2,38729.71
3411,256,1,17260.17
5566,246,5,22810.34
2548,297,3,41628.91
5686,288,5,29880.28
1330,252,3,9810.25
1076,272,5,47703.54
1539,236,5,1088.6
3085,241,5,39399.3
4294,249,2,22930.34
1260,280,4,40316.07
2813,241,2,14470.99
3682,256,2,37831.89
4882,258,2,45232.76
2905,267,1,45408.78
4844,283,4,10271.5
3976,234,4,1886.21
3935,222,5,16239.58
4817,211,2,14808.0
2732,290,5,40179.43
3397,210,5,10496.74
3478,241,2,33573.07
1203,242,3,46914.27
5034,255,1,27413.34
4677,254,2,6765.79
4510,295,3,42106.82
2819,254,5,1806.74
4219,247,3,48369.39
5033,293,4,31845.91
1214,288,3,24220.37
4899,296,3,24357.2
1437,242,4,31339.4
1735,229,1,43066.67
4219,298,3,22113.51
1948,300,4,12536.7
3794,290,1,22475.66
2933,205,4,47961.51
5431,254,1,1061.62
5781,211,3,2175.46
1841,216,3,23377.54
2739,230,5,37346.91
2733,218,1,11420.02
4362,237,2,38024.73
2280,204,4,11744.05
1143,272,4,30177.9
5320,216,2,14871.23
3641,280,3,7450.81
3976,296,2,24113.32
1289,229,4,30953.91
3092,214,4,46596.8
2210,292,5,37136.62
1286,269,3,43109.26
2282,281,4,14459.55
3253,281,1,45261.09
3227,282,2,3285.41
3141,252,4,30198.41
5920,263,1,28529.37
3900,222,2,6941.58
1718,266,1,26231.17
3251,278,2,25180.98
1185,278,4,38514.09
5573,206,5,4876.45
1527,202,3,36605.4
2256,287,2,36687.89
2413,278,5,38027.36
2972,244,5,47168.89
1519,288,1,32862.56
1526,250,5,36554.18
4334,291,3,5539.0
5750,247,5,29781.89
3235,224,4,5438.68
2990,235,5,48220.99
4021,246,3,7553.83
5070,237,1,24596.57
4911,236,3,6919.78
2262,228,1,39086.98
5239,269,2,16345.69
2845,248,2,4442.91
2201,250,2,16055.14
2847,267,2,13701.28
3982,231,5,36986.15
3929,243,3,17554.8
4661,246,3,48663.91
5340,238,4,12338.05
2017,251,3,17210.12
4382,247,3,48395.96
2467,281,2,10856.12
5045,285,5,22287.92
4822,208,4,31263.45
2450,225,4,49850.22
2739,231,2,47502.24
1616,251,2,47308.27
4944,230,4,31017.66
4455,259,1,26725.17
5177,204,5,19898.3
2658,210,1,44410.45
4473,276,1,14817.57
3711,295,3,8971.04
2729,282,1,16392.57
5514,207,5,34086.48
2923,299,3,40339.76
3897,299,2,30863.22
3508,216,3,35438.1
2549,206,4,19895.01
5499,205,4,42136.88
5529,246,5,47526.34
4172,295,4,47904.64
3161,254,3,24675.01
1066,217,4,26422.69
4052,264,5,40557.44
1610,276,1,33987.57
3159,245,4,32408.26
3014,223,5,43584.02
3629,236,1,28600.95
5377,240,1,35268.09
1260,220,1,36525.3
4867,239,3,45308.88
2121,247,4,32322.24
3816,286,5,42923.9
1479,238,1,1670.22
1273,258,5,39249.8
5893,213,3,31910.52
2918,207,1,31207.1
1908,256,4,18202.34
3945,275,5,43792.1
1124,213,3,3925.04
1333,287,4,40741.78
2651,289,3,21492.78
2642,276,1,1767.84
5419,290,2,35410.55
3383,201,4,35135.72
1071,266,2,6182.18
5476,286,4,42180.83
4844,229,4,35826.91
4384,288,5,2864.48
5924,294,2,37791.44
5865,213,4,45340.6
3286,295,2,9900.86
3222,242,3,5631.88
2955,244,2,34852.06
4198,240,3,13554.14
3812,244,2,20180.8
2852,284,5,47890.58
1125,267,3,22006.24
5447,236,4,31883.96
3505,268,1,9450.78
5072,245,5,34008.48
5700,274,3,48598.18
2014,281,3,28744.9
2776,291,2,28338.27
5311,223,1,40020.16
5977,217,5,13737.73
2582,280,5,39639.85
4864,280,4,24552.14
2749,275,1,12795.55
5913,279,5,9955.41
4577,287,4,38394.81
1159,254,4,27780.07
2214,217,3,33498.21
4569,289,2,44330.66
2409,292,4,7745.26
5270,215,2,31715.65
4551,212,3,320.65
3657,294,5,27404.93
3228,287,1,12253.92
5881,285,1,44767.0
2066,208,3,5235.33
3262,244,5,41041.19
1251,284,1,9717.35
3025,282,2,3110.32
3223,267,2,31255.0
1897,215,3,8638.88
2403,244,5,41497.17
3559,296,4,1914.62
4256,244,4,36873.88
3752,259,1,32418.28
1135,260,4,20441.26
5057,235,1,48321.35
2573,243,5,3723.86
2516,214,3,8178.05
3135,206,3,21573.47
4678,217,3,34941.51
4546,253,1,46748.85
1743,231,2,164.23
1381,292,3,11034.49
3107,256,5,35425.69
4758,239,4,24978.91
1800,292,4,16222.73
3506,212,5,11816.3
2355,202,2,45678.9
3188,274,5,23735.05
4993,210,1,46771.69
4528,207,1,10736.57
2132,233,1,33547.26
3439,284,2,14171.89
3591,268,1,42480.84
5088,291,1,40414.41
1432,233,5,46941.14
1616,227,4,30673.9
1190,289,4,25941.73
5929,204,3,26930.07
3069,230,1,31907.37
3741,222,3,48603.14
1546,237,4,37223.5
5061,236,2,21728.36
3862,239,4,21125.99
4962,289,4,44408.85
2719,233,4,25846.22
2758,229,4,11362.83
1015,231,3,44415.65
3875,219,1,29491.7
4820,268,1,32335.12
3834,252,2,35541.65
1752,247,4,10331.78
3239,257,4,38911.03
1575,262,3,37394.01
4016,213,5,28207.2
4643,220,4,31649.02
5555,237,2,39769.98
5227,257,2,11794.67
4160,297,5,49431.85
1069,230,5,8691.27
5343,251,3,42990.69
2061,300,5,29849.53
3331,295,1,18464.07
5191,260,5,7975.75
4438,251,1,45328.27
2084,288,4,30887.19
3195,297,2,33374.59
4433,248,3,22556.05
5951,245,2,39372.68
3615,269,2,11920.06
5652,271,3,32348.27
3919,280,4,25607.2
1525,265,1,27698.38
2884,290,4,39868.22
1379,297,1,13152.39
4103,255,1,13474.09
2982,273,5,13639.33
4996,278,3,1847.79
4350,204,1,15332.75
3147,247,1,29582.77
4143,293,2,41525.69
3208,264,3,40559.43
1703,217,4,32695.25
5848,202,3,25143.05
5021,259,3,16663.54
5351,244,3,22517.78
4098,212,2,12308.44
2896,214,2,1610.42
4417,288,5,10503.47
1435,208,2,24383.98
1681,286,5,15750.64
2752,300,5,1038.99
2339,218,5,32164.9
3342,256,5,29776.59
1573,289,1,36929.39
4657,221,3,19189.77
4150,271,4,4335.48
3291,205,4,12775.51
2297,203,2,48506.04
5392,286,2,46856.08
3651,277,3,30556.06
2910,237,1,46899.7
4192,220,3,3671.72
3201,259,5,30042.68
3808,292,1,32508.31
2619,220,3,39233.78
1397,285,5,34746.33
3332,216,3,21434.51
5594,296,1,260.83
5720,270,5,42537.9
3437,270,3,43877.69
5595,238,1,1514.9
5139,230,1,36379.04
1761,219,5,9444.95
4723,248,5,26728.05
5316,246,4,47703.13
1117,220,1,31918.81
4890,290,4,23641.62
1751,246,4,9979.01
4219,273,5,5412.43
1933,216,3,1222.93
5973,297,3,8467.94
5681,228,3,48100.14
2499,246,4,1312.25
3250,213,3,33988.69
4944,219,1,22532.75
5019,247,4,7240.36
2053,226,1,31133.72
5756,257,5,4207.03
2656,241,2,44440.61
3472,282,2,19608.76
2624,279,5,46156.53
1370,231,4,28532.89
5524,276,4,5051.26
2525,246,1,4745.35
4724,277,1,31925.81
1196,263,5,12801.69
1209,235,3,23861.56
4792,210,4,28186.3
3866,247,2,20495.86
2781,279,4,15638.91
1541,260,2,38153.59
2572,274,2,36952.07
2696,236,5,21996.4
3350,276,5,8041.65
3622,298,5,8994.34
3213,300,5,10863.07
4120,257,4,36011.01
2747,202,4,6087.71
2816,244,1,15033.16
4359,282,3,27161.68
1874,277,4,44820.91
4784,276,5,11324.29
4637,240,2,8013.22
3675,271,3,27400.85
4132,262,1,46728.01
1124,234,4,33056.34
2833,283,1,26140.43
2547,256,5,5696.7
3552,209,3,37734.26
2890,256,3,12040.04
4419,281,2,30060.5
1541,218,5,17893.53
5553,291,1,9535.37
5427,228,4,39911.85
5391,226,5,19011.31
5580,294,1,9017.05
3675,235,4,25413.71
4255,208,3,45831.24
5953,217,2,11337.96
2133,264,1,43855.83
5158,292,1,23388.95
3970,235,5,18926.36
2617,242,2,27466.59
3511,213,1,5241.69
3631,229,4,3206.68
4425,293,2,23527.15
5996,238,5,35983.87
1815,211,5,40347.62
1270,236,1,43221.83
4290,211,4,44979.39
4864,216,4,5916.63
4363,225,2,32952.63
3188,280,2,12651.33
2467,239,2,19116.12
5860,221,1,37100.67
3374,208,2,3459.39
1873,267,5,27595.69
1205,241,2,8461.94
5339,220,3,44847.39
3197,240,3,41945.91
5682,203,3,5656.85
1359,270,3,7619.47
4151,232,1,31829.53
2340,299,5,29993.66
4539,276,1,7707.39
4797,242,2,5390.3
1981,273,5,5544.4
1217,279,3,11665.83
4761,284,1,38999.39
5641,210,3,48352.39
3003,272,1,19854.85
2003,294,1,8309.36
3088,214,5,36474.08
1340,288,3,35924.85
4728,254,2,23792.46
4416,284,1,3170.55
3142,266,1,7546.78
5395,247,5,37557.83
4665,274,4,7463.64
3098,232,3,16936.32
4643,294,2,36668.96
2022,243,1,824.12
1259,299,2,6748.64
1716,252,3,47847.16
2409,216,3,17306.67
5233,206,4,24182.46
2471,289,3,42721.56
2464,210,1,5644.84
3931,219,1,915.97
1403,294,1,43736.56
1930,212,3,6404.67
1810,280,1,39217.31
5354,274,3,7355.71
3516,279,2,14951.43
3764,202,4,39390.22
4226,252,4,14122.06
4591,237,5,4273.2
4516,295,2,35973.87
2237,281,2,34389.68
3985,272,4,41706.73
1176,260,2,10802.17
1786,226,4,48164.1
2695,217,4,9289.16
4270,271,5,11775.89
5634,235,2,30354.27
4404,290,1,30838.84
2493,281,1,12402.54
1748,279,2,11134.8
4583,298,2,21663.48
5080,269,2,37023.65
5582,253,4,10063.06
3608,275,5,108.42
5052,276,1,935.46
3620,287,2,13783.41
1469,259,5,36323.22
4748,226,1,7587.15
3782,214,5,46018.26
2306,270,4,31708.1
4943,246,5,7000.49
5062,252,5,28489.02
5159,231,5,35166.02
4422,281,2,24125.63
2581,219,1,3404.87
4015,280,5,44715.89
1159,267,2,43482.58
2622,201,5,22823.43
4220,290,2,32370.87
4635,257,2,25603.58
1009,254,3,3590.3
4401,217,4,35168.78
5956,298,5,49931.22
2643,268,4,11312.3
4773,217,5,38401.67
3416,242,3,21337.81
3243,219,3,25870.66
4318,230,5,18051.63
5611,295,2,40740.51
5016,254,2,32601.87
1188,208,4,5168.61
5145,228,1,1185.09
4752,245,4,28080.12
4709,250,4,9886.57
3450,248,4,36739.94
2327,249,1,39206.67
3155,246,1,38486.17
5785,274,4,34602.06
1237,224,4,39176.61
4952,250,3,11505.41
1537,210,3,12606.23
1723,244,4,41601.01
3804,295,4,117.71
3160,297,4,33215.39
3629,232,5,9342.69
2746,288,3,10583.87
3870,268,1,28376.11
2601,245,5,37130.94
4586,223,2,1657.1
4500,279,1,37227.75
1046,268,4,33541.06
5258,210,5,15419.25
5738,268,4,38342.55
5862,266,5,43032.83
1046,254,2,20161.42
1691,251,1,42486.25
3249,293,3,1188.25
2540,283,3,31352.67
3140,205,2,10890.17
5942,214,3,12745.13
3072,248,4,2775.77
4089,279,3,3085.71
5934,239,2,6955.82
5371,276,5,41317.17
2471,286,4,39500.2
3369,202,1,37372.57
4308,246,5,19470.88
5204,248,5,40331.52
4315,277,2,41724.27
3688,250,3,6797.71
5693,247,3,22368.38
1478,210,3,18078.99
5085,206,2,41256.16
4536,279,2,31518.13
5226,268,3,13650.9
4437,223,3,38406.43
2761,227,5,42194.63
1073,232,4,34634.98
1136,243,4,8387.89
2610,218,2,293.79
2030,211,5,32485.41
1039,251,1,6168.21
4754,299,5,36257.38
5262,281,3,21384.16
5566,250,5,13820.74
3500,210,5,7970.06
5549,238,3,36001.91
3352,285,3,14964.9
1408,239,1,43601.28
2332,292,2,40277.15
1628,225,3,10739.85
2668,264,1,3971.4
1153,299,1,19900.19
5317,205,5,47739.97
3024,226,2,21753.34
2192,285,5,28993.93
2027,207,2,37960.61
2600,244,3,46264.65
5119,296,1,28423.0
1237,288,3,3509.16
2910,268,5,43596.29
5869,225,4,39829.81
4355,249,3,31707.0
3427,295,5,743.17
3473,262,4,24007.26
4188,297,5,36535.54
3177,243,2,28293.58
1061,290,5,8010.69
2072,232,3,37804.14
4004,253,1,10924.11
2727,285,2,37762.95
4988,271,4,24023.64
2704,234,1,33738.08
3814,297,2,1450.89
2324,222,4,8881.36
3679,226,1,6307.52
1164,269,5,16451.08
2868,203,2,39855.71
4974,230,1,8171.37
2117,205,5,1205.13
3331,259,1,41213.17
4413,204,3,39471.82
1959,202,5,49943.09
2744,280,1,17455.34
1652,208,3,43025.79
4210,218,5,13122.45
5316,245,1,27777.24
5422,271,1,41348.74
1982,255,1,34358.44
4377,276,4,25656.47
1129,264,2,2650.55
4508,238,4,27515.06
2767,208,1,12046.57
3123,259,4,15224.54
2051,297,4,23593.2
2904,300,1,48066.91
3201,294,1,26088.48
5504,251,3,6342.48
5747,203,3,7561.26
4085,201,2,24629.46
2459,286,5,2706.72
2842,253,2,18637.39
4645,267,4,8070.28
1070,222,3,928.42
1089,277,3,24465.44
4759,240,3,7752.55
5359,225,1,48665.66
1401,253,5,2041.53
5996,292,2,26806.12
5425,212,1,6808.01
3804,246,4,2039.87
4757,212,1,10868.3
4603,236,1,24063.11
5775,243,3,3441.64
3106,223,4,18807.69
2376,218,2,44284.47
4700,230,5,564.01
2425,285,4,12690.22
1872,236,4,49118.92
5584,268,5,17274.3
3747,283,2,26192.62
4992,285,4,32016.38
5618,214,5,7650.48
4314,287,5,9185.55
2999,233,5,4178.77
1018,223,3,37677.81
3909,263,2,22042.46
1211,212,5,14325.52
4955,254,2,12405.4
1388,223,3,9883.22
4637,207,2,26796.13
1281,280,3,41508.05
2900,222,5,19549.44
3421,263,3,33381.61
5508,288,1,20417.66
4981,272,3,13920.12
5227,286,3,48781.64
5651,203,2,13971.33
2229,283,4,14027.06
5434,216,1,45688.8
2993,211,1,43638.76
4839,220,1,21889.69
5650,253,4,22777.86
5654,244,5,4932.53
1443,241,4,24192.74
1101,267,2,22944.88
4594,233,2,36583.16
5121,250,1,31531.48
1445,289,3,18524.97
3767,261,4,14586.95
2151,219,3,19464.34
2564,242,1,5352.17
2637,283,1,25752.86
3720,255,4,41991.13
5624,277,3,1923.61
2242,202,1,38371.46
4645,280,3,37458.89
4300,289,3,37598.93
5400,295,1,9781.86
5834,264,5,415.87
3208,240,2,48461.58
3981,295,1,20940.09
1575,215,3,42485.92
4276,226,4,25987.32
1682,299,3,12339.33
1419,253,1,9246.51
2817,250,3,45992.19
4303,232,1,43982.66
4002,213,5,20249.89
2897,239,1,43938.65
5891,211,5,20174.56
5384,252,2,22891.3
5202,209,3,21207.13
3993,202,2,9071.43
3818,253,3,1051.18
4194,225,4,40482.89
4860,275,1,32700.65
4546,207,5,329.14
1851,237,4,37837.17
2219,300,4,32935.87
3966,249,2,46531.08
4534,217,1,45740.04
5074,287,3,19466.35
2480,289,3,13463.85
2772,204,4,8619.54
2922,288,4,35867.54
2188,252,5,35498.81
2086,295,2,44765.67
4522,239,3,21132.04
4518,272,2,40589.58
1668,233,5,42016.08
3035,225,1,40504.52
4887,275,2,32773.04
5040,285,3,30042.78
1444,293,5,32928.02
2644,289,3,18988.82
2524,226,1,42032.61
4757,230,1,39186.45
2521,253,1,11609.11
4322,212,3,22053.85
1773,233,4,34329.75
3773,266,2,31660.38
4453,239,4,37654.57
5223,218,4,17066.78
4476,239,4,16696.97
5198,230,4,30034.61
5032,267,5,14674.29
1840,233,4,8490.13
2107,208,2,35470.99
1267,238,3,3243.52
2574,299,5,3120.11
3629,253,2,19585.47
3869,231,1,31623.52
5847,280,1,34582.65
4160,269,1,21613.94
3418,280,2,47352.83
1134,241,5,2162.31
5978,241,4,2881.51
2981,270,1,26505.76
1169,286,2,14792.89
3889,288,4,9871.42
3233,227,5,43705.38
5983,245,2,42688.47
4083,263,3,26504.33
3638,289,4,30471.78
1040,277,1,26907.93
2206,202,1,47227.11
3413,279,1,38349.37
1584,238,4,44100.72
5710,202,1,11471.17
1586,230,2,27271.0
2513,236,2,5299.04
3984,259,2,10689.52
5567,239,5,3095.7
4494,204,3,22727.15
1215,291,3,46163.42
5972,279,5,39252.15
5681,299,1,34003.64
2554,219,5,40745.8
1754,297,4,33312.4
4862,285,5,42023.15
2103,280,4,35135.32
2744,208,2,21214.98
2896,285,1,5841.1
3563,281,3,35222.11
3052,263,1,47777.42
2132,269,5,35333.19
1634,218,3,13926.32
5715,236,3,12200.61
4917,222,3,10594.43
5456,226,2,48133.37
4929,258,2,13450.32
3518,299,5,36171.09
2051,257,1,30374.89
1147,208,1,5219.4
2187,217,1,6295.25
3184,255,3,38451.38
3646,212,3,31292.49
4128,300,5,5924.13
3297,212,4,10650.18
3670,243,2,43554.46
3463,261,4,24192.05
4748,221,3,11517.69
4301,210,2,2121.37
2345,210,3,14071.1
3778,228,2,38433.81
5055,261,5,39277.45
4475,293,3,26188.68
3108,203,1,26674.92
5384,268,4,45806.33
5183,236,2,22081.92
5156,211,2,47288.28
2395,300,4,12975.94
4551,272,2,6247.59
4552,280,5,45949.25
5642,232,1,1331.6
1583,300,4,8896.22
4799,285,5,48994.21
2275,222,3,5204.66
1750,255,4,33794.91
5099,255,4,18213.14
4926,293,2,33879.89
5250,251,5,24819.88
3520,207,4,36302.28
3004,217,5,4725.56
4743,252,5,19356.57
1926,242,3,34398.93
4744,268,5,16064.72
1666,210,1,14440.02
1793,255,5,23966.41
4827,268,1,1076.25
4088,220,3,12103.57
3233,222,1,45859.93
3547,272,4,6260.1
4796,253,2,25598.64
2886,280,4,43372.76
3854,229,3,32404.84
4790,278,2,33161.34
2943,240,1,44122.68
5492,258,4,46413.61
3087,228,4,24531.51
2473,248,2,13173.17
1334,202,1,29413.69
4773,235,3,27742.34
3348,238,2,4683.52
3238,232,2,49512.56
4170,240,2,40056.87
2941,232,1,912.65
1105,251,4,49011.06
5652,235,4,5453.99
4315,261,2,21740.42
2417,204,4,18770.55
3754,260,2,37326.46
1006,256,5,4718.6
2150,285,3,19085.79
1943,232,4,33272.31
5256,252,4,16710.53
2057,291,3,41318.56
3293,213,2,49414.49
3196,297,3,35868.59
4717,223,5,35776.85
3512,223,4,46680.82
3360,230,3,39573.62
4797,286,1,21157.98
4240,229,5,3847.58
2486,245,4,5503.41
4223,229,5,18167.1
3534,300,3,42643.14
3988,278,3,42412.91
3578,226,2,35538.34
5603,232,3,21805.06
2819,298,3,35663.65
3211,203,1,49082.32
5440,262,5,9313.22
4136,291,3,32859.98
4486,266,4,37741.25
4136,207,4,40879.26
2084,279,1,2305.44
3884,272,3,21925.64
2478,279,1,26472.92
2687,250,5,15781.14
3143,298,3,24343.41
2203,219,3,29963.33
2806,201,1,904.09
5835,255,4,15751.43
5651,230,3,20399.84
5462,263,3,15249.54
5169,281,3,26126.46
4069,288,2,49099.37
1485,218,3,24116.66
3511,285,1,43236.69
4389,234,1,21293.07
2771,229,3,40412.68
1403,225,1,3739.84
5943,214,3,41789.28
1837,242,3,25273.65
4268,208,3,21247.23
1001,239,2,21816.52
1910,243,2,1183.68
3193,208,2,37642.15
2523,265,2,3763.75
2158,277,3,6162.13
4438,289,5,45416.55
3336,211,4,2721.22
1489,246,1,38515.97
4152,263,5,34797.17
1635,207,2,46859.38
5471,267,1,45849.43
3242,270,3,34830.88
4981,251,3,35249.56
3063,255,5,48266.41
3636,281,3,30042.88
3941,242,4,24499.17
5548,272,2,19872.31
4634,272,5,14208.24
4768,207,3,37961.3
4162,235,2,11145.31
5214,277,1,12898.42
1108,267,2,15079.76
4261,287,5,30973.25
4763,259,5,24084.2
5033,266,3,14016.51
1240,223,3,49470.1
1505,226,2,35508.47
3557,239,3,30431.78
5698,228,4,38795.52
3890,247,3,38017.8
3127,226,2,13903.51
1845,211,3,25170.64
4455,248,4,23860.89
3626,232,4,46906.25
1060,284,4,42592.27
5196,295,1,21781.06
3726,210,2,43739.29
1727,222,4,11088.21
5180,236,3,17829.24
2547,231,5,5357.24
4873,204,3,35969.3
1936,244,2,37266.64
4818,261,1,48635.81
1029,297,1,40682.04
5510,279,4,29160.04
4793,215,5,43684.77
1902,233,1,35616.96
5508,211,4,7120.56
3401,276,3,37005.18
2695,241,5,30827.86
3831,254,5,3145.58
4644,216,1,845.14
5515,277,1,34622.25
2848,254,1,36666.94
5614,245,2,31302.0
4264,258,4,3727.73
2230,247,5,8157.09
3525,250,5,14572.97
1977,257,5,24872.33
4979,284,5,38449.65
2495,239,3,35401.37
1760,252,3,2076.8
2055,275,5,19050.14
2326,277,1,4011.09
2493,227,2,31556.53
5859,204,5,45407.68
4455,248,1,30901.36
2842,202,3,22223.06
3021,207,1,24516.08
3494,264,4,21909.49
4572,207,1,17600.31
4837,203,2,32951.71
1079,289,5,49589.36
3370,288,5,39063.8
1694,295,4,1443.88
3352,274,1,2866.7
3085,228,5,39263.9
3217,208,4,34183.28
1007,268,4,8976.7
4502,204,3,37635.73
5902,267,2,12577.48
4048,240,1,47274.63
1159,226,1,48953.76
2424,231,3,21683.32
5757,294,4,43255.08
5540,269,2,21584.95
3011,243,4,16510.49
5122,213,2,5251.43
5959,227,4,32004.64
4051,229,5,45962.19
2699,299,3,25489.85
3589,246,5,18135.98
1700,239,5,42266.65
2579,239,2,49420.42
5164,273,5,1272.76
1051,268,3,36398.23
1387,220,3,32389.34
2608,290,5,28762.69
1324,289,2,29913.12
4744,295,4,39649.45
2674,242,1,10308.99
4665,211,1,45560.7
1825,226,2,47308.35
2185,296,5,3224.82
2533,204,1,46995.61
2024,231,2,46416.52
4446,299,1,10114.03
3534,247,5,33392.03
5387,236,3,22228.82
3360,239,2,16256.86
1207,289,3,9382.28
3358,224,4,22649.43
5238,289,4,29149.7
5988,292,4,30407.45
4627,201,3,43687.7
1904,261,3,1973.44
4120,270,5,42450.95
5026,239,1,44925.87
4614,218,2,7729.1
4490,282,4,27013.92
2950,267,1,7842.22
2418,229,5,34877.23
3641,294,3,33533.26
4204,282,4,34029.96
5777,263,4,44481.45
3255,203,5,31776.15
1052,216,1,46408.26
5023,214,3,18721.26
3854,268,4,3737.74
1505,225,1,40862.29
5353,242,5,36037.98
4964,222,1,37685.07
2272,267,2,48218.14
2566,249,3,48996.18
2026,263,1,5541.33
3334,221,4,145.73
4822,247,1,15540.15
4327,221,3,22732.21
2900,260,5,11775.99
5965,247,1,46272.47
5327,203,1,14036.74
5707,228,3,49145.6
1741,204,4,43779.56
3921,231,1,36122.11
1806,234,2,3290.85
2126,210,5,41256.83
5393,289,1,31205.16
4164,218,2,43381.99
4949,254,2,31875.83
4051,267,5,15664.4
1376,275,3,12857.19
4604,219,3,6503.15
3641,279,4,39656.51
1425,223,3,13331.89
5572,279,4,38964.42
5074,290,5,8603.7
2426,215,4,26015.96
4462,282,4,30502.88
3368,208,1,37769.4
1042,268,1,10425.34
1183,291,3,9659.17
4329,247,1,45790.24
3833,231,1,5272.58
2620,261,5,30672.82
1655,213,3,38660.11
5074,269,5,45558.31
3740,295,5,5511.64
3914,237,2,32574.63
2530,226,5,14189.59
2723,268,4,18128.23
5040,265,5,35597.65
4021,226,1,5057.91
2120,279,3,25445.35
3961,229,1,18202.7
4215,259,1,12404.61
4295,281,2,24028.91
3256,205,3,48455.99
3362,227,4,44143.29
3332,271,4,42567.84
4490,271,4,11671.86
3575,278,5,37573.83
5595,286,1,41297.4
1326,243,1,32683.02
3295,274,4,9604.02
3948,221,3,26852.62
1258,271,2,31790.88
2092,253,3,3800.26
3662,280,5,3729.74
5848,241,4,28556.91
1587,229,2,28990.55
3466,222,5,45233.92
3938,229,3,28730.46
5208,239,3,9103.69
5400,220,3,24372.81
1144,232,5,24352.94
3481,237,1,3864.82
1538,223,2,26852.84
2645,242,2,37227.05
5230,203,2,40724.49
2528,264,2,4691.83
3825,281,5,253.5
4539,237,5,36440.31
4595,213,2,19142.35
2384,215,2,1098.45
3101,294,3,49730.69
1207,242,5,17202.06
4166,211,2,43522.68
2447,236,5,14985.74
4088,242,1,18151.89
5364,267,5,31056.2
2057,216,2,16486.14
1687,264,3,5160.14
3084,251,5,43581.31
4462,208,2,38872.77
5078,279,4,45007.6
5301,227,2,37273.79
2874,219,4,16341.45
1779,213,3,8213.05
3633,257,5,13953.0
4809,252,5,44660.99
2162,224,5,3717.79
2925,224,4,19220.48
5692,206,1,14543.85
4153,262,3,43086.28
1681,218,2,23840.36
5995,282,2,17610.22
3284,241,4,48229.79
1973,216,4,36334.26
5100,291,4,12512.68
2732,264,5,20810.23
5863,257,4,26622.63
3902,287,2,22674.95
4095,277,4,38499.18
1264,248,4,42104.02
4554,287,4,41142.11
5518,209,5,27791.01
3650,223,2,9802.3
1223,261,2,46733.68
1683,287,3,2815.36
5792,263,5,17408.94
3755,300,1,13279.26
3224,238,2,12825.1
5204,201,3,315.07
3634,203,1,670.21
5660,270,3,34002.15
3735,259,5,39036.99
2406,238,2,36997.3
5634,269,1,492.39
2093,258,5,23096.2
3962,281,5,25578.8
3239,261,3,24327.65
1728,295,4,4971.61
3904,242,2,3635.42
3878,261,2,30514.96
3625,260,5,10344.12
3898,210,4,16707.43
1747,236,4,3830.64
5060,209,4,1176.61
5843,202,1,23281.01
5961,287,1,34258.79
2908,259,2,28566.13
5923,277,3,22315.16
4253,213,3,9161.21
2674,233,5,27682.2
4386,212,1,29615.22
1639,250,5,36580.71
4390,223,4,43529.01
4498,217,2,1991.8
4895,219,5,33290.06
3622,280,3,11534.55
2000,212,4,603.94
1221,227,5,47789.41
3275,242,5,15825.33
3037,255,5,42714.22
3190,244,5,16034.2
3941,242,3,23978.36
4685,249,2,18478.46
5307,288,4,44768.53
5477,236,1,14315.31
2728,235,5,39085.04
4512,225,5,37743.61
1159,262,4,29867.19
4557,211,4,36333.73
5257,282,1,44523.47
5088,202,1,14655.36
2503,240,1,10003.9
2906,258,3,37524.62
4938,287,5,47300.44
5545,290,5,22684.51
2779,210,3,1484.42
2416,235,4,1953.33
3153,256,2,33939.21
1170,228,3,38787.81
5910,248,2,20110.07
2541,231,3,36362.37
2458,211,1,1902.76
3253,276,4,36716.25
4202,243,2,42635.93
1185,277,4,12107.39
4492,217,5,20627.63
4878,298,3,42386.83
2273,254,5,31624.2
1336,268,2,34946.5
3796,260,2,21792.97
3142,290,1,134.39
2066,285,2,16926.19
3381,289,5,27028.86
5281,262,5,41321.58
1853,221,1,6128.84
5736,221,3,48308.12
2977,287,1,18293.61
5252,286,3,48298.89
3439,205,5,32186.08
2080,297,4,46567.94
1432,257,4,16734.03
5730,217,4,25524.86
4960,238,3,16884.49
5802,234,3,39712.77
4911,299,3,29773.44
3837,267,2,13242.14
5465,203,5,49746.09
5469,294,4,45353.24
3255,218,4,145.74
1021,295,4,6309.59
5347,297,5,36095.53
2268,279,1,34188.6
3561,282,2,3439.88
1015,247,2,20501.71
2154,290,5,45922.12
5264,213,5,8086.23
2070,272,5,44073.35
5122,220,3,36438.24
1420,208,1,2953.44
3178,280,2,49743.88
2921,210,5,45810.7
4883,231,1,30790.97
5394,236,4,37874.68
3082,234,5,17242.39
3389,280,3,45348.59
3704,242,1,22813.99
5327,249,1,43035.06
5766,259,3,46669.74
2083,240,2,1564.62
1768,219,4,37948.53
4868,275,5,4729.83
4903,276,4,18124.23
4931,299,4,8059.22
3858,229,4,40385.4
5555,221,2,39711.65
3557,250,1,20441.63
4493,232,4,46746.46
3681,210,2,43378.38
4985,236,1,18291.33
2992,299,2,25804.94
4827,278,1,40461.17
2178,218,1,42861.56
2640,243,4,34908.27
3619,235,5,13224.38
2764,296,5,47118.82
4859,216,3,43105.43
3880,263,1,33835.75
2117,241,3,22995.24
5520,277,1,23010.59
5365,271,5,2825.97
3653,245,2,6839.58
3382,294,1,14383.16
4787,203,5,3367.38
2479,285,1,3998.85
5086,232,3,34543.73
3950,238,2,16065.68
4032,279,5,42196.85
5976,224,3,43931.36
2003,289,5,31353.59
2890,249,5,42861.47
2950,263,5,44043.67
4405,222,1,27584.45
1388,214,4,18584.62
4957,256,2,10698.48
5329,228,2,21441.43
4549,269,3,3699.31
3880,280,3,31025.34
2075,268,1,3954.12
1079,242,4,16740.93
5840,243,3,12451.67
4543,273,2,11636.48
2158,219,5,6687.43
3131,265,1,17537.27
5468,284,1,40825.7
1029,220,1,35423.9
2895,222,1,22067.77
1046,210,5,16701.04
2668,272,1,36507.81
2733,216,4,19491.26
5685,240,3,40316.32
2764,256,3,7347.95
3218,245,3,22677.68
1645,221,4,28223.22
3353,204,1,1972.8
3613,251,3,24961.9
4614,201,2,1544.26
2345,271,3,49010.27
4345,245,1,23604.73
3975,272,1,2492.75
2060,251,4,27236.25
2440,295,3,31203.26
2215,203,3,33245.18
2427,253,4,465.93
2125,256,1,6171.39
3177,262,3,6155.31
1185,243,3,42406.77
4426,256,3,28990.95
3614,288,5,8354.18
3208,223,3,33514.93
2190,298,3,48524.73
4591,227,5,43930.32
2845,217,2,42065.25
4877,263,5,13595.82
2256,243,2,729.27
1469,207,1,24999.65
2821,227,1,48135.24
5645,262,5,7082.18
5002,277,1,6047.14
1074,254,4,18760.96
3433,216,1,20250.62
4684,209,2,23483.41
4348,239,5,23554.29
2082,219,1,28312.81
1985,243,4,13066.26
1557,215,3,31814.2
1038,256,5,42473.83
4640,253,3,48884.66
1340,293,3,41385.06
4743,210,5,37531.19
5982,216,4,8651.14
5268,240,5,40479.7
1024,254,2,3814.69
1939,274,4,40552.43
4208,287,5,25280.79
4178,243,2,12082.88
5035,262,3,24550.83
1455,277,2,38402.96
3624,288,5,1736.59
3664,221,5,32934.87
4571,292,1,8966.31
1952,228,3,33155.21
1007,265,3,41435.1
1681,242,4,2380.63
3879,244,5,46619.05
2922,262,2,45442.49
4975,240,3,46379.24
4120,285,5,30083.91
1101,228,5,13036.44
1968,227,4,34786.26
5102,299,4,1143.59
1833,292,4,38312.47
4709,291,1,47892.47
2687,290,1,8118.22
2012,218,3,43775.0
1779,220,3,13096.76
5161,260,2,1457.93
5707,237,1,34442.5
5719,279,2,47895.07
3662,298,5,37273.28
2940,275,3,35584.98
3320,299,5,42859.42
5320,242,5,27879.46
4821,296,2,708.8
5914,261,3,27823.4
3727,235,2,35681.85
2519,203,5,17386.49
4295,222,1,30600.79
1053,297,2,5640.0
4912,265,4,48210.8
2006,247,2,36368.59
2861,293,2,23070.49
2199,234,4,20779.24
1212,247,2,22495.6
4592,209,5,20947.84
1395,266,4,45267.7
3728,279,3,30591.61
5815,205,1,12219.06
2835,297,5,41239.49
4109,214,4,21441.51
3556,219,3,44373.32
3577,226,3,14243.43
3844,234,4,7981.2
4334,232,2,44837.61
1512,222,2,41475.71
1590,290,5,8118.36
1333,240,3,23629.89
5491,284,2,31493.03
5349,253,2,5319.34
2853,224,4,45877.77
1434,267,5,3069.01
5643,264,1,927.53
5629,202,1,11649.96
4042,254,4,31815.53
2303,285,5,4195.95
1346,266,1,26548.57
2041,209,2,14530.6
1414,208,3,24121.09
4464,289,4,42494.79
5524,247,3,44616.34
2523,201,4,2837.28
4468,279,1,18918.09
3907,294,2,35724.53
1735,254,5,20438.83
2508,247,1,1307.11
4856,271,2,43447.53
3608,203,4,30003.06
3459,273,5,46288.44
5344,268,2,17356.11
3592,204,3,10506.56
4269,219,5,33220.68
1422,246,4,3917.61
5306,215,2,29749.73
4113,278,5,12737.88
1161,269,2,28946.18
2712,243,4,20167.65
5582,254,5,31881.95
5557,277,1,46480.4
2337,227,2,41331.02
2713,278,1,37866.93
1455,252,3,47942.14
3632,233,3,12457.6
4306,256,5,21648.78
3410,271,5,18583.22
5300,286,4,24841.19
4766,284,5,43355.16
4059,218,3,34421.74
4540,287,3,48207.01
1156,221,5,47556.69
5455,267,5,221.82
3983,207,3,42755.19
3535,291,1,30800.78
4743,212,1,46897.78
5521,270,1,45387.84
3124,261,5,5865.11
3665,279,2,37005.53
2442,291,3,14655.18
5300,202,5,45963.45
2211,254,3,460.5
1021,249,3,27624.63
2657,228,3,29394.83
1102,277,1,7993.38
5452,225,3,21883.89
1552,256,3,33903.84
1869,282,3,7202.32
2002,219,3,44835.1
2471,226,4,30227.52
4539,283,5,17816.47
5899,294,5,23381.29
5441,234,1,45089.79
5520,246,2,47780.09
5671,212,3,5679.11
2681,279,2,41463.19
1179,269,4,22629.4
1996,272,5,27591.95
2392,282,2,38802.17
2150,268,4,29814.38
5793,292,2,13051.04
1362,202,2,6125.54
5888,262,3,30220.68
5431,228,5,7654.13
2383,277,3,2730.67
5734,251,2,49270.65
3783,256,2,33483.01
5147,227,5,2996.44
5272,230,3,26744.84
4974,276,4,38567.33
2207,295,2,31348.24
5214,215,5,45610.59
4223,281,4,41859.59
4234,245,4,5853.2
1479,291,4,11759.19
3956,266,2,18379.11
3913,264,2,35362.15
5506,218,3,19863.37
2456,215,1,5940.07
1117,292,2,730.92
5416,255,5,27756.32
2951,300,2,2206.91
4895,278,4,33436.04
3168,271,5,35582.14
4785,201,5,49869.05
5383,273,2,13697.1
3498,214,5,21872.29
5505,242,1,33766.11
5215,246,4,34502.16
1638,233,2,37986.23
2280,295,4,20384.49
1012,258,2,37514.28
2706,279,2,15073.91
3822,236,1,13316.92
4364,295,5,28659.61
3603,225,4,18059.96
1999,223,3,30487.5
2569,260,5,13174.85
1877,255,2,36467.93
3876,255,5,1572.38
4284,241,5,35443.72
1840,241,3,41736.22
3896,239,5,29862.98
5253,262,5,48168.02
1370,242,4,16674.71
3441,252,3,35604.51
4378,280,1,45505.52
1051,225,5,16494.51
4382,258,3,37108.71
3442,215,3,7697.77
1468,217,5,18412.23
2556,253,1,48340.23
2218,289,1,46664.88
4028,259,2,36247.23
2785,292,5,9320.98
4815,293,1,35469.55
4326,201,4,25708.53
5480,213,4,48127.0
4261,233,1,34075.19
2218,253,2,35988.41
4919,286,2,27397.94
3785,229,5,46676.06
2084,216,1,38906.56
1009,207,4,4428.27
5085,289,5,24704.85
1069,204,2,7432.19
1652,295,3,34534.94
1570,250,1,26882.68
1926,244,5,14249.91
1917,219,5,45484.86
4608,250,4,9977.36
2211,250,5,29798.38
3546,277,1,820.9
1205,220,4,12982.87
4446,216,2,9315.78
1428,234,5,42635.91
2129,203,2,10496.33
4164,222,4,8814.26
3535,268,5,49772.28
5423,291,3,23075.7
1366,262,4,5042.58
2622,265,5,7996.7
1776,216,2,21019.06
4046,240,1,3012.07
3160,254,5,24828.89
4571,282,2,39563.17
1400,277,2,6822.91
3101,223,4,16771.65
4942,298,1,3329.7
5201,263,1,2317.57
2658,224,3,37299.94
3464,267,1,15482.72
4484,297,2,46259.44
5499,291,3,20462.53
1454,265,5,32834.46
4846,291,3,31112.3
4339,274,2,19157.4
1822,279,1,40040.98
3105,239,5,14178.65
1918,232,4,27862.43
4253,201,5,45353.75
5877,283,3,665.91
1156,289,2,23059.41
2210,275,3,13687.84
1126,262,5,28369.54
3191,253,5,20585.31
4887,287,4,44710.07
4142,242,3,30214.98
4201,269,2,43049.91
4007,209,3,14773.97
2187,263,4,26911.12
3935,274,4,14926.43
5357,282,1,43210.24
1586,225,2,27555.6
3804,287,5,17753.96
4716,224,3,34143.2
1719,253,1,24291.59
5791,214,1,22160.53
1353,214,5,19608.38
2266,225,1,28766.32
5943,211,2,38951.46
1452,251,3,24544.74
3084,207,5,40927.12
5859,237,2,37672.58
2516,223,2,34806.54
5399,211,4,29961.59
1622,210,1,41278.37
2926,261,3,21082.04
3277,274,4,14350.77
1448,262,5,26438.37
4063,232,4,26640.24
2598,206,5,36960.17
4040,223,2,3186.24
2653,242,5,1104.78
4264,265,4,48697.25
5294,242,5,6268.66
3932,249,2,41570.2
4490,246,5,30900.52
1922,238,4,10855.01
5934,244,1,9392.19
1226,266,5,36438.73
5222,274,2,34400.17
2108,236,2,24642.73
4891,215,4,11335.5
2139,263,3,18086.75
2912,286,2,2668.42
4896,238,3,6459.25
2998,245,1,44532.79
4725,261,4,18439.17
5884,255,2,917.1
4144,217,2,29553.8
5050,286,4,37895.02
3175,271,4,11318.52
5280,228,2,33488.82
3932,240,2,24955.9
3784,260,3,139.15
3700,274,4,48632.18
5034,203,3,43966.88
5125,208,2,10196.0
1249,220,1,49122.25
3085,217,3,27567.73
4213,264,5,8425.89
5762,204,5,12242.32
5706,225,4,2280.86
4448,258,4,44617.17
3463,243,2,46400.68
1113,255,3,48353.7
1986,265,3,22162.74
5903,221,1,18326.81
1754,265,5,8026.09
4409,239,5,13654.17
5096,263,3,22478.1
1570,227,5,31064.77
1809,224,1,27988.6
3507,269,5,6877.54
5626,293,3,38716.63
2010,211,3,37290.8
1178,281,4,28415.46
2870,286,3,2538.19
5994,226,1,36061.61
4674,256,2,17203.0
1953,253,1,42003.21
1216,227,5,404.25
4152,276,4,31938.53
1885,219,5,45435.27
2954,265,4,12309.59
2324,298,4,42297.2
4994,264,4,16154.21
5930,243,2,47033.35
5475,264,2,45075.32
2765,210,4,14788.89
3084,228,5,933.17
3326,209,4,15044.93
1220,233,1,4688.03
1204,284,2,16746.41
2710,216,3,37958.6
1128,217,2,19520.55
5216,266,5,31981.02
5599,293,1,38856.65
5262,242,4,47800.81
3164,273,1,29339.29
2614,243,1,23484.62
3808,260,1,1898.74
1644,201,1,22943.17
1202,284,2,13995.0
2886,211,5,18406.24
3368,269,3,22593.19
3346,216,3,38966.62
1891,236,3,22201.33
5648,254,4,44256.52
3985,284,2,33582.27
2772,231,3,49254.6
1416,276,2,39804.63
1759,210,5,35660.46
1453,290,4,49600.25
4475,224,5,31240.26
5217,236,1,35076.82
2567,221,5,13704.66
2429,286,2,28384.16
5854,246,1,19924.45
4268,280,2,49578.91
3621,218,5,16659.47
1054,269,5,39488.61
2631,300,3,28168.45
1326,205,1,19874.9
2784,250,2,25569.06
2017,283,4,1615.73
5601,225,1,23506.87
3164,244,5,14832.74
1253,297,1,247.67
1961,227,4,17698.71
4758,257,3,22698.05
4784,291,3,18956.53
2566,280,4,34387.76
1277,219,4,30465.92
5544,263,2,25809.8
2566,300,5,12105.7
2440,299,3,42350.21
5129,230,3,13680.04
1756,267,5,16416.3
4274,250,4,2289.62
3425,236,2,436.46
1987,283,1,13587.03
4311,247,1,5741.74
5018,261,5,3881.76
2575,290,3,7553.48
5956,284,3,30230.27
3869,208,2,1827.87
2764,245,1,45107.04
2251,210,4,49237.87
1851,240,3,49616.97
5445,202,4,8868.96
2310,295,2,28567.99
5894,233,4,32022.14
5856,277,5,41467.47
2095,207,5,30633.22
4489,263,4,21772.51
1268,285,5,7654.99
5786,275,3,24286.66
5928,290,5,18033.4
4171,249,5,38498.89
1273,209,2,30460.55
4453,295,4,28280.03
1693,258,2,32783.58
4268,279,4,35866.32
4644,242,5,23620.02
5157,264,1,36031.16
2361,291,5,9569.36
3071,222,1,45930.08
5756,241,4,46918.86
2622,297,3,21864.17
2712,271,1,18981.35
2831,237,5,589.51
4837,219,5,20257.53
4819,259,3,27294.51
4861,252,4,37724.69
3451,250,3,6213.27
5128,214,1,31483.31
5312,253,1,4292.18
3596,205,1,16212.77
1281,251,3,1322.31
5016,211,5,40078.29
2701,289,2,48930.29
1461,248,2,42683.04
5215,254,1,42403.68
2297,220,2,22877.19
4277,261,5,17487.26
3281,212,1,31824.23
2491,294,3,19965.02
2528,208,4,6104.22
5029,254,2,13987.22
3245,230,2,2178.13
1380,250,5,13203.82
5501,287,3,23589.51
5038,271,5,47436.12
2322,219,5,649.19
3781,272,4,43856.67
2279,204,1,5007.27
1297,228,5,29240.28
3662,206,2,16890.47
5651,239,2,19190.94
2737,296,3,26176.03
1945,229,1,32948.35
3893,217,1,6448.28
5214,286,5,35447.92
3703,273,4,32895.99
2983,292,1,37211.64
1036,278,4,7346.13
4732,209,1,29628.1
4159,258,3,41080.69
4301,213,5,33949.02
2760,284,4,39532.72
2677,275,1,6623.69
3831,211,1,6713.67
4863,285,3,17752.04
1559,240,2,36646.74
2568,281,3,35294.83
1007,231,1,4410.81
5346,250,2,27812.07
5852,202,2,18405.08
2761,220,4,37132.63
5957,280,5,2627.96
2858,237,1,18304.39
5809,239,1,17426.52
2543,229,1,38325.01
1775,295,5,37474.52
1383,299,3,23495.0
4553,221,3,42737.8
2760,238,5,37196.23
5066,213,1,37144.78
4491,202,5,3468.45
4244,258,5,44227.23
4035,269,1,6356.1
4871,287,3,49879.89
4970,252,3,22332.91
3565,249,2,9655.52
2759,228,3,8244.2
1593,244,3,35391.43
3254,220,1,10929.48
2043,291,5,44791.07
1774,287,4,18190.05
3340,228,3,20711.78
4167,249,5,30098.06
3413,227,1,18969.32
1039,289,3,1455.49
2006,225,1,1090.5
3559,283,1,32088.06
3241,235,3,21908.47
2121,260,5,12508.67
4852,227,5,18298.02
4811,249,4,9138.93
4910,294,1,24353.04
1903,234,5,16701.56
2843,204,1,12967.61
5390,275,2,47459.31
4038,263,2,17761.25
1137,221,2,25441.95
2020,273,1,21107.37
4973,296,3,32466.43
2921,251,1,38535.23
3310,246,2,29080.93
1750,212,5,48284.16
4375,235,2,12347.2
5704,201,3,21465.02
1235,239,3,48632.6
3441,204,1,41823.19
1507,270,4,19760.23
5395,295,5,37645.34
1604,253,5,22387.71
2621,258,4,4403.78
5585,226,4,37486.07
3784,274,3,42241.95
4137,261,4,5059.34
3639,254,5,21213.75
5161,261,2,29211.66
4746,264,3,27856.84
3844,213,3,8775.57
1731,271,4,34838.34
4216,252,1,32224.91
5714,209,2,39381.71
2203,202,5,25000.74
5898,272,5,11792.31
2984,265,2,36987.15
5682,274,2,29999.46
4265,217,3,46780.91
1860,236,1,45385.13
5047,212,4,26506.18
2888,273,2,27398.87
1764,286,4,5592.35
1949,252,5,35248.38
5039,295,3,4948.9
4841,285,4,15655.86
4396,258,1,9100.77
2646,224,5,10999.05
3098,225,3,22388.26
2872,277,3,44850.12
5626,247,4,18838.19
4493,275,1,32220.45
1896,216,4,16503.5
5116,275,3,20346.56
1129,223,4,15594.24
1074,214,3,1248.68
2461,230,2,28911.24
3901,296,4,11609.69
5261,247,1,35517.76
4737,282,2,38279.16
2821,207,5,47805.91
5741,252,5,20450.33
1884,232,3,40006.55
5435,298,2,26388.68
3340,203,4,10040.86
2477,244,5,43416.73
5839,222,2,32063.73
4170,246,2,39781.44
2801,201,2,40222.08
5482,272,1,23514.72
2773,300,2,38633.45
1118,256,3,21272.28
5492,229,5,38902.65
2961,264,5,15824.75
1558,282,3,19183.65
3689,211,2,22726.6
2863,202,3,10382.83
5037,260,3,30557.35
1122,294,3,26707.93
2870,261,2,27137.61
5174,220,3,49508.27
5271,271,3,45382.44
2003,271,3,8315.92
1197,254,1,20495.49
1143,214,2,20640.8
3208,279,5,48387.9
3462,202,4,23575.79
1480,283,1,48367.25
3979,236,1,37070.71
2235,226,5,4134.33
1227,300,1,48930.03
2522,282,5,22112.57
1428,269,2,43582.59
2222,217,4,34173.94
4247,252,2,48982.29
5687,269,5,4311.27
3610,209,3,7348.27
3546,249,1,22288.31
3210,217,2,21138.13
3114,212,2,22457.43
4778,203,5,28027.24
1499,206,4,44641.46
2802,210,5,12044.43
5763,241,4,33758.98
3821,283,1,36931.73
3719,278,4,18887.05
5026,278,1,6970.21
3060,235,1,6898.99
5843,237,2,38015.36
2024,211,2,19550.54
2778,218,5,16852.58
1293,266,5,38754.3
1719,233,1,47407.66
5508,256,4,37046.03
3984,285,5,19224.18
4736,244,2,16432.62
2578,256,2,26307.78
2671,286,3,10536.62
5285,232,1,7097.01
1773,294,2,16758.82
5740,235,3,45068.67
2875,237,5,10042.77
5544,248,1,47242.16
4200,218,3,48916.13
1225,271,1,22095.67
4166,259,4,21431.93
2899,257,3,27302.11
4935,209,2,45085.26
4166,274,2,23959.23
3691,242,1,38139.37
3948,242,2,34672.93
2721,262,5,37363.98
2800,227,1,19112.3
1674,247,5,37884.41
4323,227,1,21038.06
1329,277,5,30509.95
5513,236,3,1224.3
2639,264,3,2523.36
5062,204,3,35459.22
2009,253,5,34871.78
3515,294,1,157.57
2933,254,5,14433.23
5151,242,3,41478.63
2784,211,4,36426.59
2702,276,5,1756.95
4569,271,3,26352.67
1965,280,4,45776.68
4549,267,2,17306.91
2125,267,5,15482.0
4875,266,1,766.65
5290,282,5,16553.31
1217,237,3,32868.62
5534,239,4,117.08
4801,226,3,25314.57
2908,265,4,23865.82
1165,258,4,37739.44
4737,299,5,19727.88
3143,259,4,38320.66
5052,213,4,16418.31
2444,204,3,10671.05
4951,210,2,31578.95
4872,224,5,27840.46
2931,286,1,13745.88
4349,249,5,36142.65
3469,231,1,6123.65
2227,288,3,9097.36
4518,245,3,4161.56
4549,213,3,29813.21
3656,225,4,17729.11
3756,229,2,23274.34
1647,285,3,32068.41
1112,297,2,131.06
1266,219,4,27577.65
5078,207,5,23237.85
3533,264,5,46721.33
4369,248,5,18145.33
5962,237,4,47110.34
3042,225,2,44350.46
4543,250,4,27902.22
1431,290,1,33767.18
2925,266,1,37042.76
2429,256,5,30977.28
2336,263,5,28959.8
4710,286,1,7042.34
1952,270,3,7187.39
2591,288,2,14315.68
5447,263,1,47079.8
5336,246,1,45759.98
4046,224,4,8692.72
2074,211,5,2772.96
4952,201,4,11835.4
3957,293,3,46045.17
5678,220,3,21373.78
1009,299,3,16574.47
3193,265,1,30868.03
1017,275,3,45742.27
5583,246,2,31446.45
5444,251,4,44933.61
3627,234,2,20711.11
3528,201,5,49363.8
5520,212,2,36024.33
5275,279,5,29839.81
5851,233,3,48513.24
3412,214,4,22178.96
4022,292,1,5502.15
2369,294,3,44122.2
2968,244,5,35276.59
4860,267,1,14774.13
1538,218,5,2455.72
2122,285,3,47028.81
4852,251,4,30390.5
1930,220,3,22960.34
4444,232,4,47097.89
5799,230,1,17333.3
4879,286,4,16682.7
3803,245,2,3618.61
4967,259,1,20179.87
4161,213,4,30805.19
3132,236,5,15868.93
1815,263,4,332.02
1925,277,3,31423.67
3644,202,2,24796.53
1308,249,4,44849.72
3775,287,4,42337.29
2028,206,1,37784.93
2267,252,5,23081.61
4002,219,1,31189.19
5410,295,5,33076.55
3057,281,1,48296.04
2235,246,5,39890.12
3221,232,2,12647.4
2056,214,2,41585.51
5722,255,5,20900.31
3843,232,2,21135.55
2364,208,4,13232.86
4090,296,1,35533.89
5306,217,3,10862.8
5876,286,3,24518.57
3233,265,4,14703.18
3985,249,3,14096.92
4440,217,1,8975.12
4933,264,1,46866.29
4824,285,3,40656.16
4588,246,2,25292.01
4152,250,3,16596.07
3631,247,5,18578.41
4858,288,2,14890.36
4976,214,4,11896.63
1922,226,1,49974.74
1781,216,1,4407.32
3878,294,5,14625.83
4038,296,4,4387.85
5289,258,3,13501.16
4926,231,4,18482.0
1029,271,4,26220.94
5088,214,3,17674.32
1343,254,2,1922.31
3253,243,4,15258.59
1064,228,3,20373.75
2225,284,5,34602.46
3553,246,1,27228.71
5365,244,5,7236.51
1079,211,2,41825.8
4471,209,3,2479.77
3797,249,5,11299.22
2203,227,3,9767.26
3381,267,2,38034.19
2335,238,4,10681.42
4197,253,1,14902.25
5858,271,1,14326.64
3697,265,2,19026.73
5270,284,5,17680.68
2532,226,4,39225.28
5855,278,1,18293.17
2537,234,4,3143.88
1106,299,2,20870.05
3051,259,2,31143.81
4142,241,5,39115.0
1205,274,3,28490.83
2935,241,2,16303.53
2165,226,1,4142.08
4079,283,5,2685.83
2924,265,4,44743.57
5855,289,2,26967.14
2505,204,1,44787.69
1663,236,1,26854.48
1450,280,2,48395.16
2711,205,5,2690.53
1041,242,1,6511.76
4483,274,5,47471.4
5932,262,3,1177.2
5671,241,1,11773.97
1754,245,4,5450.58
4645,264,3,30334.01
1984,214,2,30825.5
1146,270,3,25686.94
1488,224,5,40438.22
1469,297,5,38612.99
1330,205,1,24995.55
5684,239,1,23146.29
4801,213,5,42015.47
3121,294,1,10792.63
4897,273,1,37172.79
1795,229,2,41645.21
2063,277,5,39122.37
5558,264,2,27909.61
3442,203,1,47516.84
3330,201,5,1875.36
3841,217,5,42673.7
4858,243,1,32824.92
4997,259,3,26596.08
3583,243,1,3908.13
1027,222,4,43259.6
4127,219,2,43219.05
4527,294,4,37234.02
3888,219,3,39859.9
3635,269,3,39004.83
3202,242,5,39067.36
4976,223,4,16510.84
5857,216,5,15654.73
2705,281,4,28871.81
5728,298,5,14756.78
2169,249,4,3245.52
5415,255,1,8940.95
3755,281,2,46951.92
2837,277,2,4751.41
4217,253,2,29770.09
5001,237,4,38269.03
1057,209,1,19442.44
4485,267,1,24595.24
4400,225,2,8631.73
3340,282,5,36063.47
3831,250,1,24109.3
3732,219,5,36457.84
1808,282,3,14182.64
5579,235,5,24116.23
2697,288,5,30547.98
3068,288,4,17405.35
2048,245,4,45928.43
2620,210,3,26812.4
2527,253,2,36884.16
3948,273,2,7495.68
3469,211,1,35796.92
1900,276,4,38400.47
3522,224,3,9503.79
2946,215,1,47287.11
4135,256,4,844.43
1395,234,3,45776.2
1112,261,2,14157.1
5522,231,1,327.17
1254,239,2,4550.39
1307,216,2,18273.38
1520,300,5,30038.88
3581,242,1,26572.83
2297,216,1,20384.63
5230,206,2,38417.59
3108,279,2,44923.53
1842,291,1,43379.07
3202,213,4,48385.31
5594,208,4,30650.47
5279,233,1,33802.6
4650,205,1,28794.49
5505,259,4,12667.98
3860,228,1,44365.28
2055,254,3,4389.41
2630,212,3,9939.61
5366,300,3,13590.57
5908,280,4,2756.3
3813,218,3,32803.24
5386,230,1,27925.84
2383,274,3,28367.36
4643,221,4,7307.87
1509,233,1,7624.53
5705,262,2,11095.42
5517,275,4,2888.17
5219,289,5,36107.08
2174,254,2,6993.66
3464,213,3,2211.25
3754,281,1,30118.71
3079,247,4,41094.02
3458,291,5,35316.78
1745,249,3,41463.85
4487,262,2,42898.34
2173,268,3,28796.27
4152,230,1,47676.04
2349,289,1,9897.13
4939,300,5,21330.25
1273,207,2,5603.59
5745,268,2,13862.71
5239,259,4,33697.32
1013,256,5,5678.06
3069,237,2,20327.2
1849,248,1,10218.8
3215,214,3,30659.89
1793,247,4,22159.14
4204,285,5,34105.8
1179,263,4,37356.29
2013,217,4,45537.98
5671,292,1,1313.23
1207,284,4,45304.24
3757,230,1,1951.73
5284,292,1,40222.18
5904,267,2,40105.77
5723,286,2,23201.33
1779,216,3,49909.15
2246,219,3,25639.86
1729,217,5,24943.61
1350,274,4,29060.97
2869,250,5,46715.14
1998,262,1,33024.68
2983,266,2,30534.01
2237,224,3,7556.11
5152,248,4,15603.05
3810,240,1,17102.39
1028,218,1,48506.57
3648,222,2,16668.25
4051,285,2,12545.56
3950,244,2,29031.27
5241,260,5,20841.97
4957,273,3,6872.02
3010,269,2,6162.75
1092,246,2,33080.05
4106,217,4,14152.88
4187,290,5,43923.17
3523,244,5,13958.25
5781,219,3,40351.04
2715,294,2,13607.62
5699,259,4,35507.87
1618,293,4,24872.45
2777,268,2,40494.16
4466,223,4,13822.64
3118,241,3,9814.92
3883,252,1,5261.54
1874,242,4,21925.62
4432,270,5,42421.17
3511,241,2,16999.5
3613,211,2,44889.1
3144,215,2,18148.38
3534,288,4,6425.75
4149,265,5,39769.08
5440,235,3,4004.1
4914,254,5,44201.6
5131,227,5,37875.94
1401,300,1,3271.67
5537,247,3,6925.32
2671,260,5,15800.78
4037,279,1,3448.0
1888,238,2,49751.93
3810,221,3,6211.69
1210,269,4,31673.17
4428,221,3,26656.71
4286,217,4,3621.93
2460,259,4,30699.12
1869,288,2,29907.87
1896,215,3,4476.04
2774,221,3,18765.54
4647,247,3,8207.29
5749,267,3,105.76
1233,211,2,18452.98
3112,226,3,24221.59
2169,282,3,15435.15
1495,261,1,16181.98
3513,248,5,48631.79
2539,265,4,37804.88
3345,230,5,6924.02
2207,278,2,36093.95
5577,204,3,16093.97
2129,278,4,41007.53
3120,254,4,2352.08
3731,209,4,43348.36
1326,244,4,34111.59
2502,212,5,16099.12
1412,228,3,719.25
4181,210,4,49588.47
2678,242,4,18349.96
2177,260,1,16630.08
4581,201,2,31650.52
1467,279,3,28173.26
5987,218,4,27463.67
3508,211,5,43706.77
2416,204,4,12678.57
1282,287,4,46647.35
1213,248,3,3012.84
1650,250,1,27238.8
4179,246,5,18686.29
3685,261,4,7897.87
3600,223,2,13961.61
5551,273,5,37896.77
3433,221,1,29037.1
4525,261,2,20806.88
1445,287,1,673.02
3757,267,1,23459.26
4458,244,4,42862.2
4659,258,5,34530.4
3418,216,1,47830.29
1809,234,5,28231.38
3958,256,2,27110.86
2358,210,2,10444.31
1989,253,4,36465.3
3218,289,1,22067.28
2130,254,5,32808.36
1921,247,3,11057.54
2274,278,1,27053.55
5061,261,3,40736.79
3447,253,4,46754.25
1409,256,5,40649.13
2011,214,2,49622.1
2627,255,1,6666.14
3017,229,5,25540.12
2253,279,4,11426.3
3639,274,2,38343.06
2514,274,4,14237.03
2962,248,1,8509.67
3956,202,5,18992.18
3422,298,3,47127.8
3462,230,1,42140.93
1665,216,2,17158.96
5103,288,2,6036.8
5832,207,5,27150.78
2593,224,3,18441.5
4267,236,5,46608.45
2395,250,1,44609.21
4484,247,4,11105.88
4409,216,5,43172.42
3147,213,4,41762.07
4634,242,4,2657.2
1559,286,1,31321.79
1334,226,1,20988.45
2586,286,3,20865.12
5979,220,4,8900.48
5799,240,5,11835.79
5241,256,2,47602.89
1683,224,1,12875.25
1520,263,3,38072.4
1149,227,2,39774.94
3983,207,3,9056.53
5430,296,2,44559.56
5130,226,2,48329.99
1231,209,5,4137.34
2610,202,5,32537.2
4679,229,1,34472.23
2247,244,3,27785.85
5266,291,3,8906.43
5493,236,5,28721.34
5387,286,1,23384.65
2446,239,2,26543.24
2388,273,3,30890.0
3150,260,2,31145.68
4513,262,4,11063.3
4322,252,4,6996.05
5433,263,3,30548.19
5984,282,5,38614.89
2725,244,5,21094.14
1576,238,4,6435.81
4849,279,1,35587.81
4482,204,4,30581.29
2390,249,4,6406.88
5487,213,4,39683.06
4786,217,5,12796.55
2782,254,2,8776.91
5143,294,3,2296.6
3844,231,1,6384.59
4760,212,4,32889.19
4150,234,1,3264.9
3721,251,1,16251.66
3627,218,3,46223.4
5576,270,4,34271.56
5639,237,3,18337.1
5766,254,1,9290.25
1367,262,4,7954.57
1359,257,5,29137.71
2895,201,3,20233.32
4313,256,4,23357.68
5187,208,5,29473.66
2221,224,2,34472.18
2621,269,3,33762.82
2139,288,1,4202.44
1214,283,5,28843.42
3339,207,1,11701.29
3075,255,2,6429.11
3225,270,5,42259.41
5590,294,5,15152.4
5690,300,3,23702.6
3822,206,1,23471.66
2108,225,1,31303.4
2799,246,4,35491.09
2287,240,5,33791.64
3709,203,1,25460.9
3480,208,3,23880.52
4759,204,5,36811.53
1664,243,5,46412.19
3095,205,4,26810.62
1939,219,1,31811.08
5824,287,1,26695.78
4132,282,1,5479.25
4728,253,3,701.29
5649,248,2,18658.63
3467,232,4,16667.91
1269,205,4,7996.71
2304,264,5,4789.58
1248,204,3,29827.13
4112,261,5,37855.9
3142,249,3,29675.17
1917,227,3,27806.21
1605,287,2,47524.42
3507,249,5,42639.11
5737,281,2,16765.93
2474,293,4,26574.0
4015,300,2,30851.7
3356,225,4,7489.65
4952,258,2,27385.99
2514,260,2,19895.06
2862,288,3,10707.45
1066,297,2,33237.64
5271,270,1,43933.34
3401,266,5,43952.36
2501,236,2,1777.8
2836,237,5,39527.92
2427,203,5,38046.28
3023,285,5,6741.72
1853,295,1,15643.31
2837,204,1,2978.73
5954,256,1,11434.33
5230,270,3,23915.8
3836,223,2,43020.0
3362,206,4,802.07
5610,268,5,8946.48
3373,281,1,24179.81
5029,271,1,38766.91
2354,278,1,27216.45
5912,261,2,30853.61
4931,216,5,21223.23
5983,236,4,20336.26
4396,252,1,33740.16
1975,284,4,22330.32
2804,279,5,40777.9
3277,263,4,13262.0
1824,227,1,25974.12
4901,265,3,29463.01
1760,221,1,27417.3
2846,267,3,9119.73
3753,232,4,21345.22
1947,201,3,8226.82
3675,235,4,44877.89
2764,260,4,6248.74
2675,219,2,7785.09
3150,201,2,43250.9
3912,207,5,18860.82
4733,297,1,44467.95
3591,295,1,47203.04
3317,238,2,24420.43
3997,213,3,25359.43
4050,256,1,11637.96
1022,228,1,36829.19
3766,282,4,13504.76
2804,268,2,35987.85
2743,218,2,18318.87
5013,226,3,7357.57
1033,207,4,40927.57
5964,240,1,17303.44
4475,242,1,8656.11
3690,241,2,3588.26
2304,219,1,39071.31
3586,261,2,25153.77
3094,219,1,45081.65
1391,270,2,37364.07
2897,233,2,37327.69
4616,254,4,28995.98
4367,251,3,48446.31
4627,251,5,34817.12
2009,291,2,26669.75
2673,259,2,6630.29
5151,249,3,47526.03
5541,229,3,46239.82
3525,253,2,30496.8
5998,267,2,4154.67
4672,268,1,13828.23
4442,202,4,32571.99
3993,286,5,37224.39
2649,261,3,47738.09
3559,230,2,15936.58
2935,280,2,18034.37
2904,242,1,39700.25
3146,290,1,7826.16
4265,205,4,38010.8
5185,282,2,23334.53
2888,276,4,40580.47
2051,290,1,44868.01
5559,267,5,35293.98
3761,213,4,6961.49
3392,229,2,42922.97
1798,230,3,22793.88
2881,280,1,27012.25
5172,282,1,37882.21
3378,262,1,35990.21
2471,226,1,16811.89
4104,201,4,26662.75
5252,235,3,7350.41
2260,259,5,39008.65
1816,265,3,1130.31
3303,238,2,41404.61
3499,264,3,5982.97
4286,281,5,42791.76
1240,292,1,20114.61
1930,231,3,30343.39
5169,281,3,13703.33
5594,239,3,25821.63
4339,298,1,7707.81
4181,288,3,8730.16
2273,211,5,32359.09
4403,294,2,28796.38
2461,298,5,25189.34
3965,286,2,27316.1
2248,226,3,10180.76
3603,281,1,11288.34
5409,264,3,13985.49
2559,286,3,34135.55
1084,259,5,49472.5
4026,297,3,24940.22
5791,266,4,6144.93
1885,288,3,44975.03
3112,247,5,49274.14
3813,242,4,12776.44
3150,295,2,7143.08
3159,273,3,39994.22
3919,295,4,38946.01
2934,213,5,19820.42
4005,204,2,43596.93
5001,299,2,26085.21
3027,278,1,4081.26
3312,224,4,41492.79
4498,217,3,34255.46
2561,286,4,30663.7
3363,297,4,23674.57
5461,242,5,29012.72
1131,216,5,38956.31
3125,226,1,35969.05
4930,261,3,7208.11
2938,259,5,7063.78
1328,296,4,11645.31
2907,291,2,41917.28
4244,272,1,2244.61
2657,235,2,7473.42
1505,282,2,15579.27
5530,269,5,24863.34
3076,259,1,39446.52
3851,231,1,12624.88
2097,250,4,17886.49
3105,299,5,46493.25
4162,237,3,45261.45
5152,257,5,30484.57
5710,260,5,11963.33
3295,205,3,49007.54
2291,218,5,22555.27
2391,238,4,34830.19
5316,265,5,23680.46
3627,292,3,21749.57
3192,234,5,46685.95
1665,247,2,39730.67
4221,245,1,7218.79
4932,262,1,21549.5
1016,225,3,34298.04
3575,275,1,19886.92
1413,293,5,934.08
5677,212,2,39156.91
1460,287,3,24522.79
1704,229,1,4282.76
5759,268,1,47964.16
5500,300,2,5197.87
3255,209,2,43708.09
4443,204,5,31190.97
2686,275,1,41440.63
4028,247,5,1611.75
5045,275,3,9376.32
1364,289,1,47815.01
5180,204,1,19615.06
5001,286,4,24496.49
4483,209,4,32482.87
4376,291,1,41304.56
5962,259,3,35109.58
5139,287,1,8523.96
3952,261,2,12367.39
1541,227,2,4260.59
2814,223,1,32606.19
4580,250,5,44328.26
4091,248,4,16276.05
5428,291,5,21768.77
5070,300,5,4409.13
4679,230,3,31050.92
4475,222,2,6461.5
4766,222,5,6435.4
2922,258,1,36580.11
1763,251,2,21601.52
4908,276,3,27190.28
2841,238,5,29945.39
3078,274,2,31100.21
1966,262,3,1856.22
4792,297,4,29605.58
1903,268,1,49645.33
5397,282,4,47358.5
4766,214,1,35113.07
1887,285,4,7533.03
5850,285,2,11794.48
4961,235,1,33990.29
3302,284,3,25961.9
1718,298,5,283.9
4592,274,3,49003.0
1742,213,1,34239.64
3643,225,5,48213.24
5500,213,3,16452.33
1809,278,2,3504.03
3674,203,5,27171.92
2509,229,1,19902.2
4946,224,2,7179.21
4778,291,3,40425.24
4364,282,5,20310.95
1816,289,2,670.47
2219,281,5,14672.0
2846,213,3,31382.32
5706,266,2,22060.03
5445,226,2,7125.55
4402,289,2,37384.52
2259,284,5,21763.5
5695,234,4,46897.38
1419,255,3,10166.34
2124,238,1,9417.77
1127,269,3,19960.25
1877,248,3,23864.78
1578,299,4,32192.77
1402,262,5,29167.26
2587,293,4,27861.32
4698,236,3,38965.59
5548,209,3,17481.12
2269,297,4,18244.86
2416,228,2,12593.89
2241,271,4,10833.46
3614,277,4,23105.3
2281,253,5,38770.18
3943,222,1,5965.16
2839,270,2,29450.92
5445,252,4,23616.43
5449,284,1,12497.83
1819,246,1,13054.9
3497,277,2,7308.32
2314,211,3,46832.2
2631,216,4,22658.92
2310,201,5,2968.29
5210,267,3,25367.96
2083,280,2,14719.74
4905,220,3,42300.31
1586,218,2,18515.93
3819,277,3,34364.75
3173,253,3,33110.84
5422,243,5,3497.67
5776,248,2,8038.6
2959,236,4,31349.61
3658,279,1,25277.75
4551,280,4,44494.57
5742,264,4,11618.28
4983,242,2,1953.15
2210,295,3,38705.15
1822,266,1,43189.44
1991,207,2,33531.79
4816,259,1,32847.2
2954,235,4,4555.62
4097,267,1,9491.09
3468,260,4,6951.9
2581,243,4,1915.5
4264,245,1,20693.3
3957,250,1,31433.92
2922,267,3,23891.6
2426,258,1,36175.32
2266,273,1,3477.3
5803,259,5,35476.53
2098,277,3,39081.62
1706,256,2,15227.43
3328,255,3,21947.37
3655,293,3,49479.36
3291,261,5,26506.68
2178,290,2,27415.92
4805,267,3,47456.1
5988,247,4,22019.01
1638,258,2,15916.45
1176,256,2,31852.55
5199,228,3,24309.6
3291,250,1,10012.9
1481,255,1,1913.25
5485,261,5,21089.39
4128,242,5,45033.91
2720,300,4,46330.26
1876,290,2,1171.38
1775,272,4,14353.8
2461,258,5,15630.43
4217,257,1,43803.0
4916,250,5,37798.24
5160,223,1,9624.02
3955,239,2,36278.22
5699,235,3,14598.98
4840,248,5,43130.3
4961,234,5,20232.62
2667,280,1,24575.39
4501,282,4,23397.29
1304,290,2,12058.77
1766,275,1,47291.35
5616,210,5,2810.0
2844,270,3,25541.49
4628,235,5,42550.62
3560,282,5,17341.43
2553,233,2,2931.23
4522,211,4,12647.29
5479,279,3,6277.72
4158,231,2,19642.07
5555,289,5,15048.34
4274,226,2,27914.2
5658,263,4,17054.34
4897,292,5,27864.71
1976,289,2,15064.96
4137,202,4,48314.23
1694,244,5,35169.77
5373,282,5,12846.7
1104,249,3,3805.49
3999,299,1,7502.3
4971,229,1,42651.79
5983,274,3,32750.12
2896,232,5,21188.95
4472,270,5,35673.4
3341,258,3,40960.81
1423,204,2,41325.98
2506,253,4,4960.48
2485,238,5,14692.94
4329,215,4,37457.21
2026,230,1,35092.44
3937,278,1,28033.72
4961,256,4,32255.7
2134,286,4,13217.1
1231,255,1,10782.57
4876,204,2,33756.78
1314,283,4,43652.62
4798,230,1,24673.96
1136,222,5,914.34
5555,206,1,14390.27
2570,226,4,21340.05
1857,222,5,33199.7
5167,265,3,48693.43
2298,263,3,35313.0
4987,261,5,32836.27
3954,290,5,3826.07
1603,295,4,42621.22
5289,280,1,30041.6
1195,233,5,16759.3
4292,242,2,1186.82
4267,251,2,29904.79
2705,248,3,6441.98
1232,220,5,10681.16
2836,235,5,24039.24
2220,298,4,30425.72
4902,254,5,29066.14
5953,264,5,37355.82
2163,232,3,13479.75
4921,292,4,35466.36
3524,245,2,12605.0
5658,270,3,33570.98
5472,212,5,11489.51
2886,261,2,46383.39
2804,215,4,28611.05
3825,275,4,3823.76
3984,279,1,16260.21
1697,215,4,44938.6
2090,217,5,19715.81
3961,274,1,37588.47
5579,281,3,32023.29
1077,262,5,42553.76
3274,224,1,7300.47
3349,216,2,24855.85
2977,206,4,41066.74
2315,282,2,30767.7
3678,283,2,43698.73
5761,244,3,41237.05
1209,290,3,48519.48
2418,249,2,43829.88
1049,263,1,28136.93
4267,232,5,20216.5
1339,281,2,27268.49
1229,263,1,31042.39
4951,205,2,7221.53
2597,300,2,44091.92
3614,277,4,13162.46
1420,237,1,27862.24
5388,231,3,42918.8
4510,295,2,47582.77
1102,257,2,4947.59
2896,280,5,35307.4
1613,283,5,16430.99
2837,223,2,40879.71
3180,243,3,18514.83
1568,234,4,43336.16
2867,203,4,7177.66
2674,295,1,43301.03
5298,205,4,17533.24
5388,261,4,37417.2
5362,298,5,2103.15
2113,281,5,34781.88
5138,243,1,16808.08
2630,298,5,10201.31
5691,269,2,36964.7
4574,268,1,16199.71
1757,243,1,28131.91
1669,284,3,33020.35
3103,218,1,3249.64
5000,237,4,15525.88
5565,257,3,47022.43
4712,224,1,36582.46
5309,297,3,26988.54
2545,277,5,14322.03
2225,245,3,49457.65
5204,293,5,43508.82
1089,299,4,24261.95
5204,245,4,47499.5
4188,222,4,23148.95
2001,290,1,23193.63
5246,295,1,43002.52
5678,284,2,42994.13
4682,295,4,14395.26
2094,287,3,8050.01
1985,224,1,44101.19
2249,208,3,29408.38
4104,233,5,31291.84
2956,278,3,27512.2
3681,226,4,42904.45
1416,298,4,34866.47
4805,294,2,15127.1
2793,215,3,21417.85
5697,283,5,16822.01
4525,258,3,19581.59
1081,243,5,7783.51
3021,241,4,13302.28
2890,261,5,34758.68
1834,202,5,14693.24
2062,234,2,29210.87
3418,228,3,44183.73
3163,263,2,32006.63
1811,236,2,17812.89
1638,243,3,36508.55
5802,288,5,39258.58
5831,288,2,4161.58
1848,211,5,21261.48
2732,202,5,32228.17
1694,236,2,28070.21
1470,274,4,16539.66
2765,295,4,17477.61
4339,286,1,1765.89
3517,288,4,14229.83
1867,237,1,21066.19
4416,279,3,29261.58
2408,270,4,12826.65
2871,230,2,34725.67
1274,272,2,16912.21
1281,201,1,26859.97
1259,203,4,26754.83
4262,298,5,42671.85
1421,216,4,44118.94
2792,292,5,28866.95
4790,238,4,27991.47
5846,257,2,49518.32
3936,213,2,8648.98
3008,202,2,49232.6
1797,241,3,15021.71
1475,296,1,7562.25
5345,217,2,35657.05
1986,253,3,10431.96
4981,276,3,47627.6
2340,291,1,7928.35
4504,280,5,48877.77
2426,250,1,15571.11
5610,245,4,26264.7
4340,280,5,18898.89
1056,232,4,49451.73
5801,274,4,18987.83
4787,222,4,14497.98
1543,300,4,634.17
5118,287,4,21987.66
1697,296,2,7648.0
5210,260,4,38360.53
3179,254,3,42480.6
4249,281,1,19274.62
5180,263,1,26914.0
4476,283,2,9173.37
4889,248,2,19709.44
1948,266,3,40270.49
5406,250,2,35739.27
1544,210,2,45932.75
5123,223,3,28925.43
1157,220,5,19911.1
5959,278,5,37652.75
2069,216,5,1632.21
3333,299,1,28045.08
4876,270,2,24402.73
3659,233,1,28939.86
1634,226,4,28555.97
5652,293,3,7946.06
5655,260,5,33136.6
5653,256,2,17538.95
2249,278,1,40528.74
3966,224,5,9431.8
4346,245,3,32259.77
3943,290,2,15411.81
5178,217,1,23962.98
1307,215,5,24544.58
4996,300,4,38434.36
4268,275,5,35071.53
2337,294,1,34961.89
1860,254,2,25799.76
3942,206,1,40091.89
5282,205,3,23139.28
2479,206,1,49634.7
4153,220,4,28863.32
3630,300,3,8824.4
5028,206,1,22791.82
5914,232,5,40183.21
3191,245,5,37052.95
5419,212,3,1258.72
2602,246,2,25222.54
2262,272,2,28571.59
5253,250,4,43357.99
1943,244,3,37413.55
4577,264,5,23201.79
1614,228,2,27149.69
3306,212,4,41653.91
2701,205,3,6959.7
2771,230,4,16992.48
2327,233,2,25900.19
4731,250,5,34208.36
3555,296,5,47680.39
1558,293,2,10942.89
2539,300,4,15951.04
4500,253,1,5045.79
4694,220,1,7371.73
2020,222,5,30865.25
3294,226,1,11212.55
2735,241,1,19576.92
3043,220,1,24746.89
1056,225,2,13655.79
5984,204,2,28444.08
5451,235,5,12770.95
2666,259,4,28110.24
4585,226,4,28450.96
1487,289,2,23216.7
4007,273,4,45223.21
2086,298,4,9090.1
5670,290,1,28210.46
2405,228,2,48571.67
4908,263,5,16349.91
5693,209,2,37337.51
1959,201,2,33114.9
1373,231,5,9931.06
2011,203,4,31004.13
2395,269,4,34224.01
3470,249,3,32262.54
4314,272,2,22744.28
4775,281,3,43760.97
3798,207,3,37282.93
2423,270,4,23953.4
1492,261,4,34093.25
1198,247,3,21846.02
4338,205,1,42167.67
1057,277,3,30814.93
2847,255,5,7704.78
2007,206,3,821.35
2077,274,2,31484.11
1527,275,2,39596.81
5790,252,4,36664.79
1109,277,5,33160.85
5473,269,2,46247.96
5886,246,4,3700.27
5034,272,5,37401.11
5704,235,3,19362.5
4039,286,5,35139.17
5126,235,1,38195.39
1499,242,1,18316.26
1553,275,1,4583.48
4006,281,1,42199.69
2193,255,4,13771.92
2837,238,5,6298.18
5555,227,5,31667.42
3911,249,3,36302.27
5383,211,1,2458.53
5849,283,4,7875.7
1640,234,2,14607.23
2483,213,5,10648.64
4715,268,5,41130.58
4579,238,3,19554.32
2873,218,5,3098.08
2618,243,1,32799.12
2495,238,2,24181.16
1098,239,4,30878.06
5114,207,1,42739.07
4239,295,1,13249.43
1190,215,5,46442.1
3558,252,3,46150.32
5141,240,3,806.17
4916,209,3,49307.29
5826,236,3,23842.53
3177,232,5,41984.93
2797,271,1,36153.13
3469,253,3,35892.89
1865,255,1,25688.85
5826,262,5,10970.89
2401,203,3,2563.33
5633,280,3,6819.69
1753,300,2,4348.79
2692,252,2,41719.88
2949,254,5,29463.75
5573,248,5,13249.09
3945,220,2,22353.96
3690,298,1,2565.34
5720,289,3,48648.1
3044,247,3,135.32
2772,236,3,7513.04
2588,276,2,44364.46
2230,218,1,30580.78
1736,276,4,25499.25
3812,208,4,43814.44
3151,296,5,40393.49
4118,269,4,6738.39
2581,221,4,3748.71
4456,227,2,10522.28
3821,294,2,47205.2
2643,239,5,8103.31
1264,247,3,28750.9
2909,277,1,29758.23
1532,223,2,44552.26
1521,272,2,7961.47
3875,284,1,37228.22
5407,226,4,20102.06
1957,205,2,39777.55
5368,226,5,4416.06
5178,224,2,3989.97
2533,297,3,47868.04
5549,283,1,48467.31
1731,229,5,13272.93
2136,285,5,23036.22
3716,277,1,31297.32
3323,232,1,4358.0
3336,224,1,6286.0
2827,263,3,41095.22
4524,249,1,25054.42
1525,212,1,21168.85
4019,286,1,34331.32
4678,260,1,42026.48
1080,202,3,4901.92
4336,245,1,38417.79
1448,237,1,29156.37
3049,264,2,7106.87
3550,271,3,7884.49
4613,261,4,27380.92
5774,262,4,4476.68
5489,250,5,18137.04
5635,265,5,22333.45
5746,256,1,42116.3
2612,233,2,28618.97
3108,246,2,26027.47
2234,275,4,42700.2
3898,213,4,48209.95
2502,262,4,19326.51
1525,237,5,3916.78
1516,286,2,48220.46
2764,242,4,16416.91
5551,242,5,13262.74
3966,203,3,5916.04
3889,212,2,31659.22
5925,209,4,34428.48
3319,266,1,6379.23
2521,210,2,28756.99
1445,226,1,30243.36
2013,256,1,18142.65
4851,237,3,47278.98
1892,204,3,13813.92
2157,263,1,31846.6
5662,276,2,17986.29
1775,223,4,37527.76
5220,252,5,30687.87
3481,219,2,6465.95
2055,284,3,8377.28
1268,208,3,12484.95
5675,238,5,40352.19
3719,284,3,33924.04
3498,286,3,47527.04
2129,272,3,43933.7
1628,203,1,41260.5
2896,237,1,48617.59
2971,260,4,9616.49
4592,266,5,9393.42
5480,250,3,31707.4
3692,244,2,21261.6
1693,279,5,49786.82
4716,225,4,3771.45
4022,210,1,36192.78
2132,234,4,3920.21
4895,295,4,14126.87
3296,292,2,42445.38
3548,220,5,235.84
4754,278,2,49309.03
3696,292,4,16879.05
1739,297,5,24652.78
2045,221,5,15781.76
4125,295,4,43704.84
3946,210,3,44846.65
5767,253,5,6912.46
3275,249,1,21598.2
4897,228,3,35151.24
2001,258,4,7258.6
5239,290,1,29238.45
4797,259,4,15515.77
2013,289,4,47837.11
4055,213,5,28573.61
5618,296,2,45027.45
4307,290,2,39885.0
3355,233,3,40846.73
5822,215,2,10164.38
5254,230,5,24237.64
4165,202,2,9361.63
4457,249,1,26779.22
4598,290,2,3722.15
5710,268,4,16340.42
1692,282,1,9557.82
2323,228,3,31641.73
5220,285,3,15932.48
2617,218,3,8465.09
5099,244,3,16694.02
2365,242,2,35174.94
5301,281,3,49806.75
5757,218,5,45486.97
3077,285,5,6917.79
2793,282,1,44191.5
1654,249,1,5329.52
4295,230,3,46392.13
2219,287,4,21407.93
1427,247,1,30999.46
1155,281,1,38034.55
2767,284,1,47972.18
2594,205,3,17988.7
3869,221,4,48998.11
5575,249,2,6573.0
1852,223,4,14224.24
5009,279,3,48528.29
3725,289,4,43498.88
1770,299,1,21074.9
4046,293,3,18714.72
1117,230,4,46246.68
2612,212,2,3663.93
4422,274,2,819.92
4593,243,4,11010.96
5224,250,4,30069.39
3180,300,5,11672.73
4192,252,5,36466.06
4571,210,5,43610.26
2885,255,1,36523.73
1278,207,2,45820.26
2431,201,3,14358.65
2029,239,5,40624.72
2085,296,3,27102.59
1418,277,5,46098.93
3023,295,5,40559.74
2995,291,4,43967.92
3494,220,2,33007.1
4208,297,1,16853.89
4353,217,2,26625.87
3954,207,4,1646.9
1196,225,1,29820.83
3983,229,4,43113.54
1348,245,5,6489.17
4551,269,4,34878.61
3464,242,2,28419.86
2169,219,1,16528.88
1697,269,1,3751.55
5901,261,4,42073.66
2751,232,3,18165.6
3556,267,4,6394.44
5410,300,2,23981.02
2251,248,1,39133.12
4681,273,2,28150.85
3817,261,5,31664.86
3213,269,5,2826.1
4364,289,5,22752.83
2619,222,4,2467.17
3912,292,3,35491.13
5550,272,5,8760.18
5448,258,5,17169.28
1398,260,4,17298.71
2582,247,3,21421.96
3641,223,3,45553.09
2451,289,2,30992.14
4245,282,5,5999.35
2900,255,3,18811.09
5967,213,2,44769.13
1940,293,3,39919.57
4318,275,4,4775.71
4138,290,1,20139.31
2258,280,2,8058.78
5202,298,5,3377.79
1277,281,3,35633.57
5001,225,5,35750.33
2739,260,5,45256.55
3045,205,2,7252.9
4626,208,1,33622.49
3106,226,2,29462.72
5368,211,5,14441.43
5374,222,4,31441.31
2836,241,1,19721.58
2728,269,1,7990.71
4364,276,5,15484.11
2090,280,1,4807.93
5808,265,4,2966.55
5304,238,4,38059.87
3970,281,4,27140.47
4244,268,5,36328.79
4253,202,1,15173.89
5050,236,5,6693.35
1395,244,4,44607.58
5891,243,3,14453.34
2329,292,5,6863.1
3230,220,2,19332.52
4046,270,1,10110.83
1553,279,1,47573.23
2821,220,4,18011.56
3311,300,5,17673.23
3293,292,3,38040.25
4513,219,4,2565.26
5560,266,5,18746.65
5568,228,4,23133.09
4684,270,5,40651.22
5126,238,3,22054.81
3817,233,5,13555.93
3423,211,1,23964.47
2349,256,1,49252.46
1613,255,4,29093.05
4558,221,4,21837.16
4935,205,2,39943.3
3081,276,4,29868.92
3809,237,4,17840.11
4446,244,5,18442.0
3121,282,4,19813.73
2467,278,1,45847.61
5169,225,2,2754.61
1011,226,5,18456.13
4791,279,4,25815.57
3669,238,4,43191.88
2763,249,5,17889.38
2268,242,5,3421.34
4895,262,4,4774.95
4402,221,5,6767.33
1810,250,1,5172.19
2760,256,4,13627.92
3625,296,5,34033.94
2078,263,5,3995.96
3070,247,2,30829.48
4276,201,4,11582.98
5631,244,1,1086.16
5265,279,5,49912.12
2268,212,4,25463.67
2778,232,3,40858.01
1925,292,1,36459.89
1773,267,5,19150.28
2150,220,5,36284.68
3067,236,5,6020.54
2812,298,1,40891.86
3540,236,4,30140.38
3324,292,2,25541.1
1166,225,4,39088.24
1913,218,3,10275.0
3600,273,5,22559.01
1396,245,1,24996.34
3625,250,1,13734.77
2031,291,4,590.42
5438,293,5,18970.28
2556,295,4,14657.85
5430,217,3,21788.94
2155,204,4,14067.16
3486,255,2,32658.11
3419,234,2,10268.41
2038,226,2,9868.13
4550,258,1,7565.79
2911,217,5,24731.42
3759,248,5,21286.7
1700,254,5,31757.56
1800,203,4,4303.22
5904,274,4,18428.25
2210,214,4,11101.11
5055,252,1,26224.62
4500,281,2,13305.0
3262,215,1,1864.88
5518,286,1,20515.79
3883,272,4,40293.0
4919,228,1,20980.43
2422,274,2,21712.74
4630,263,2,3233.61
2760,221,2,12693.4
3023,208,4,21131.32
3339,226,3,11600.65
3964,247,1,18344.08
2850,214,2,29711.58
2148,232,5,48902.89
1816,254,2,25235.73
1214,272,5,20127.28
3178,213,1,41675.7
2262,299,5,39017.53
4513,287,2,6895.76
5270,280,4,19022.92
5013,231,5,31510.18
3373,201,2,32300.91
3361,226,3,644.9
5875,205,2,23968.75
1274,209,5,5094.46
3448,245,5,41941.3
4010,207,3,30000.34
2690,258,4,42649.18
1284,217,1,28096.68
2513,221,5,49832.33
4100,236,4,42248.68
1696,238,5,43157.01
1697,246,4,13430.36
5404,251,4,32370.43
3347,252,5,13410.83
2675,237,3,34556.98
1048,235,4,23297.17
2679,257,1,13232.92
5972,275,2,24252.2
4220,238,2,14780.44
5734,278,5,19361.79
3383,205,1,31679.42
4695,283,5,23940.85
4329,251,4,9167.06
1644,207,1,7943.2
5053,233,3,24027.77
3272,269,1,40881.91
2835,224,3,27575.79
5671,226,2,43423.9
1839,281,3,44908.42
2311,278,5,21517.74
3967,246,3,32630.8
5652,264,2,38153.29
3760,250,3,11829.7
3580,285,2,23435.91
3414,299,4,10857.25
2355,227,3,39006.58
1447,204,4,7842.29
5279,254,1,19136.11
4344,266,4,11661.38
4680,208,2,13269.03
3498,294,3,6507.01
2302,240,5,40115.9
1458,233,2,36501.03
4002,246,1,28104.09
1566,241,2,40925.51
5257,295,4,38615.17
3735,221,5,36593.93
4868,289,5,21455.28
3789,258,3,41306.76
5149,268,5,44413.73
2036,209,5,47303.59
1838,287,3,18782.19
4308,278,4,49546.82
3898,247,1,6100.87
2146,277,2,49980.1
4360,233,2,42046.13
4194,213,5,26581.22
4144,205,4,31087.07
2293,274,3,33108.38
2143,241,1,6742.13
2380,256,5,33227.05
3643,231,2,34245.17
3675,225,5,14286.21
2760,204,1,22042.27
3383,248,1,28163.11
3397,278,5,19755.1
1957,270,3,11510.51
4209,252,5,47421.68
5228,221,1,25474.29
1684,248,1,44707.7
3079,242,4,3373.95
2995,300,2,15446.55
2262,274,5,14949.0
3461,229,5,41214.53
4661,296,2,9949.43
5994,271,3,49259.18
3030,222,2,43505.77
3453,266,2,1124.5
2310,249,5,38120.85
4930,230,1,48542.82
4144,297,5,40154.62
5559,215,1,48645.07
2856,209,2,22039.38
3760,229,4,15503.62
2325,217,5,33832.22
2456,256,5,20688.77
3348,254,5,42205.8
2647,267,3,3695.23
4030,244,2,17707.96
3843,257,2,21789.23
3730,288,4,49193.56
2376,262,2,7733.36
5289,258,3,2037.17
2349,202,2,40125.63
1717,226,4,26360.62
3998,237,5,30678.16
3530,292,3,30069.24
1332,227,3,21072.45
3489,300,1,1993.48
4428,300,4,13524.26
5340,286,2,33253.24
3879,275,3,45314.86
3073,222,2,34548.92
4311,259,1,43945.13
1048,218,2,10847.84
2013,228,4,21419.58
3707,286,4,42263.43
5227,232,5,40161.92
4227,262,2,49932.3
3475,244,3,5105.29
2535,236,5,30132.78
2678,293,5,13142.22
2843,291,5,8501.03
5339,220,3,23043.48
2103,222,4,21412.92
2545,232,4,37628.09
4687,249,5,40703.61
5946,285,2,23202.58
5359,279,3,32602.62
5113,233,1,6299.05
3520,283,1,48723.46
2800,205,1,21104.59
2081,255,5,24972.04
3137,232,2,36868.42
2193,254,5,27376.43
3698,296,5,21043.0
2869,227,5,41387.34
1493,218,5,7847.35
1431,283,3,17943.0
2704,235,1,44381.06
5042,215,2,14171.38
5699,281,4,15771.25
5745,291,2,4697.48
2834,217,4,10369.45
5069,290,5,17219.5
5599,265,4,4465.41
1886,214,3,18072.77
5463,274,4,908.1
5286,261,3,12457.45
2406,243,2,15922.99
2609,212,4,19359.76
2223,242,1,14658.92
1710,259,1,11330.79
1518,253,2,606.58
2865,230,2,41978.03
2754,268,4,22982.38
2338,234,3,12258.32
2693,237,4,37003.0
4651,241,2,24386.1
2298,213,5,11052.58
3652,216,5,825.47
1879,213,1,12486.4
3402,300,1,1483.14
5833,238,1,43059.15
1969,218,4,44325.38
1607,209,2,37895.42
1532,267,2,48594.44
2939,250,5,41639.06
3777,270,5,33429.58
3719,292,1,29127.51
5346,214,3,18417.6
3568,292,5,15012.47
1988,268,5,11884.94
2426,219,5,10041.69
2598,269,3,2755.69
4059,230,3,3659.45
3705,289,1,16758.38
5248,267,4,38131.43
5868,210,1,18505.82
2220,201,5,11664.37
4806,257,4,19553.43
3784,278,5,25685.3
4056,210,4,9718.54
1210,210,5,2631.94
1295,271,4,2744.91
5631,262,3,21483.79
4451,214,4,41773.39
5169,258,3,35854.48
4703,259,3,21679.65
4636,287,5,31970.57
2575,256,2,46491.85
2504,248,4,13606.46
3880,263,3,21434.37
3466,259,1,41226.31
5001,256,1,48454.03
4526,278,1,44624.5
2850,282,3,29556.2
5640,253,2,27030.07
3974,202,5,8930.62
1998,244,4,3865.27
2544,220,5,13972.01
2070,294,2,41468.17
1925,221,5,19364.44
3936,206,2,2594.8
5791,282,4,31423.6
4425,234,4,18319.17
2419,201,2,49750.45
4814,245,3,47658.65
3483,231,5,4679.62
5212,245,5,45515.28
1229,297,3,40547.0
5662,249,5,43761.69
3145,285,3,45249.6
4040,269,4,43760.39
2117,271,2,9576.76
2132,300,4,15507.06
5384,259,1,1698.3
1537,248,1,36810.89
3669,290,1,41156.87
3750,260,3,18386.83
4146,299,3,25603.82
4585,245,4,20662.95
2663,261,1,39963.25
4896,206,5,21556.05
4502,294,1,23700.59
5810,288,5,23262.73
5837,252,5,30376.0
4496,268,2,39524.34
1022,270,3,6067.96
5174,262,2,5523.66
5924,278,2,34880.86
5622,281,2,22396.12
2126,203,4,1483.03
3885,253,1,6738.28
4110,223,4,12464.17
1616,211,2,15549.83
1258,250,3,7419.08
4331,230,4,33537.92
3472,216,5,44319.08
1800,243,2,9521.6
5062,286,5,19245.69
3700,225,3,38846.49
5661,233,4,31316.67
2111,278,1,28086.13
3687,226,1,15084.56
3356,223,3,37796.62
3735,267,2,41883.94
5157,244,2,48992.6
5711,236,1,48613.82
1411,252,4,20955.76
4994,291,5,18728.85
2181,245,1,41116.68
3736,250,4,10530.99
5121,271,2,29308.25
2104,211,5,22328.36
5097,253,4,10439.98
2529,222,3,21406.08
4250,282,2,412.89
2388,262,3,39564.98
3397,296,3,9330.33
3693,241,2,17934.21
2841,276,4,49886.77
4767,260,4,32008.36
4597,231,5,43563.84
4910,289,1,35852.78
3439,207,2,1369.59
1633,254,3,49249.0
2108,296,1,3455.96
4657,211,1,18756.22
4763,256,5,10801.85
3781,230,5,40410.42
2997,219,2,22760.29
1923,220,1,14631.04
1318,292,5,4665.02
4204,270,2,35128.6
2770,230,3,3317.01
3639,231,2,25198.62
3349,228,2,24019.06
4764,284,4,15384.59
5580,201,3,14154.02
2307,251,2,29529.43
2680,222,5,28097.35
2196,282,2,25469.74
2864,223,1,38272.3
4813,202,4,41712.17
5098,213,4,39996.81
2824,285,4,19737.28
3205,229,2,27079.62
3961,257,1,12618.58
1545,213,3,5701.09
3904,273,1,12113.36
4882,253,2,39300.21
2315,246,2,33254.26
4282,232,4,2497.5
4912,212,2,6332.94
2238,254,5,28514.76
3756,219,3,29771.53
4888,228,4,36988.64
1825,293,1,40996.88
2655,260,5,41612.63
1809,215,1,25062.75
1075,284,4,48968.21
1725,201,1,23846.41
5381,257,2,43700.16
3072,213,1,42460.11
2253,231,3,23156.15
3775,262,2,25457.65
4617,271,3,44687.82
3299,203,1,34034.72
4289,265,2,42112.66
3712,221,4,13797.98
1355,211,4,47020.56
1150,201,5,14686.38
4774,265,5,13664.37
1277,270,2,9067.89
3145,300,2,16260.57
3681,282,4,42108.69
4697,239,3,47484.67
3736,224,3,48625.17
1467,284,2,9630.96
5503,279,4,11244.77
3004,237,3,2807.13
5324,261,3,503.49
5583,222,1,20966.45
4355,202,1,48466.19
5728,217,2,10987.45
3465,203,3,26197.55
5848,274,4,2811.3
1600,238,3,18477.08
1875,279,2,33466.57
2729,240,2,35340.35
2647,214,5,46033.26
5500,281,3,5351.89
5501,263,4,15422.95
5150,210,3,18572.07
3244,221,3,4393.78
5321,254,4,48931.95
3968,242,1,44433.78
1785,285,3,11893.99
4293,247,1,13218.67
4639,227,3,43871.34
2737,257,5,37396.8
4601,267,5,12499.49
4949,217,4,19911.23
1211,293,5,8724.2
4485,297,4,18687.28
2412,215,2,24095.03
1570,243,2,21642.99
2703,238,3,8433.31
2407,263,4,41030.6
2535,269,5,22257.11
1419,297,2,41043.64
5485,220,2,7618.11
4568,253,1,4577.14
3320,232,4,19250.07
3902,255,2,13523.42
2540,270,2,1071.0
3561,219,1,21422.0
1298,202,4,11729.92
3234,239,1,17998.88
5123,279,5,29024.28
5072,221,1,19015.21
2046,274,5,204.78
5792,201,2,24561.68
4486,233,4,37150.6
2855,209,5,12226.17
4036,273,3,28143.09
2109,232,1,33640.88
1282,259,5,44694.47
5002,233,2,48138.77
2843,210,1,41483.11
2982,271,4,9900.61
1045,271,2,45586.91
3392,264,3,28049.03
4467,264,5,10283.8
2552,279,4,20802.77
4205,290,1,4855.74
1401,253,4,15118.11
1671,226,1,44876.25
5174,229,2,11868.1
3123,218,1,33137.49
2300,201,1,49408.01
5395,288,2,38409.73
5017,279,5,7697.81
4115,286,3,4562.49
2552,233,1,14347.37
1707,259,4,42500.19
4120,296,4,39910.96
2554,222,2,7451.6
3691,295,3,46733.1
3887,227,3,21403.29
5301,275,2,8570.21
4895,205,2,48933.81
2985,298,3,18683.47
5743,255,5,29581.9
3130,264,2,5930.27
1716,271,4,42615.43
3624,218,2,21482.17
4572,263,1,36942.58
1965,204,2,15023.36
3951,269,3,18471.58
3688,231,1,49803.47
5852,201,5,4339.08
5068,205,1,21613.65
1935,238,4,43235.43
3204,283,1,24934.61
5638,280,4,3846.84
1206,218,1,13555.8
3699,267,3,19672.66
2276,266,5,30880.92
5803,233,4,40368.18
2929,216,3,42653.0
2290,280,5,253.01
1726,271,2,2365.23
4600,206,4,46272.78
5657,218,1,8723.3
2232,292,2,45337.29
3874,273,3,13961.97
2780,262,3,27026.89
3116,260,4,25099.35
1560,241,3,6705.98
5220,262,4,16489.02
5489,207,4,29771.68
5098,215,4,665.9
3745,297,5,13815.22
5261,234,4,10701.13
5056,279,5,45057.89
3911,232,5,14287.26
4458,279,1,46841.11
5805,210,2,28633.79
5515,249,1,18735.38
4881,285,4,13323.08
5939,264,2,12349.89
4372,229,3,32313.09
2883,246,4,49350.54
4382,212,4,44816.88
1510,297,1,2626.23
3787,201,5,31983.48
3732,284,5,22753.17
2005,270,1,7126.83
2750,202,4,39641.64
3739,270,5,10465.22
2139,241,4,32041.21
1734,280,1,15439.8
5474,285,5,23797.2
5664,265,5,11690.59
4533,274,2,22356.85
4054,272,3,22678.69
1569,201,2,28456.6
4730,238,4,11044.39
4735,266,2,25001.27
1894,237,2,19328.9
2895,207,1,30052.58
1034,284,3,36340.42
3715,214,1,12402.29
1073,266,5,33014.57
2582,270,5,24925.87
2074,281,2,12934.43
3231,247,2,28828.88
2329,235,2,39335.52
3219,250,4,35663.73
1594,263,1,48572.71
1018,262,2,49648.01
5274,280,3,48024.42
5676,281,4,38597.12
1464,293,2,28124.43
2881,257,5,13737.78
2475,240,1,36903.96
1974,203,3,39624.76
1806,268,2,45362.9
4839,203,3,25247.48
2465,267,3,49382.73
3360,296,1,10270.09
2495,261,1,19781.03
5666,203,2,47434.9
5507,214,1,23164.0
3659,227,5,13602.91
5236,236,2,30045.75
1701,233,1,1435.36
5554,204,1,20686.41
1558,247,3,36818.95
1467,206,3,18510.77
4745,269,1,16378.37
5617,276,1,8395.32
2112,249,5,33655.27
5761,230,2,20904.25
2868,265,1,39463.73
4726,285,1,9907.21
3898,227,2,26490.38
4087,233,4,49549.76
5590,249,3,10959.33
1096,296,1,15430.79
3075,265,5,48351.87
4906,300,2,49542.16
3437,235,3,33856.68
5910,201,4,48673.73
4483,299,5,6640.87
4165,234,1,28028.88
1501,280,3,4469.97
5474,253,1,7602.2
1056,269,1,34711.8
3748,209,2,37786.61
4362,246,2,14433.32
2021,215,5,16610.84
2925,287,1,29402.49
1742,243,2,13562.14
3794,260,1,26900.9
5557,294,5,33142.93
4716,211,4,21176.62
3441,270,1,48689.99
1672,220,4,860.83
3904,208,2,10584.16
3062,205,3,33350.28
3577,256,3,19565.93
1003,226,5,29470.4
1457,208,5,15433.45
2711,229,4,39033.5
3369,252,4,3905.77
2365,282,1,33212.57
3331,243,2,47880.96
4544,258,5,28985.62
5987,296,2,25314.58
1886,286,5,25788.49
3248,240,3,35031.5
5211,216,4,9242.22
4171,251,1,9951.95
5585,299,5,13086.62
5156,227,4,10360.24
1807,217,3,31640.88
2182,261,1,46266.07
3780,271,4,1032.81
5391,282,5,3104.69
3351,248,3,21330.85
4760,202,3,15160.51
2036,209,4,41968.34
4581,288,5,47718.98
5515,244,5,28043.75
5180,222,5,42209.88
2811,228,2,49153.79
3879,273,1,10885.84
1973,216,1,11317.22
2924,282,5,32776.27
2233,249,4,29040.94
5338,258,4,21695.45
5473,218,4,42633.12
2228,274,1,18723.36
2523,277,4,9527.75
5876,227,2,18822.56
4741,215,3,893.35
1261,289,1,39653.18
4376,239,2,3359.55
5213,203,5,12087.24
3326,278,1,40019.19
4498,255,5,2312.5
5829,234,3,11467.82
3735,242,5,44878.69
3421,213,5,9374.81
1798,205,1,37230.44
2528,216,3,46756.29
5521,216,1,6610.88
3920,235,1,3710.28
5732,206,2,5330.17
1047,285,2,7031.14
1355,287,1,10231.51
5591,287,5,1239.37
3465,243,1,41775.25
5651,224,2,19106.38
4716,235,1,20268.53
2577,227,4,46380.25
4229,242,4,41933.83
1913,247,5,42882.28
3123,249,3,29791.98
3982,227,2,43564.87
3833,211,2,6146.07
5484,238,1,25440.71
4034,273,4,11371.39
5268,290,5,14262.09
2673,275,5,40914.99
5227,294,5,8939.19
3224,293,3,43728.33
3949,203,2,3128.93
4860,209,4,14234.49
5074,236,5,13059.0
5487,207,4,43255.34
1356,265,1,31794.11
3887,291,3,6882.98
5198,263,2,39098.65
1310,267,5,27093.76
4735,216,5,37248.49
2731,284,3,36654.76
3432,213,1,41808.15
5451,246,1,31843.74
3550,233,5,30755.78
4419,283,3,49184.5
1630,253,4,4220.56
1663,268,5,17849.21
1385,267,5,42891.88
3767,269,4,8054.24
2522,218,2,48989.66
5885,234,3,42561.47
4524,283,4,37206.5
1083,275,1,28036.92
5002,278,5,5640.96
3095,259,5,32167.18
5314,278,3,26610.67
5384,277,4,48807.52
5823,282,1,12953.92
4797,294,4,47662.38
3061,255,2,2423.34
2276,294,3,10938.35
4270,293,3,11079.7
3583,267,1,31385.37
2507,225,4,49723.25
1153,228,2,23249.79
2917,288,5,24422.85
4337,252,3,47586.76
2291,243,1,17198.45
5591,245,5,1841.86
2083,271,2,29109.79
4893,203,4,7017.29
2270,259,3,29410.76
1882,238,3,28207.19
5526,242,4,46439.06
4637,214,1,33991.97
2813,221,4,33134.18
1542,213,1,14576.87
3825,274,5,30785.36
1025,256,1,35427.07
5917,213,1,31799.87
3775,267,1,14420.32
5922,234,1,17616.97
1383,277,2,40452.29
1682,251,1,34199.41
5961,300,4,6179.55
2075,208,4,32554.19
4258,254,4,22065.48
5482,278,3,6866.25
1318,279,2,30579.15
1257,238,5,22818.11
1043,225,2,40492.89
4359,207,4,7980.64
1641,266,1,44199.83
2288,283,4,17037.93
1608,254,2,49335.63
2177,274,5,48397.0
5226,275,5,38884.11
3056,259,2,47067.19
2406,216,3,37532.4
1125,268,4,47658.31
4274,289,5,42239.12
3436,205,3,34744.14
3845,208,4,8279.47
