Customer_Id,Employee_Id,Order_Date,Total_Amount
543,403,2026-02-21 06:28:10,16065.22
1132,424,2024-10-29 14:47:01,91972.93
1153,421,2025-11-17 00:28:49,37568.62
571,409,2024-11-05 21:59:22,15970.75
1161,407,2025-10-01 05:17:07,50581.36
1172,446,2025-11-27 17:45:14,24432.1
517,424,2026-06-29 10:09:02,54938.65
1154,401,2025-05-06 14:07:08,70516.69
967,407,2025-05-26 18:28:08,4735.04
1064,443,2025-09-07 20:48:26,12079.42
824,437,2024-12-11 07:00:55,19314.77
1226,406,2025-07-12 07:22:22,82563.05
656,426,2025-03-18 23:58:55,9168.75
1339,435,2026-08-05 13:02:26,10221.37
597,430,2025-04-17 23:51:10,99522.2
1446,428,2025-03-08 10:09:11,42742.04
740,408,2025-12-28 18:19:25,35163.49
1080,430,2026-04-02 02:07:40,35505.95
933,417,2024-10-01 22:32:04,59670.48
617,449,2025-12-07 02:59:42,60097.96
1053,423,2024-12-04 18:51:32,26795.19
646,420,2025-07-21 22:07:29,75556.06
1189,403,2025-10-30 13:33:31,31525.66
556,421,2025-03-28 01:53:48,18661.38
711,439,2025-01-17 08:35:07,62519.05
747,440,2025-01-01 04:19:17,66745.55
904,423,2026-05-23 19:43:24,54571.75
897,405,2025-12-27 03:48:22,17933.67
700,419,2025-10-14 21:32:16,25676.3
1416,429,2025-02-04 03:07:27,52416.93
833,424,2026-05-22 19:31:31,85803.43
1142,436,2026-05-28 06:01:13,34050.91
991,409,2025-02-23 15:38:13,20911.62
1410,419,2026-05-07 22:30:51,57451.6
569,421,2025-10-17 02:53:35,31690.73
807,413,2025-09-22 18:01:00,53309.15
946,403,2026-07-14 05:38:05,48379.4
1308,402,2025-06-05 14:35:49,52628.3
1452,405,2026-07-04 05:44:32,41532.85
1454,419,2026-05-05 19:44:18,57364.18
520,409,2026-05-12 23:23:17,59913.29
976,438,2024-08-13 01:06:53,51714.14
626,440,2025-04-20 05:20:46,53951.4
918,423,2025-06-16 19:47:00,92750.76
881,431,2025-05-28 22:37:35,15317.27
893,436,2025-06-19 07:26:02,10139.15
1360,405,2025-05-20 16:17:22,10161.29
1106,412,2026-05-01 00:21:04,31614.16
1016,424,2024-12-22 15:45:12,77192.07
1258,409,2024-10-06 15:43:45,56436.8
1251,440,2026-07-03 06:49:17,21875.14
1212,409,2024-09-11 10:50:25,78282.35
518,417,2026-07-12 01:31:19,18021.89
863,446,2026-05-02 06:11:39,29103.98
1102,450,2024-11-13 10:16:28,67413.58
1435,414,2026-08-04 13:56:07,85993.28
879,418,2026-02-07 21:12:34,66581.39
517,438,2025-10-30 12:55:30,95692.48
1043,415,2025-01-31 22:42:16,94401.05
1309,412,2026-07-20 17:38:29,71561.03
935,411,2026-04-19 10:41:58,95482.96
628,407,2025-01-07 21:18:43,6328.65
1016,415,2024-11-05 18:09:46,21522.64
798,428,2024-09-23 01:55:47,41645.72
649,405,2026-05-22 12:18:35,52441.98
1073,445,2025-03-18 21:29:34,86513.1
1423,433,2024-12-14 03:25:09,16018.51
979,430,2024-10-09 04:17:21,6634.34
650,413,2024-09-27 09:33:58,51267.12
1114,427,2026-06-27 10:07:42,57534.69
1183,413,2024-10-04 01:31:18,28633.35
1057,408,2024-08-23 14:26:26,28804.5
1310,447,2025-07-20 19:55:15,14381.02
1378,448,2025-01-18 08:53:07,89221.18
1468,419,2025-04-16 23:26:03,7923.84
1157,413,2026-05-28 01:28:30,12187.65
651,405,2025-03-22 11:12:50,71645.77
832,401,2025-04-29 15:37:20,87951.3
1245,404,2024-10-22 00:21:00,95832.95
1062,435,2024-10-25 23:40:37,49771.81
1168,425,2024-09-10 03:02:57,63679.08
1222,414,2026-07-16 21:27:51,3929.8
808,422,2026-04-22 16:45:58,21477.45
1143,433,2025-02-22 10:10:59,68190.39
615,431,2025-08-25 17:06:47,52903.87
907,434,2024-09-24 06:32:25,70096.48
1272,450,2025-03-21 03:21:45,50428.29
672,441,2026-01-04 02:42:40,22871.87
1302,419,2025-07-29 01:19:17,28521.84
1338,418,2026-01-28 17:26:24,17926.53
1382,438,2025-09-25 07:31:17,99687.23
594,425,2025-08-13 14:08:50,86616.59
945,417,2025-07-08 13:22:23,3946.5
832,402,2026-05-02 09:47:38,79203.57
603,436,2026-07-10 01:34:17,8020.96
1108,409,2025-06-03 00:34:20,31846.86
1040,418,2024-12-18 13:39:06,63951.67
1373,419,2025-10-03 10:45:28,83401.96
1461,435,2026-03-15 15:02:05,56411.27
823,426,2025-05-31 04:16:01,74674.97
804,447,2025-12-25 01:54:48,83458.65
772,417,2026-05-09 20:06:01,25426.4
1206,447,2024-09-25 12:17:07,5560.97
793,442,2024-08-13 11:00:33,44938.51
1421,447,2024-11-01 08:37:02,90569.81
1325,406,2024-10-07 11:49:52,84710.57
1122,431,2025-02-26 14:59:59,80847.77
1181,415,2026-05-10 18:51:41,43934.26
623,405,2024-10-03 11:34:05,6227.75
679,424,2024-11-24 12:04:23,15246.88
771,434,2025-07-15 01:05:15,33895.62
838,404,2025-11-21 06:00:27,91138.89
601,419,2026-02-22 03:17:30,72726.36
1023,414,2026-02-01 12:33:19,37188.87
597,450,2024-08-07 17:38:05,31714.23
1452,426,2026-03-20 19:20:55,23485.07
733,424,2026-01-03 00:24:40,44060.01
1398,448,2024-12-03 11:24:20,40280.06
1391,431,2026-04-07 07:20:44,87329.75
996,403,2024-08-28 23:23:00,85572.65
541,448,2025-04-17 23:02:34,14363.8
1089,450,2026-07-18 02:19:25,83554.77
979,449,2025-02-20 08:46:20,26059.29
625,422,2026-04-08 01:47:09,81910.02
1320,413,2025-11-10 08:29:01,1229.62
904,435,2025-07-05 10:35:37,45599.58
1255,406,2024-12-03 13:34:28,65114.27
675,414,2024-11-10 15:03:55,74058.83
957,422,2024-12-21 17:22:32,25880.89
751,413,2024-12-29 04:15:18,67540.24
680,417,2026-02-01 07:23:51,28911.33
1258,431,2025-09-19 06:16:52,23067.34
826,447,2025-04-15 16:35:58,57278.64
980,433,2025-01-13 16:21:16,586.45
933,436,2026-05-27 15:09:21,88178.88
796,444,2026-03-06 08:12:02,46769.41
903,448,2024-12-27 08:04:25,44903.11
701,429,2025-03-22 06:13:18,52204.93
1243,417,2024-12-02 08:12:15,39354.21
857,442,2025-01-06 21:21:34,23412.51
639,448,2025-11-25 04:50:54,49402.81
1130,415,2026-04-22 03:36:20,31160.67
1315,449,2025-01-16 15:38:03,25027.76
941,411,2025-11-29 14:03:27,73901.11
964,446,2025-07-27 12:53:47,18802.68
1387,430,2024-09-23 13:17:07,17264.77
825,428,2024-12-11 22:42:14,59783.8
535,446,2025-11-22 09:55:12,39891.09
711,403,2025-03-14 03:04:44,850.4
1096,432,2024-12-10 23:31:04,24208.6
693,431,2024-09-14 10:55:30,46877.26
944,425,2026-05-14 00:23:56,46626.83
1133,425,2025-01-03 18:48:49,60231.61
601,431,2024-10-29 21:58:45,98262.05
1278,442,2026-03-20 08:59:38,35718.5
1185,416,2025-12-31 16:40:47,10546.54
1471,438,2025-08-04 00:26:57,79576.27
1496,448,2025-08-27 00:38:13,84745.23
967,402,2025-08-23 04:27:21,48804.95
898,415,2025-03-11 01:42:55,59881.01
1487,439,2025-12-16 20:50:54,79609.16
647,411,2024-10-28 10:22:02,41831.2
968,408,2026-02-07 03:03:21,54521.74
1478,423,2026-07-17 06:01:49,1892.32
1195,449,2025-11-19 07:14:39,9424.5
1281,445,2026-06-14 10:14:21,66730.67
1481,424,2025-02-28 11:42:00,1047.66
555,403,2025-09-05 00:11:24,93104.69
1066,427,2025-01-30 14:23:50,73097.63
760,419,2026-07-04 20:47:45,3751.4
1181,435,2024-10-11 00:04:13,53329.03
1191,406,2025-10-21 16:31:16,28380.18
1192,413,2025-12-26 19:41:42,89923.75
631,415,2025-06-02 13:48:52,10755.12
716,434,2025-01-16 13:58:15,18994.94
519,432,2025-08-24 21:06:10,7920.47
1467,429,2024-12-14 17:33:01,64550.34
503,418,2025-06-23 04:30:58,15873.79
521,416,2026-04-13 09:08:30,47235.32
661,411,2026-07-29 18:22:47,68489.71
819,422,2026-05-25 04:54:05,10245.61
1177,435,2024-11-21 07:55:40,95824.71
549,438,2026-07-17 02:29:49,23684.88
533,407,2025-04-14 13:51:53,43623.07
1276,438,2025-09-14 19:55:01,72155.3
995,429,2025-09-03 09:46:18,97028.72
805,420,2024-11-07 00:03:30,66189.13
782,420,2025-09-10 19:25:57,78889.79
991,409,2026-02-23 13:26:35,3047.42
1138,439,2025-03-10 01:54:14,82911.23
1113,440,2024-08-26 21:25:40,45350.95
810,416,2024-12-28 08:18:42,86487.44
808,449,2026-04-24 16:07:04,46424.38
1474,403,2025-09-30 18:14:20,90180.61
745,439,2024-11-16 06:19:43,57879.0
1482,431,2025-08-10 06:43:05,64487.72
1010,436,2025-10-27 02:43:06,42627.9
1466,434,2025-12-13 15:08:41,855.9
1399,422,2025-02-09 01:51:41,52043.35
1109,438,2024-09-09 20:33:48,86019.72
1037,418,2026-01-03 05:57:26,58442.56
560,409,2026-01-27 13:53:08,33238.32
971,401,2026-07-15 03:59:45,82253.54
1257,449,2025-05-17 13:27:43,58168.32
675,443,2025-05-29 16:37:22,8779.89
603,426,2026-05-02 03:40:10,64079.56
673,426,2025-07-04 01:30:44,38054.33
1224,436,2026-07-22 20:15:13,28845.16
1358,447,2025-07-01 12:01:34,25386.81
521,450,2025-09-03 00:23:25,62839.17
682,418,2026-03-08 02:18:50,3198.57
1000,424,2026-02-01 15:16:20,16319.4
1160,434,2026-04-06 02:20:15,53396.71
692,401,2026-03-27 04:12:29,37980.44
1416,428,2024-11-07 19:52:29,26606.39
988,403,2025-03-07 02:38:29,44943.12
698,423,2025-08-25 17:34:37,53609.41
926,404,2025-06-21 15:07:36,6780.66
1421,436,2025-05-10 00:15:45,21834.23
918,442,2025-05-09 23:10:57,3749.25
819,436,2025-11-09 21:18:56,90305.74
837,426,2024-11-30 23:05:47,64962.41
1308,444,2026-03-27 07:52:27,39461.89
1485,408,2026-02-04 18:00:03,71072.52
926,441,2026-03-31 19:23:36,91424.67
1305,434,2025-09-22 13:00:43,89997.96
802,409,2025-09-24 03:39:38,13134.19
1472,410,2025-01-03 01:14:13,56236.07
1388,408,2024-08-27 11:06:00,73165.01
779,441,2025-04-30 15:57:55,88970.86
780,435,2025-07-15 17:24:23,41640.93
589,432,2025-06-04 19:54:44,20052.49
594,417,2026-02-08 04:59:19,30094.01
1392,448,2025-02-28 23:36:27,27614.01
1393,404,2024-08-14 18:29:06,12802.02
1431,450,2025-10-07 11:32:51,22841.24
879,404,2025-09-07 13:36:28,97815.69
887,427,2026-03-04 17:59:51,91048.2
718,401,2025-10-31 07:15:33,53624.38
1378,422,2025-07-08 17:02:10,60591.31
1479,438,2025-04-08 22:38:13,53737.06
1037,426,2025-09-28 06:27:30,22702.76
1118,417,2025-06-24 06:26:54,38460.93
1028,427,2026-02-21 17:30:29,10873.49
914,402,2025-09-08 07:30:26,3776.78
1191,444,2025-11-13 00:35:59,47840.58
1405,413,2026-04-18 04:27:53,19846.6
630,414,2026-03-11 08:31:05,95867.14
999,417,2026-06-03 13:33:05,68863.57
515,435,2025-10-02 15:04:23,26225.33
1457,409,2026-02-01 14:07:49,47133.92
692,416,2024-11-12 06:56:00,77108.27
540,446,2026-01-24 15:29:56,11483.22
699,418,2026-05-29 15:34:24,26775.0
617,437,2026-06-15 14:46:17,28894.0
1484,445,2026-04-06 00:23:52,97822.76
1138,448,2025-01-09 22:50:10,26333.16
526,430,2025-08-07 18:50:32,17424.53
1274,422,2025-04-20 04:37:38,49376.28
1032,437,2026-07-20 06:11:13,41788.82
813,442,2024-12-06 21:48:47,27293.54
1403,429,2025-04-08 08:40:54,86462.7
1341,429,2026-04-22 05:57:12,66411.73
1195,449,2025-01-03 06:33:17,44553.78
716,450,2026-03-16 16:02:07,94049.39
1441,427,2026-05-25 03:35:58,17337.0
553,409,2025-04-17 03:12:28,16752.03
970,421,2026-03-07 01:00:53,98075.7
1000,443,2026-01-26 09:02:49,34119.54
700,443,2026-07-06 23:17:28,55081.69
1424,447,2025-07-06 16:45:27,51026.85
598,412,2025-05-28 06:44:03,95056.53
958,430,2026-01-26 00:30:05,18508.93
694,431,2024-08-17 14:21:13,48927.59
690,413,2026-07-13 08:08:02,7681.83
576,437,2026-04-01 04:59:45,29867.28
894,442,2025-09-14 10:03:50,70164.42
1244,403,2024-10-13 17:06:22,55871.69
1348,423,2025-04-02 00:29:14,54553.91
1105,420,2024-08-16 17:31:42,53549.49
994,403,2025-09-02 00:05:34,47308.7
1257,426,2024-10-07 07:33:23,71859.15
1061,441,2024-11-21 13:32:45,92130.85
939,418,2025-08-25 19:01:53,57624.78
790,405,2025-09-21 12:24:58,3289.82
1320,439,2026-04-05 22:32:22,27678.03
1458,449,2025-10-06 22:55:58,31756.11
792,440,2025-04-05 16:14:58,35324.75
1217,427,2026-01-19 08:47:11,23493.68
1326,425,2024-10-22 05:02:50,24878.55
702,428,2026-01-24 17:51:59,43143.62
650,426,2024-11-28 07:38:55,38082.73
712,430,2025-01-02 15:17:31,5177.76
921,403,2026-06-03 17:03:13,76086.79
790,416,2025-10-20 08:33:48,1285.52
1357,401,2026-02-11 06:10:16,95118.12
1214,404,2025-01-01 00:49:18,70418.49
724,420,2024-10-20 18:46:55,10778.78
1137,433,2025-10-31 16:22:23,68159.57
1288,404,2025-12-31 04:32:35,41865.98
531,438,2026-04-13 08:39:18,15532.98
1184,439,2025-03-10 12:05:35,84374.42
672,419,2026-01-01 11:48:36,83343.57
746,429,2025-04-21 13:07:18,32830.66
1216,445,2024-11-16 15:43:03,68165.17
802,440,2025-11-01 12:55:57,59517.65
1330,416,2026-01-16 02:41:49,99046.12
598,411,2026-06-03 18:49:34,66536.13
929,424,2026-05-31 09:24:40,52252.14
1371,443,2025-04-07 08:50:30,96308.82
1424,438,2025-08-01 16:40:58,36133.89
542,450,2025-04-07 14:21:15,52848.36
547,429,2025-12-25 05:16:56,98221.74
1071,441,2024-12-31 19:34:41,41227.32
1332,409,2026-06-23 23:24:54,16390.01
729,423,2025-11-20 02:42:03,24047.71
934,438,2026-08-01 20:11:30,98874.99
543,448,2026-03-07 10:01:11,16807.15
1443,429,2026-06-15 19:10:14,15291.29
631,445,2025-03-08 06:43:09,98437.0
1386,418,2025-08-31 20:21:35,32381.51
769,407,2024-09-09 09:20:41,56280.75
731,406,2026-07-04 00:53:25,21232.85
513,437,2024-08-27 20:54:43,7490.86
1344,408,2025-05-22 09:05:47,57291.3
780,437,2024-08-12 12:30:12,5655.84
1409,405,2025-09-01 11:44:21,14600.93
1160,436,2024-08-29 10:45:43,7742.8
1081,421,2025-08-10 19:15:49,92126.45
1181,403,2026-07-29 13:47:39,45654.9
1377,440,2024-08-22 18:13:28,26332.79
873,445,2025-11-02 23:59:39,1510.52
1204,409,2025-05-16 10:42:17,92606.1
1328,433,2024-12-05 02:55:06,9695.43
1400,434,2025-10-16 19:33:00,46987.29
1432,427,2025-08-10 01:49:49,39001.84
1387,442,2024-11-10 04:01:16,48490.35
507,426,2025-04-19 05:25:49,93533.29
662,447,2024-10-28 21:46:24,31133.79
938,420,2025-02-06 21:36:28,34013.43
827,431,2026-02-15 09:59:22,82326.71
1076,427,2025-10-10 05:38:10,17344.56
643,442,2024-12-31 01:23:32,15811.45
648,448,2024-12-28 05:59:56,42222.06
1436,403,2025-02-02 11:56:45,57691.95
1004,404,2024-08-10 00:58:04,67308.38
1192,410,2026-07-28 06:13:14,58018.08
1308,403,2025-05-06 03:16:23,12928.61
855,439,2026-08-07 21:47:42,97260.56
1114,422,2025-11-10 20:22:36,70439.67
751,436,2026-08-04 09:45:25,9493.24
597,447,2025-09-12 16:11:00,59352.22
1003,430,2025-07-04 02:14:20,28884.93
1144,418,2024-11-04 09:55:28,68192.52
878,449,2025-07-19 23:20:23,15744.08
787,428,2025-11-06 15:19:11,50020.47
1469,432,2025-06-06 16:39:51,8426.65
1015,434,2025-01-30 09:26:25,28278.74
1467,445,2025-08-01 03:50:34,50590.7
1007,419,2025-05-05 16:22:48,53056.15
618,450,2026-05-21 21:15:57,95476.64
1203,412,2025-03-03 18:32:16,9842.11
1091,429,2025-08-27 07:48:28,43523.99
1181,401,2025-01-26 02:58:49,55533.93
878,407,2024-10-26 20:51:28,54608.7
1133,431,2026-06-01 04:46:18,50316.14
1155,435,2025-03-26 18:49:03,44530.26
753,417,2025-11-17 14:34:48,13403.75
533,424,2025-02-26 09:00:43,63981.16
1153,442,2025-06-29 03:51:20,13932.53
538,411,2026-07-08 00:56:03,2546.23
1066,445,2025-07-01 03:02:38,95523.82
650,412,2025-01-31 02:50:31,58284.53
979,444,2026-02-07 23:10:30,34736.38
1476,401,2024-10-09 21:08:33,55541.39
630,430,2026-06-27 21:09:37,27194.87
1440,438,2026-02-02 06:09:19,64254.8
508,423,2026-08-03 04:54:48,2555.19
560,423,2026-05-15 12:25:29,84572.94
733,415,2024-08-16 12:40:50,61136.93
629,443,2025-12-23 16:38:19,97024.78
930,446,2026-06-22 14:30:52,51513.67
931,429,2025-07-26 12:27:57,70644.26
873,432,2025-07-08 16:33:06,98405.48
928,442,2025-06-09 06:01:50,77151.15
681,442,2025-02-25 01:02:52,48076.16
1452,411,2026-04-16 17:25:55,78479.67
762,421,2024-12-22 02:32:52,92784.49
546,434,2025-10-03 05:32:10,4311.35
832,439,2026-06-29 00:55:35,44937.66
754,444,2026-03-22 02:57:06,78569.36
558,433,2026-05-20 05:55:46,37337.94
866,402,2025-06-01 20:49:23,88556.22
747,441,2025-05-05 23:43:39,47440.72
1388,420,2026-04-07 08:25:50,64469.3
1161,425,2024-11-22 04:19:59,89661.64
1302,419,2025-07-02 10:16:48,31991.45
512,426,2026-03-25 11:56:44,4901.05
961,443,2024-09-06 06:32:33,65676.2
1107,426,2025-11-18 04:16:17,42879.61
825,408,2026-05-29 19:13:30,49491.57
1368,448,2026-02-19 12:55:37,84686.12
529,419,2026-02-26 21:07:00,85397.94
954,442,2024-09-02 01:25:59,71692.7
1080,430,2025-12-17 22:59:21,7889.03
830,419,2026-01-07 09:50:44,13119.71
1142,436,2024-12-06 07:14:11,68812.55
1112,443,2025-06-10 13:17:38,74180.22
1488,411,2024-09-13 00:03:00,61757.96
786,418,2026-02-08 10:59:23,6911.94
1253,411,2026-04-10 23:36:27,89430.3
1286,421,2025-10-15 07:07:07,65975.97
1248,425,2025-11-25 08:36:02,77513.65
605,412,2026-06-20 00:54:00,75516.46
926,409,2026-01-23 21:45:45,12177.27
1338,445,2026-01-26 16:13:25,36766.25
697,431,2024-10-22 04:07:19,86137.49
657,414,2025-01-06 18:09:47,66827.64
1337,432,2026-01-14 07:08:30,14983.23
701,419,2025-06-21 05:27:17,51976.31
831,436,2026-05-13 20:42:31,72656.66
863,412,2026-05-20 11:25:27,46246.86
1284,408,2024-12-19 11:19:09,60266.48
718,431,2026-02-08 13:46:23,74804.27
866,402,2026-07-06 20:50:29,683.83
1381,450,2025-05-09 23:04:31,25282.78
910,407,2026-07-20 04:43:07,40222.47
1253,409,2025-12-05 03:49:02,68008.78
1393,423,2025-02-17 23:25:11,90076.4
1106,443,2026-04-13 17:17:03,7732.58
664,412,2024-09-22 00:47:10,17212.23
698,401,2026-01-02 06:26:12,91943.52
1486,423,2026-02-04 04:05:37,28848.63
1209,446,2025-01-01 02:40:36,50999.22
1469,418,2024-09-19 09:23:47,60500.19
949,423,2025-12-04 21:11:33,28019.67
890,405,2024-11-15 17:03:52,59393.98
1358,415,2026-06-01 19:48:15,65482.57
1487,403,2025-07-10 22:17:29,33671.36
1036,428,2024-11-08 19:13:24,7548.7
620,410,2026-08-05 10:10:42,58345.17
1344,413,2026-06-10 05:26:48,54337.11
1336,437,2024-12-31 12:08:45,74016.49
1496,442,2026-06-08 14:34:13,46605.8
1221,443,2025-10-15 22:26:16,78876.36
733,419,2025-07-18 14:38:21,89342.11
684,435,2026-07-22 11:43:29,37734.34
789,434,2024-09-11 20:11:54,88477.86
909,418,2025-08-21 21:35:29,38298.08
1039,438,2025-12-07 04:19:21,64078.06
752,428,2025-11-01 00:40:18,9917.38
835,437,2025-08-19 15:31:31,89987.91
1409,439,2025-11-14 16:43:10,60974.09
815,427,2026-03-09 10:50:47,21478.39
945,436,2026-08-01 23:44:59,27510.37
1181,414,2026-03-15 02:06:47,22113.22
654,426,2025-04-01 08:39:23,21547.67
1220,401,2025-07-25 04:25:49,38301.31
952,401,2025-01-16 06:43:31,5551.56
908,403,2025-05-19 08:47:17,34805.79
1233,433,2026-05-17 16:04:42,2420.13
963,404,2025-07-14 10:37:36,26617.49
673,418,2024-12-02 16:06:10,48772.11
1187,440,2024-09-04 02:49:23,66931.23
1213,436,2025-05-10 10:01:52,12535.31
1133,436,2026-03-01 09:47:17,45798.12
616,446,2025-08-10 00:04:30,34156.26
872,438,2025-10-29 11:52:47,98959.89
1378,425,2025-12-15 06:23:05,42285.55
972,432,2025-02-18 09:12:29,21990.82
544,441,2025-04-21 01:30:09,56946.33
853,417,2024-12-27 08:02:34,83707.75
620,445,2026-03-11 23:36:12,76819.03
963,441,2025-06-18 03:00:16,16492.49
1108,434,2024-10-24 19:10:49,14593.3
902,442,2026-07-13 01:25:12,36086.83
1298,443,2026-08-01 04:13:10,16696.9
1280,434,2026-07-03 12:07:35,68907.68
954,404,2026-03-23 03:50:07,14952.28
1276,420,2025-01-11 18:20:41,27775.33
850,404,2026-05-02 21:31:15,16936.52
1049,430,2025-01-10 18:26:04,68072.39
698,408,2025-01-30 07:05:23,57144.0
982,412,2026-07-26 03:59:43,68832.0
831,447,2025-10-31 07:21:33,14862.23
1168,401,2026-03-09 02:36:03,71348.33
1123,450,2025-12-13 04:47:42,68819.19
858,426,2026-08-04 23:31:14,15787.84
1383,426,2024-09-18 18:08:22,11428.42
551,412,2025-10-30 23:55:18,96103.34
1089,404,2026-01-16 12:41:27,74050.83
1266,427,2026-05-25 06:03:26,86639.94
1038,438,2025-03-03 05:26:00,43802.07
614,421,2024-08-15 10:56:47,5592.65
1089,408,2026-04-30 05:11:21,3561.84
1144,403,2024-11-05 10:26:34,62501.25
984,416,2024-10-07 05:26:32,52619.18
1219,421,2026-06-11 21:31:38,53995.01
736,447,2026-02-11 14:13:50,98078.68
1399,433,2025-07-21 22:49:26,96687.9
1403,428,2026-03-15 01:48:48,2273.88
1169,444,2026-02-05 16:54:40,2922.56
1347,420,2026-07-30 08:07:58,20508.48
582,409,2025-10-19 12:24:52,41393.02
1210,427,2025-05-29 04:42:08,87626.06
1440,414,2025-07-09 06:52:52,20281.53
1404,430,2026-03-14 12:54:57,16885.58
1160,431,2026-02-14 00:02:22,51503.24
1383,422,2025-11-16 09:39:21,58559.58
1441,423,2025-09-28 06:43:48,82778.22
1295,438,2025-03-18 19:14:05,94936.13
1329,430,2026-03-01 04:31:56,52775.23
1071,436,2026-07-07 13:20:34,4856.67
1331,425,2025-10-04 11:40:59,970.66
1400,433,2026-04-01 03:21:44,58553.91
1081,441,2025-01-08 18:33:30,57251.93
691,416,2025-11-30 18:18:42,7920.14
877,420,2026-05-25 01:14:41,54976.65
1016,449,2024-11-18 20:29:02,16763.43
1424,422,2024-10-25 18:25:05,17385.59
935,426,2024-11-03 22:17:06,2446.83
596,409,2025-02-24 01:55:54,27799.11
1412,411,2026-06-30 05:21:02,2385.02
967,444,2024-12-09 05:25:38,62265.06
1420,405,2026-02-04 20:01:06,77230.11
947,450,2025-09-08 04:03:11,766.97
1494,431,2024-11-23 05:09:53,17474.87
786,443,2026-06-28 00:09:01,37076.33
1381,422,2026-04-23 01:13:54,2745.2
717,443,2025-04-16 14:22:02,2163.3
989,424,2025-08-22 15:38:00,60182.15
1206,409,2026-07-19 13:13:58,40222.37
552,410,2025-01-26 01:37:32,44163.31
1056,412,2026-02-07 04:21:05,50119.4
1087,421,2025-07-15 18:39:00,41683.48
832,401,2025-10-14 21:34:42,37908.26
643,433,2024-12-27 18:44:47,94690.81
753,425,2026-07-08 14:24:45,31552.85
600,449,2026-01-10 13:53:26,69637.38
924,430,2024-10-21 07:01:28,1510.63
1432,404,2024-09-21 16:06:48,44185.39
1468,422,2025-06-16 06:06:10,11279.19
1308,406,2026-08-05 12:31:24,26609.24
590,410,2025-11-11 17:17:01,83470.31
643,412,2026-01-28 01:48:45,62313.57
568,448,2026-01-07 08:46:46,51302.53
1212,409,2026-02-07 16:24:15,47816.26
875,410,2026-03-03 11:28:22,28709.67
1335,430,2025-02-12 11:42:16,90551.77
842,445,2025-12-02 00:37:31,80375.06
863,440,2024-08-30 16:09:02,65089.74
1281,417,2025-05-13 02:06:34,87107.01
569,449,2024-10-08 02:57:09,11633.38
668,443,2026-06-02 23:13:29,50100.18
1285,437,2025-08-28 07:53:06,1720.41
1359,428,2024-10-10 21:04:56,49849.62
602,434,2024-11-22 08:33:26,64352.94
1396,435,2026-02-13 09:32:33,81642.35
1258,425,2025-06-10 17:22:06,51443.26
1227,409,2025-09-13 01:41:36,11110.62
608,436,2025-12-23 21:19:14,54067.08
741,409,2025-02-03 20:17:10,64521.68
717,433,2024-10-11 22:50:02,9891.52
637,437,2025-08-29 07:35:13,90641.25
1012,449,2026-02-23 21:26:28,29561.22
1019,402,2026-03-16 09:34:13,61196.49
1482,450,2025-12-01 07:31:51,92919.9
520,429,2026-07-10 08:38:13,22992.59
1099,426,2025-01-11 01:45:51,796.09
768,450,2024-12-23 05:31:53,75375.68
1480,427,2025-07-02 01:45:16,6491.61
1343,443,2025-09-09 21:19:12,32954.0
1464,420,2025-11-19 21:51:19,12233.61
1492,412,2025-08-06 16:52:42,41845.86
1329,450,2024-11-15 00:08:31,22568.48
688,429,2025-01-25 19:55:42,86439.6
787,440,2026-08-02 13:05:41,78109.52
1147,406,2024-12-19 08:57:35,99277.38
1315,432,2025-09-12 18:47:10,45663.71
838,441,2024-10-20 09:47:47,87593.89
571,425,2024-10-21 09:53:44,38288.77
1434,410,2025-12-28 16:46:52,78602.28
917,422,2025-11-01 00:06:37,40617.76
1211,449,2025-07-23 13:25:59,96960.54
1387,405,2026-07-28 01:56:01,80355.76
1481,440,2024-11-01 08:36:18,70719.93
1006,438,2025-06-12 21:31:44,50915.33
1010,447,2025-06-19 19:53:49,89022.51
1351,446,2025-10-10 04:39:51,3407.58
1310,436,2026-06-07 19:25:01,87215.14
1413,416,2025-06-12 06:06:19,12993.83
670,419,2026-07-23 11:11:00,26298.9
767,444,2024-12-13 00:50:38,74044.37
1009,411,2025-01-05 07:13:28,2452.62
1458,411,2026-08-06 22:11:19,70762.5
1221,416,2025-09-15 07:05:52,39230.36
1007,443,2024-09-22 08:29:15,41569.81
812,424,2025-01-02 16:28:32,32580.82
760,448,2025-08-30 20:35:54,77533.49
512,424,2024-11-04 23:37:12,66621.82
563,425,2025-03-10 10:09:13,86289.94
942,433,2026-06-30 21:12:31,38953.52
1051,423,2025-02-15 22:29:14,36277.82
1109,412,2025-03-09 07:29:43,18196.92
1284,427,2025-05-04 14:44:49,80118.98
1136,420,2025-10-01 09:34:28,11786.28
1124,419,2024-08-16 03:45:49,37057.31
1143,427,2025-05-29 11:46:55,79007.44
1315,433,2026-01-24 01:23:06,99427.24
1299,429,2026-01-10 15:35:29,33203.6
603,422,2026-06-09 18:34:28,38165.24
1121,447,2025-10-06 09:33:20,38703.55
1368,429,2025-12-18 13:13:13,70059.31
1331,445,2025-08-08 06:41:32,29618.36
1029,405,2025-10-13 05:22:48,23263.1
747,409,2025-07-03 03:06:45,5073.75
1202,402,2025-10-08 13:30:07,78811.35
922,419,2025-06-12 18:57:07,53776.38
1467,438,2024-09-09 20:50:15,4000.73
642,431,2025-11-11 08:56:00,35196.99
858,442,2025-04-18 00:32:17,69165.3
714,446,2025-02-28 21:07:51,43108.5
1209,414,2025-12-23 03:28:56,72268.08
851,431,2025-11-21 14:07:32,9699.12
1415,435,2024-08-19 23:18:13,94411.47
567,428,2025-10-03 06:06:28,1614.44
652,415,2025-10-29 12:04:55,97200.45
542,428,2024-09-26 09:41:01,83238.84
600,448,2026-05-29 20:59:04,32795.05
1379,423,2026-02-15 07:58:57,67317.88
509,446,2026-08-03 22:03:34,45387.95
1473,437,2025-04-08 12:53:52,79464.79
736,441,2025-06-03 03:31:50,61955.62
1444,445,2024-09-22 12:58:05,63858.87
1375,444,2024-11-23 21:34:42,2205.16
978,436,2026-03-29 19:34:30,63905.35
990,425,2025-12-09 03:37:29,69705.76
1092,428,2024-12-04 04:38:43,52409.12
1360,416,2026-04-13 23:30:47,40042.64
1437,413,2024-08-29 11:19:57,49350.44
958,416,2025-05-23 20:29:00,5464.83
1487,439,2026-04-10 21:19:28,37813.19
1100,417,2026-01-26 12:59:15,95750.28
1391,416,2026-04-03 14:09:34,13189.47
967,412,2025-02-11 13:01:04,92400.55
1414,440,2025-06-30 02:53:11,90158.99
736,441,2025-10-10 20:14:00,11549.39
1391,414,2024-12-22 17:43:27,59289.07
1466,416,2024-10-07 13:59:32,10613.77
1351,414,2024-11-08 12:38:53,71465.63
1196,433,2026-06-29 14:50:19,76022.91
1245,444,2025-04-09 02:36:47,7102.61
1390,439,2024-10-20 13:39:51,52750.02
566,411,2026-06-20 20:58:23,35012.04
613,402,2025-07-13 03:53:55,85385.54
588,429,2025-04-08 22:16:46,30770.76
691,423,2025-09-25 06:02:00,18246.07
543,401,2024-09-28 21:43:52,88561.03
777,410,2026-04-24 10:16:31,53927.63
614,405,2025-01-06 06:15:10,19323.48
665,449,2025-03-16 17:23:46,90217.97
907,417,2025-09-25 10:16:26,60511.7
1218,417,2025-01-13 04:47:06,21143.25
589,425,2026-03-20 07:56:53,86387.12
804,414,2026-04-30 15:53:28,35553.05
1386,418,2024-09-16 13:00:20,55679.71
944,425,2024-10-10 19:47:59,75231.75
513,412,2025-11-11 08:02:47,31878.2
848,420,2025-03-30 12:34:31,32068.49
862,434,2025-04-16 08:07:10,20999.54
1240,427,2026-03-29 01:11:11,48446.46
1256,447,2026-07-31 23:21:12,42518.68
971,413,2025-01-08 21:57:02,91237.55
1436,410,2025-03-09 05:47:10,11808.39
1167,411,2025-03-23 19:18:05,70527.99
890,445,2026-04-17 12:00:31,7162.77
1249,415,2026-06-01 10:53:15,81093.88
528,420,2024-09-14 22:44:30,37830.57
764,405,2025-06-13 17:55:45,27388.79
1477,439,2026-03-01 04:41:09,97062.55
585,402,2026-01-16 19:50:13,21012.9
1154,447,2025-05-16 02:45:40,16076.37
1426,420,2025-06-22 01:03:14,80463.59
583,439,2026-07-11 04:16:36,73901.3
824,404,2025-10-27 16:02:35,8537.43
1385,432,2026-01-27 16:27:30,36297.05
1198,413,2026-07-04 21:23:15,46359.4
1398,431,2025-07-11 10:02:37,1306.95
1203,428,2025-05-01 08:47:25,59028.86
622,404,2025-04-16 00:14:39,20094.91
789,421,2025-03-09 00:56:11,57932.41
916,411,2026-05-04 10:25:30,61262.63
1446,427,2025-08-08 05:16:12,89213.8
1350,429,2025-05-08 03:12:06,7487.39
1267,442,2024-09-10 07:33:39,31352.24
1460,410,2025-08-19 11:40:44,60621.28
842,426,2024-09-02 08:51:38,25639.46
1493,403,2025-09-10 19:04:36,25329.28
667,405,2024-11-20 07:29:40,68992.58
571,444,2024-11-29 02:37:02,86740.76
1464,450,2026-03-21 06:01:19,55320.91
931,404,2026-02-09 15:09:05,55217.0
1373,424,2025-04-19 12:43:32,84660.51
599,403,2025-01-29 13:34:46,27463.05
783,429,2025-05-12 01:33:50,24300.14
585,445,2025-02-16 21:04:00,67983.89
715,402,2025-03-19 23:08:03,66668.03
820,420,2025-12-10 09:24:41,56207.87
706,424,2025-03-04 20:09:32,39163.27
855,440,2026-06-12 17:36:00,18864.51
977,416,2024-12-11 03:36:55,27804.33
1071,417,2024-09-25 01:42:04,99690.31
1149,401,2026-07-11 19:32:33,26772.56
1201,431,2026-01-26 07:59:33,90875.87
687,436,2025-09-10 23:32:40,45368.61
638,445,2025-09-29 04:59:46,2349.9
1025,425,2026-02-07 19:00:56,29813.56
1354,428,2026-07-11 04:25:32,4787.07
929,424,2025-04-29 20:34:50,80323.11
1392,427,2025-08-14 12:19:59,58897.1
1257,447,2026-03-20 07:07:00,91502.31
1221,434,2025-06-16 15:54:53,71719.06
1360,410,2025-03-03 13:08:30,72638.32
1365,415,2026-06-16 05:54:08,95376.7
1091,404,2026-03-10 01:55:37,3174.01
1140,432,2025-12-16 17:17:12,7728.14
1346,429,2025-07-06 02:50:40,85101.85
907,403,2026-04-12 06:26:18,41620.17
901,418,2025-05-19 19:04:48,48580.59
1094,449,2024-10-01 13:45:31,59282.5
660,426,2025-07-28 22:31:37,67713.94
699,413,2024-12-30 05:20:45,77655.33
612,404,2026-07-21 11:08:38,81774.06
1336,427,2026-03-02 02:16:42,35329.09
1365,433,2026-06-04 14:57:17,11798.78
861,412,2025-07-17 14:10:02,63158.02
853,445,2025-06-09 06:35:21,25999.17
611,441,2026-06-30 12:08:01,28155.92
1152,449,2025-08-21 12:30:28,17813.72
822,441,2025-07-12 09:06:56,75853.11
1072,436,2025-02-16 16:25:24,71543.67
613,432,2025-10-25 17:06:29,6901.12
1155,438,2025-08-19 04:12:53,79142.03
1434,448,2025-02-07 20:55:00,90375.49
613,430,2025-09-20 10:08:37,28260.24
702,431,2024-10-30 20:49:06,7347.52
935,422,2026-05-31 21:34:03,95520.22
1296,446,2024-11-02 02:40:08,72574.09
1161,409,2025-09-04 20:27:45,76043.09
1088,411,2026-07-23 13:13:20,68998.55
1356,418,2025-06-10 18:17:53,56888.79
545,423,2025-11-07 17:18:35,91636.48
657,413,2025-10-20 19:42:18,54136.42
1003,419,2025-03-02 00:29:25,91082.92
1449,439,2026-03-13 08:45:48,65456.63
906,439,2025-02-27 08:33:12,79660.57
923,427,2024-10-09 00:15:07,35517.46
596,437,2025-06-10 16:18:46,67131.6
1016,428,2025-04-11 01:35:28,39494.2
1438,413,2026-06-15 18:49:48,30547.57
535,402,2026-05-24 08:33:22,58282.44
982,445,2025-04-14 01:40:12,23078.27
1310,410,2024-12-03 17:38:36,59968.74
786,426,2025-01-07 04:34:44,73670.44
874,428,2025-05-27 19:02:33,87758.22
520,448,2026-03-16 20:29:25,29844.55
1494,408,2025-07-31 19:39:11,33417.01
1321,418,2025-01-24 05:06:05,75974.4
615,449,2026-02-17 17:36:14,71937.21
774,401,2025-07-23 21:52:39,48884.0
715,419,2025-11-30 05:13:25,88428.72
1161,406,2025-08-29 00:16:59,96365.91
1268,441,2025-01-10 23:00:25,17933.83
951,442,2025-05-22 08:42:44,8413.87
1270,445,2026-05-04 15:36:58,78545.02
1484,447,2025-11-05 04:03:24,69415.67
1428,411,2025-04-07 22:45:14,11964.83
1067,402,2025-10-01 03:13:43,1031.33
627,413,2025-11-20 14:50:34,89370.27
958,439,2025-12-29 03:14:13,93863.56
508,429,2025-11-22 11:28:20,28196.39
1244,417,2026-05-22 12:40:25,18543.94
1438,402,2026-04-17 08:40:26,32511.45
1075,411,2024-12-13 01:58:47,10394.18
1127,406,2025-07-01 10:53:53,88205.08
1029,431,2024-11-20 10:59:21,22112.68
980,415,2025-08-08 02:35:02,60351.03
1253,427,2025-04-21 07:15:51,25481.98
1430,445,2026-01-19 14:10:28,32053.55
909,449,2026-05-12 03:10:32,54182.58
869,441,2026-05-01 11:30:19,56747.46
1381,419,2025-09-24 09:31:11,87139.67
941,433,2024-11-24 14:53:57,67035.67
516,420,2026-04-09 01:15:53,70541.82
686,401,2025-08-19 10:20:47,90022.97
1293,404,2025-10-22 17:19:42,30416.14
1087,424,2025-11-01 20:44:33,35612.9
1263,438,2026-04-07 00:15:41,31814.08
1160,441,2025-02-08 23:06:28,4557.78
1211,416,2025-08-28 20:23:47,34047.73
1419,406,2025-01-23 09:47:32,40076.63
1218,414,2024-08-15 11:06:33,59593.11
1010,427,2025-12-01 21:10:55,56153.37
781,412,2025-12-03 20:12:53,90203.94
1467,423,2025-10-14 14:39:43,50919.03
636,401,2025-01-04 06:22:01,31838.29
673,448,2026-02-23 01:13:06,93745.55
1015,401,2025-07-30 21:43:16,32909.53
1210,438,2025-06-24 06:33:36,64632.79
639,409,2024-08-14 04:50:07,95458.47
1239,434,2025-01-07 20:40:11,69819.31
1474,427,2025-01-19 11:24:37,70431.07
814,434,2025-02-08 08:46:35,32046.7
1320,450,2024-11-20 13:52:49,88352.93
804,429,2025-11-06 20:22:02,38003.29
655,428,2024-12-13 18:42:11,2560.35
1338,425,2026-07-13 23:47:40,48560.58
590,425,2024-11-21 05:22:24,45700.72
1444,420,2025-08-20 21:18:20,23987.59
1217,426,2025-07-21 08:45:12,16563.74
1238,433,2024-12-16 09:56:57,78104.51
612,448,2026-04-11 11:58:51,26177.87
1425,438,2025-04-27 07:55:11,62055.28
935,440,2025-12-28 01:54:59,81311.53
948,403,2025-11-15 01:23:19,88100.75
950,425,2024-09-26 00:46:03,98236.44
820,442,2025-11-03 00:47:36,93561.4
819,430,2026-02-27 07:34:23,82044.87
1251,432,2024-11-09 19:05:59,59045.08
711,448,2026-06-02 11:05:12,80239.76
846,426,2026-01-03 15:53:10,72583.75
1431,446,2026-05-22 01:37:34,44628.86
1335,444,2026-05-17 22:50:26,35090.3
1139,438,2025-09-09 10:34:28,43449.44
1041,409,2025-01-17 16:41:24,88227.86
655,406,2026-01-25 01:24:53,27837.59
546,445,2025-02-21 01:50:13,53113.07
1343,408,2025-02-10 20:07:33,21294.61
988,409,2024-09-09 05:00:59,84556.0
1232,426,2025-05-29 23:58:12,66326.34
631,422,2025-09-01 05:29:00,95751.86
518,444,2024-09-30 23:18:26,16901.12
577,420,2026-01-04 11:25:27,20996.27
943,448,2025-01-22 20:53:53,37109.99
667,446,2025-01-02 04:10:43,72228.95
1342,430,2024-12-21 12:31:50,50684.81
848,438,2024-10-26 21:56:58,92428.59
1000,418,2024-12-07 12:12:49,46854.06
1339,440,2025-10-24 18:09:45,77407.48
943,444,2024-09-19 15:56:11,9580.5
964,437,2024-08-31 05:13:47,42081.72
1234,437,2026-07-26 03:37:12,28906.65
711,450,2025-01-10 21:38:25,66978.0
934,415,2026-05-14 04:30:53,52843.94
686,430,2025-07-10 15:22:39,4054.28
776,430,2025-12-13 16:59:49,37006.96
996,429,2026-04-16 00:26:35,93978.55
815,415,2025-09-22 14:33:47,29503.2
1242,428,2026-07-23 00:39:37,52094.06
543,426,2025-09-09 10:23:16,50437.09
1436,427,2025-07-24 02:42:25,44480.32
1219,401,2025-08-23 08:31:12,64148.27
713,410,2026-05-21 17:00:44,31694.83
735,423,2025-03-19 10:40:15,75422.73
1347,436,2025-08-15 23:56:06,99438.31
1153,422,2025-12-10 02:54:18,62064.33
1472,444,2025-03-04 02:25:13,82717.85
714,425,2026-04-26 22:28:41,7077.36
1236,404,2025-04-13 17:17:12,83423.75
1162,447,2024-08-24 13:06:55,6433.57
1465,420,2026-07-22 14:06:37,84883.0
548,434,2025-06-12 10:04:20,26361.63
1274,402,2026-02-27 11:47:50,97243.08
1297,424,2025-03-20 10:05:06,73546.21
1323,403,2025-11-09 09:57:36,71137.57
565,445,2025-10-29 16:26:05,38858.34
710,429,2024-12-17 15:53:29,83435.06
522,436,2026-06-20 12:07:08,37438.19
1351,437,2025-03-04 20:18:29,31888.27
591,414,2025-01-05 18:06:16,96959.33
783,404,2026-01-11 08:24:03,5406.52
1312,437,2025-01-21 22:41:55,93025.87
662,435,2025-05-11 11:24:56,47345.72
1421,441,2024-10-31 16:21:48,33373.3
1004,434,2024-09-02 05:57:48,35033.89
1217,437,2025-07-30 23:59:05,97945.62
772,434,2026-06-17 04:24:23,9509.29
1346,423,2025-04-01 07:26:16,45789.06
612,433,2024-12-17 09:06:00,43205.69
720,409,2025-04-03 19:32:34,94991.33
1496,418,2025-05-05 22:32:42,75965.91
1178,404,2026-05-08 18:54:41,97288.36
1364,421,2025-12-10 18:11:36,45277.08
1421,408,2025-10-28 22:11:35,99759.36
1057,433,2026-01-17 03:30:22,63499.71
1184,422,2025-05-19 21:04:37,55169.49
715,410,2024-11-01 12:49:17,79333.29
1423,403,2025-04-27 05:56:27,48394.79
1056,423,2025-04-03 18:43:32,97929.58
797,417,2025-02-04 11:49:34,78770.73
824,441,2025-12-04 08:03:53,36019.13
1390,413,2025-05-07 08:06:26,7113.19
536,420,2026-04-10 00:46:27,34521.17
823,420,2024-08-11 15:51:52,86595.42
562,448,2026-04-13 23:01:07,88907.92
693,438,2026-07-21 19:42:14,49706.36
1430,441,2024-12-05 00:00:15,47605.57
1335,401,2026-01-29 14:31:05,50482.08
810,416,2025-05-26 19:17:27,82071.87
887,417,2026-07-05 11:50:24,69223.1
1374,425,2025-07-01 01:00:48,66510.23
865,438,2024-08-21 01:04:35,29554.02
1276,410,2025-08-01 00:52:26,70313.51
675,403,2025-10-09 12:15:24,78798.4
901,420,2025-03-01 23:43:56,68915.8
1391,434,2025-04-06 03:14:25,86362.64
663,427,2024-11-02 13:54:50,47453.26
1304,450,2026-04-10 16:44:20,93702.87
1064,443,2025-03-08 06:38:51,79526.55
605,440,2026-04-08 17:43:48,7105.95
1362,407,2025-10-08 09:31:25,760.23
1109,401,2026-03-11 10:43:49,53586.75
1157,412,2026-04-27 08:12:41,95059.68
819,406,2024-12-04 20:51:36,89421.51
1500,432,2025-08-07 09:10:34,25043.88
618,408,2025-12-12 09:49:36,38008.61
821,403,2024-09-04 13:46:51,48384.33
1425,430,2026-07-09 10:03:27,86342.01
1492,444,2026-06-18 00:43:41,92339.53
1164,433,2024-11-23 06:59:58,15071.13
658,427,2024-10-22 15:58:05,57152.69
527,429,2025-08-28 22:56:42,6981.5
1358,435,2026-04-03 02:12:39,79560.74
541,449,2024-08-15 22:21:51,79203.6
1235,430,2025-07-09 01:07:39,74928.76
746,421,2025-07-11 08:52:09,64256.29
750,446,2026-04-26 07:16:15,53295.67
1165,436,2026-03-22 22:05:26,5077.91
1481,417,2024-12-07 23:15:27,83556.82
1014,449,2024-10-03 22:20:14,79097.36
1063,424,2026-06-03 08:57:14,78765.42
518,447,2025-06-05 13:24:36,77470.65
1487,449,2026-08-06 18:10:01,76805.1
744,416,2025-12-03 12:01:57,36128.92
1426,420,2026-03-16 12:00:32,23593.41
1256,426,2025-07-21 03:06:08,6095.56
855,408,2024-10-14 23:59:47,33536.26
989,441,2024-12-28 18:37:16,21284.79
1003,405,2025-05-29 14:00:13,41325.76
1041,436,2025-09-03 12:09:12,68584.5
1343,436,2025-12-18 06:32:03,96733.8
953,427,2025-10-16 03:01:11,63380.64
1098,432,2025-02-16 05:28:27,33120.17
771,418,2026-01-08 13:28:44,98137.25
1482,410,2025-06-14 18:27:16,37020.02
565,426,2024-10-21 02:30:06,37369.7
567,430,2025-02-07 04:49:53,67320.62
732,439,2025-08-02 00:28:42,37809.19
746,446,2026-05-26 09:01:20,94241.07
1077,406,2024-11-08 06:16:58,36977.55
599,404,2025-11-10 19:47:12,1404.76
739,415,2026-07-17 02:51:38,39849.7
1334,420,2025-07-22 03:26:46,88347.1
721,441,2025-03-19 11:04:46,32766.97
1351,405,2025-03-17 20:16:58,68438.77
1324,443,2025-01-27 17:14:10,34978.59
801,434,2025-01-04 08:30:14,8079.43
1034,412,2025-02-15 16:50:32,2491.86
775,402,2026-04-23 01:33:28,21911.26
1065,403,2025-01-04 20:43:42,58989.98
783,429,2024-11-10 15:10:07,23259.96
1048,433,2024-08-18 20:48:49,29532.37
1193,419,2025-05-24 04:46:44,6806.23
1387,424,2025-11-14 09:24:49,64857.97
1309,422,2026-03-03 22:00:20,68130.73
524,437,2026-01-17 14:19:07,62236.21
519,450,2025-04-17 01:21:29,56515.01
1278,411,2025-04-11 15:32:06,53313.88
1259,408,2025-06-27 13:30:04,73952.62
821,441,2026-01-02 06:59:55,53079.42
1391,429,2025-01-08 06:29:39,56264.7
1342,445,2025-02-04 20:04:40,80614.76
901,445,2025-09-05 03:12:17,12537.64
541,434,2025-07-20 16:23:09,20687.25
1181,444,2025-05-09 09:30:17,2536.37
979,404,2025-09-25 04:44:52,84610.12
1043,414,2025-02-15 00:20:45,91046.45
726,417,2024-12-17 06:19:01,7866.95
586,410,2025-11-24 19:35:56,48544.9
1208,436,2025-05-29 06:45:22,64113.49
1038,403,2024-10-21 19:35:25,95745.88
538,437,2026-01-22 17:45:43,24012.67
1384,415,2026-05-13 08:06:02,9436.61
546,412,2026-02-11 13:23:31,43126.56
609,441,2025-01-07 16:32:31,25822.36
1193,437,2024-08-29 06:55:42,47028.9
1093,417,2026-01-10 22:08:04,62529.3
510,431,2026-01-18 17:39:58,58613.61
993,443,2024-12-02 15:53:06,69631.91
924,422,2025-06-30 11:25:01,8953.67
1444,434,2025-06-27 16:45:53,10659.49
1304,430,2026-07-24 11:00:28,8640.31
824,434,2025-03-28 17:15:50,92601.56
1018,434,2025-03-21 21:52:26,92978.21
1498,433,2025-05-13 13:59:48,99685.66
1350,431,2025-09-11 17:08:00,84761.63
1449,421,2026-05-04 19:36:07,43003.62
923,443,2025-01-22 02:20:45,40101.93
1389,447,2025-09-18 05:44:10,25166.95
741,423,2025-06-19 17:39:12,48044.95
721,414,2025-11-19 03:27:32,53698.44
1001,445,2026-02-06 08:54:14,97729.14
1263,401,2025-04-02 23:58:08,14304.05
605,412,2025-09-03 12:56:03,89670.09
1260,437,2025-08-20 09:39:32,51448.32
543,410,2026-06-13 00:03:11,49629.94
812,408,2026-05-14 21:15:51,85454.01
565,430,2026-06-12 06:37:08,80060.84
531,434,2026-03-26 10:19:21,4243.45
641,432,2025-01-28 11:51:42,39240.83
951,419,2025-05-02 19:52:13,7168.1
502,405,2025-09-25 20:58:50,85024.49
668,428,2025-03-16 23:08:53,38277.67
952,415,2026-06-20 10:31:55,53245.19
726,428,2026-07-07 22:29:44,35215.02
1083,444,2024-10-20 13:48:29,17785.85
613,433,2026-07-07 05:48:06,2425.25
523,434,2026-01-11 10:01:44,12678.38
1298,436,2024-12-17 08:21:05,97118.39
1290,404,2025-06-27 22:17:46,65021.28
1034,430,2026-04-17 22:08:57,30361.39
1481,429,2026-03-26 15:23:37,55072.84
962,412,2026-02-27 23:44:57,1437.74
994,426,2026-06-02 07:11:40,75835.19
1207,410,2026-04-21 03:19:11,95980.73
974,413,2025-12-06 06:27:22,7191.42
905,440,2025-07-03 10:53:31,65484.25
732,406,2024-11-18 16:13:51,56974.5
952,433,2025-02-22 07:53:45,16681.61
538,446,2025-10-23 07:42:06,79360.15
1402,426,2024-10-27 20:31:27,78862.49
836,444,2026-06-10 08:27:15,95617.5
1115,418,2026-05-08 13:55:35,79253.09
1495,449,2025-06-03 05:22:40,24770.88
1420,446,2025-10-08 02:34:16,85056.9
904,430,2025-03-04 23:35:44,25941.6
1296,429,2025-11-05 00:42:52,96104.44
1024,439,2025-05-01 17:36:57,33923.08
508,442,2025-09-06 01:47:20,17022.44
971,404,2024-08-12 00:32:00,53441.82
758,403,2025-12-16 11:04:48,42934.43
1423,442,2024-08-13 16:15:41,38505.43
643,433,2025-12-08 03:40:48,61722.65
553,401,2025-01-14 19:11:11,82189.41
1041,421,2025-12-16 15:16:08,14092.37
798,434,2025-12-15 03:14:56,68795.42
736,411,2026-02-02 03:09:52,37674.48
828,449,2026-06-18 11:51:21,95051.68
1431,404,2024-08-12 18:45:36,57605.8
1144,433,2024-10-18 18:33:36,75502.17
913,417,2024-08-28 23:40:09,41844.95
655,439,2026-04-08 05:35:19,84601.72
1145,416,2025-08-20 12:48:42,30234.89
1377,421,2026-04-24 09:31:19,22557.85
1356,412,2024-11-04 23:47:14,31304.02
1437,447,2026-06-21 05:06:00,51220.34
523,427,2025-01-05 15:14:23,70074.97
707,442,2025-08-16 11:42:27,14909.15
518,417,2025-03-26 17:32:35,10885.59
940,436,2026-06-11 13:53:09,74661.99
1291,443,2026-02-14 11:12:20,62397.94
1252,415,2025-03-27 00:19:04,49477.81
1238,441,2025-02-11 08:14:06,63873.21
741,420,2025-01-12 14:17:32,82948.26
1005,408,2025-08-24 14:23:57,81817.75
870,431,2026-05-27 18:32:05,29212.31
1026,440,2026-04-18 15:16:34,765.75
854,448,2025-08-07 11:20:43,40613.91
1442,409,2026-02-15 06:34:58,36615.93
1331,437,2025-12-05 22:32:55,6062.53
1078,448,2024-12-26 22:14:24,67781.53
673,407,2025-04-28 04:36:25,11856.13
908,435,2025-06-27 16:38:51,41462.55
647,406,2026-02-02 13:45:50,13911.5
807,413,2025-05-15 08:05:28,47373.58
1301,447,2026-07-15 10:42:31,31588.07
1102,409,2026-04-28 06:45:22,81060.88
839,412,2026-06-17 11:43:47,88832.9
1369,417,2026-05-08 01:15:05,48930.45
728,429,2025-05-22 11:46:50,28306.96
523,439,2025-07-21 12:10:19,51158.78
1461,433,2026-01-24 06:26:37,70032.93
1129,429,2026-02-03 18:58:55,21689.8
1225,449,2024-08-29 13:21:32,32321.2
1160,437,2026-06-01 06:29:38,27231.36
1253,430,2025-05-28 19:46:21,4577.17
505,444,2026-06-28 20:02:43,96280.52
675,435,2025-01-17 16:40:07,23906.63
1326,421,2026-08-04 10:49:34,28227.53
624,408,2025-10-14 20:55:39,20953.43
620,443,2025-01-28 20:03:40,9813.37
1343,439,2025-01-13 03:30:39,77132.13
1341,421,2025-03-08 03:03:11,84118.83
716,436,2026-06-09 22:21:25,31852.09
961,420,2025-05-03 12:23:43,31706.22
566,403,2024-08-21 04:10:39,22903.16
908,450,2024-11-16 02:28:34,93629.57
846,410,2026-02-13 12:52:18,59066.37
1259,432,2024-12-20 07:56:09,74935.94
986,442,2026-04-24 21:40:37,31543.94
621,404,2025-07-12 16:49:14,78375.34
1158,447,2026-04-06 23:40:40,65336.3
1057,449,2026-03-01 01:41:58,46975.09
685,446,2026-05-17 09:44:38,10653.01
1469,419,2026-01-04 17:39:29,77684.71
1424,441,2026-03-31 04:30:27,48209.46
1457,449,2025-10-24 04:44:26,4662.13
1127,406,2025-11-29 15:20:16,83745.31
724,423,2025-10-05 03:32:32,73651.89
1339,443,2025-11-24 03:53:22,3006.41
649,432,2025-04-28 07:34:34,9509.23
1203,428,2026-03-13 15:24:03,80890.36
797,403,2026-06-22 14:00:38,15369.91
1296,443,2025-03-10 23:44:30,54391.01
960,438,2025-02-27 07:20:11,54979.49
881,419,2026-05-27 16:01:52,18007.42
582,432,2025-10-22 14:34:38,16786.73
906,404,2025-11-27 13:13:35,72672.07
1491,403,2024-09-22 20:03:33,6854.49
1129,421,2025-09-01 18:31:12,66387.31
776,402,2026-04-28 19:32:16,67379.45
566,403,2025-11-10 12:01:24,48698.73
1017,423,2025-05-07 18:56:48,12297.59
1232,409,2025-06-11 21:14:32,29286.03
1235,449,2026-07-02 09:51:27,80646.96
1338,430,2025-06-01 18:41:54,38313.22
1049,409,2024-11-27 11:07:05,44619.84
1321,445,2025-12-17 23:44:16,84047.62
1424,408,2025-06-08 00:29:02,66207.55
1383,415,2025-10-01 21:10:12,33406.69
1012,411,2024-10-29 08:08:09,48799.55
1447,407,2025-07-06 17:28:23,31813.89
530,404,2024-08-21 05:11:55,40268.15
1218,417,2024-11-23 00:35:35,11099.65
1424,409,2026-04-05 12:08:30,22981.15
554,406,2026-06-07 21:08:18,31114.29
1377,438,2026-01-03 10:28:49,59339.42
1007,429,2026-03-04 06:39:16,87306.1
1084,437,2026-04-06 06:10:58,98431.99
1277,441,2025-03-07 11:01:22,32923.79
1478,407,2025-08-12 08:51:27,53889.87
1112,423,2025-08-11 20:39:44,90689.43
885,440,2025-12-12 10:37:21,45825.26
1339,404,2026-02-10 17:28:15,37585.32
1098,437,2024-12-12 14:02:44,35169.44
615,448,2024-08-07 22:06:19,18539.08
1451,432,2026-01-02 04:38:01,49895.02
943,425,2026-04-11 16:26:40,69242.83
1162,419,2026-05-26 10:39:16,82405.13
522,420,2024-08-30 04:56:10,10892.01
875,429,2025-05-04 16:05:24,20095.79
1263,431,2026-06-04 06:04:43,98247.04
975,420,2025-05-30 06:57:20,69412.74
1371,415,2024-10-15 13:57:44,47542.08
928,443,2024-09-24 18:22:43,57096.83
1094,448,2024-11-12 15:41:58,70644.87
1379,424,2026-05-12 03:41:43,91190.91
805,427,2026-06-18 21:25:59,74835.15
1408,448,2025-09-28 03:10:13,24550.94
1461,420,2025-05-04 03:00:17,86392.98
1474,425,2025-01-14 07:11:47,1887.36
739,404,2024-09-12 04:48:28,35479.07
692,438,2024-09-01 00:05:39,70608.36
696,427,2026-02-02 00:50:58,10062.86
1195,427,2025-07-26 09:05:17,13105.0
880,418,2025-08-16 15:35:50,39022.3
786,420,2025-11-01 16:20:16,98733.06
1365,421,2025-12-17 03:58:21,56625.46
1044,420,2024-11-14 00:36:02,86975.44
670,445,2026-06-30 23:28:49,28039.89
680,432,2025-09-15 15:36:55,25874.75
1011,418,2025-02-05 21:49:05,44445.48
914,405,2026-05-14 09:55:42,94167.44
560,437,2026-07-09 13:04:04,79651.65
839,407,2025-07-12 18:11:19,47041.99
955,430,2026-01-03 12:44:53,96257.57
535,430,2025-11-18 14:36:01,3636.54
1229,441,2024-09-25 11:30:40,81878.18
917,415,2025-11-19 22:37:22,48871.09
1043,406,2024-11-04 17:40:23,59828.68
1074,403,2025-06-28 21:38:02,47991.38
1461,426,2024-09-12 05:49:47,45603.47
1200,423,2024-12-01 14:11:04,51702.66
965,450,2025-07-26 14:06:55,1501.68
528,409,2026-06-26 22:29:29,56283.47
1249,433,2025-11-20 23:48:18,80291.95
1385,403,2025-08-11 10:04:23,84692.12
1073,416,2025-03-02 09:36:56,17402.55
503,404,2025-01-03 20:57:27,32509.4
1242,427,2024-09-28 10:14:49,29763.59
1295,440,2026-04-06 19:31:03,79321.77
861,423,2025-04-24 13:43:53,99693.97
939,432,2026-04-09 10:15:10,24995.59
962,414,2026-06-18 14:47:44,86815.04
613,402,2025-01-29 12:16:15,68268.1
621,447,2025-09-18 08:57:44,90888.92
1208,425,2025-02-07 01:39:49,76657.82
1135,431,2024-08-24 04:39:28,38889.53
1058,449,2026-05-05 02:45:32,42952.14
1387,411,2025-03-06 15:08:07,79839.4
666,421,2025-09-12 02:53:09,98703.84
655,431,2025-09-27 13:46:09,41975.82
1070,449,2025-04-28 10:02:17,36811.36
812,406,2024-12-09 16:57:36,16416.14
1299,414,2026-02-27 21:27:58,70071.0
645,437,2025-01-11 08:16:17,7491.03
1235,440,2025-06-08 21:26:54,4247.23
604,426,2024-10-31 04:26:42,45032.16
1471,432,2026-02-26 13:05:10,68029.98
733,412,2024-10-10 13:33:02,10931.52
1117,441,2025-10-14 13:29:17,41595.66
1227,442,2024-08-30 09:55:20,72585.0
1068,444,2025-02-05 01:28:17,31615.11
844,418,2026-07-25 23:50:24,71631.52
1387,449,2024-09-08 06:15:36,25927.42
1304,418,2026-03-15 22:38:29,97617.4
1368,448,2026-04-17 17:29:13,7432.97
732,445,2025-06-18 18:39:38,66970.42
770,421,2025-02-19 23:45:05,37352.97
1446,417,2025-11-03 22:32:53,94028.15
1404,402,2026-01-05 08:39:44,65695.11
543,423,2026-07-04 17:58:38,15688.51
634,413,2025-04-19 00:57:33,51003.09
1306,404,2025-01-20 02:11:44,96609.6
677,445,2025-01-07 17:44:20,43036.21
1084,443,2025-06-22 16:07:30,30581.58
1039,443,2025-03-29 04:38:05,85339.85
667,417,2026-02-17 13:31:49,30676.96
625,439,2026-06-10 20:50:06,41156.74
1077,412,2024-09-12 23:00:01,64875.71
1144,406,2025-01-08 19:56:53,59266.9
1461,436,2024-08-25 23:59:57,36170.15
672,407,2025-01-29 06:26:49,71855.33
521,417,2024-11-30 20:42:33,39264.52
1110,425,2024-08-08 19:51:54,56204.72
807,412,2026-04-05 17:05:56,77877.95
611,406,2025-06-03 16:43:06,71169.29
509,421,2025-10-08 21:22:10,68502.25
1054,432,2025-12-05 13:55:42,15887.77
1427,437,2024-11-26 12:12:58,83680.03
587,441,2026-01-07 11:12:51,28860.55
1156,428,2024-12-18 21:58:23,23214.08
1009,438,2025-12-04 23:04:27,96762.68
751,407,2025-03-18 17:49:03,81741.9
1470,446,2026-03-26 05:31:14,57364.88
965,432,2024-09-14 00:21:50,23575.71
1242,419,2026-06-14 15:43:12,28966.34
1155,435,2025-05-10 12:00:50,63582.08
738,440,2025-03-28 22:54:02,50724.5
1087,409,2026-08-06 19:29:39,94232.87
716,423,2025-10-22 20:31:07,47017.75
1146,429,2025-10-20 10:56:09,11379.58
1216,416,2025-03-05 11:02:28,85702.41
700,449,2025-06-08 02:46:11,16714.48
611,450,2025-12-15 08:04:12,3803.8
1218,428,2025-03-20 00:30:06,34168.74
1059,407,2025-07-05 11:36:50,77406.77
692,433,2025-10-21 08:00:09,27702.05
1046,423,2025-08-14 20:53:27,50905.29
1343,408,2024-09-07 23:19:26,78189.75
707,450,2025-07-16 15:57:04,58217.98
997,415,2024-12-02 11:14:48,23347.83
1386,416,2025-05-23 19:18:11,82882.51
1258,438,2025-10-06 16:50:33,25613.19
1119,447,2025-08-22 03:32:32,49352.23
518,450,2026-06-19 23:19:51,45575.6
938,438,2025-11-27 15:10:58,85236.42
1136,431,2024-11-06 23:05:05,73589.15
1439,412,2025-02-02 05:35:56,50681.88
1227,425,2026-04-22 21:57:20,67965.44
644,449,2024-10-01 18:13:02,56680.67
748,431,2025-05-29 08:12:30,32669.26
1245,415,2025-05-23 09:31:31,71367.97
980,442,2025-07-04 23:56:02,10716.81
999,402,2026-01-16 02:03:57,29371.19
1378,440,2026-08-07 16:21:08,19441.91
501,436,2025-05-27 18:24:02,38317.96
643,417,2026-01-11 09:31:27,83844.07
1129,422,2025-08-09 11:41:12,48787.08
651,418,2025-09-16 08:11:53,72025.63
826,406,2026-02-16 19:46:15,3754.46
695,448,2025-08-22 16:48:28,19582.49
892,413,2025-10-17 02:25:10,48573.09
845,410,2024-10-03 13:07:28,55220.08
942,409,2026-02-06 00:07:35,62303.23
875,421,2024-12-25 18:07:10,37820.63
1265,420,2025-06-03 23:31:01,58799.67
1489,406,2025-12-23 13:33:21,18199.6
822,447,2025-05-19 04:15:46,20181.22
580,435,2025-03-05 23:04:20,54221.65
1224,438,2025-01-29 21:03:45,95513.06
1296,416,2025-11-04 13:40:17,56822.01
1325,406,2025-04-01 22:43:56,99854.94
1486,447,2025-12-25 08:14:21,54549.77
1122,425,2026-06-25 07:33:46,47245.2
701,423,2024-08-31 13:21:51,64586.08
932,415,2024-09-05 03:37:20,6086.94
791,442,2025-08-22 02:45:16,68719.05
1109,420,2024-09-09 22:19:51,45753.68
560,444,2025-05-24 00:34:59,81824.79
1247,450,2026-01-03 03:56:25,69952.9
739,408,2026-03-26 09:23:10,78951.54
576,431,2025-04-10 01:32:23,8919.86
549,447,2026-02-01 09:49:31,30606.06
584,433,2025-03-06 15:09:59,25044.07
1017,414,2025-04-11 12:17:28,61929.11
1233,408,2024-11-06 22:08:56,42811.87
1190,416,2025-11-07 16:41:33,97523.08
1152,422,2025-08-02 04:37:48,95433.18
1457,409,2025-02-22 01:12:54,29107.24
731,405,2025-08-11 10:42:23,99021.16
1362,446,2025-10-15 13:31:38,50777.19
1324,401,2026-02-09 17:14:03,58556.51
1322,434,2024-12-06 07:05:56,38185.41
513,420,2024-10-01 06:04:09,29520.66
1463,423,2025-11-12 17:33:53,12581.05
796,413,2026-03-08 21:23:47,77567.27
1097,434,2025-11-09 11:34:39,24593.1
589,445,2026-07-12 15:10:27,10241.98
854,408,2025-07-25 08:33:44,79892.4
1050,412,2026-07-26 03:19:03,30377.84
1144,438,2026-03-07 19:43:57,87453.32
784,442,2025-08-16 04:13:34,60332.06
968,427,2025-07-22 23:23:42,30672.23
598,450,2025-12-19 18:50:19,13757.19
606,419,2025-11-12 10:15:23,84830.92
718,450,2026-07-07 03:38:08,65486.35
924,405,2025-07-29 14:04:14,1043.05
1257,443,2026-05-05 22:31:24,75132.48
1455,439,2025-02-18 18:08:38,32652.9
1460,414,2025-12-10 00:32:40,68437.5
1325,446,2024-09-18 23:30:51,26053.62
864,439,2026-05-23 08:41:49,70046.99
968,439,2026-05-12 20:26:19,41284.56
551,402,2025-07-31 03:31:34,23446.29
1267,418,2025-07-05 20:50:11,89842.02
1432,429,2026-08-02 12:00:31,66643.72
1468,426,2026-04-16 21:28:10,16875.64
1454,437,2025-11-15 23:51:07,99842.33
780,432,2025-06-02 09:07:38,65836.3
1061,421,2025-07-20 14:14:04,45496.22
1491,442,2024-10-25 14:11:13,16023.67
1031,429,2024-08-08 06:31:07,93799.89
1357,428,2026-05-24 08:53:47,55494.9
913,413,2024-12-03 20:57:00,46317.8
511,404,2024-10-23 18:54:17,88949.4
966,440,2026-01-29 04:36:46,91090.96
797,436,2024-09-23 03:08:45,75861.58
593,414,2024-12-22 03:39:36,33116.46
763,417,2025-03-11 07:53:18,23859.67
737,442,2024-11-10 12:09:32,88187.23
591,427,2025-06-30 23:47:30,1150.97
1185,447,2025-02-21 14:29:06,27617.05
1087,420,2025-01-30 21:03:40,89739.08
797,406,2025-04-21 22:52:03,20146.57
982,405,2025-03-09 11:45:09,17257.45
903,431,2025-02-12 18:50:16,51151.56
1333,419,2024-11-15 07:17:25,55199.49
894,436,2026-05-16 23:13:09,74719.56
834,401,2026-03-14 10:44:21,70265.0
1352,435,2026-06-06 11:27:40,42729.02
1332,402,2025-02-20 12:55:14,39111.46
691,408,2026-02-20 06:12:54,90034.82
1313,413,2024-08-30 08:44:53,63399.94
1101,447,2025-10-14 15:09:16,23033.67
526,434,2025-04-21 04:55:54,22839.02
783,404,2025-07-26 12:13:34,28941.34
1496,447,2025-08-29 08:41:53,45320.67
819,403,2024-11-30 22:50:10,28211.89
1068,450,2026-02-27 06:19:11,21369.23
1485,426,2024-11-17 18:59:50,68486.01
858,405,2026-04-05 16:50:13,38100.7
1024,401,2025-07-04 10:54:18,19976.12
1428,436,2026-04-02 20:33:43,99945.09
577,416,2025-05-05 09:10:29,24756.15
585,431,2024-08-28 07:03:05,62317.37
1446,416,2025-01-22 16:26:30,88357.55
577,415,2025-12-04 17:14:14,41169.46
1121,420,2024-12-14 12:43:54,14245.79
1163,420,2025-11-18 17:58:56,85834.03
1214,435,2024-12-10 22:42:37,97085.25
622,407,2025-05-04 11:55:11,95039.4
1205,431,2025-08-16 07:50:09,32158.95
1100,402,2026-03-24 10:52:30,87980.03
1042,427,2024-12-31 13:57:37,52249.94
527,430,2025-06-24 16:33:21,12290.56
660,429,2025-06-24 18:41:02,25112.33
1353,410,2024-10-02 04:04:26,70813.53
842,439,2024-12-07 09:39:43,22244.87
709,405,2026-02-17 18:59:01,6615.07
1343,407,2026-07-29 04:14:37,86516.36
796,438,2026-04-30 05:07:45,49216.16
1385,404,2025-07-21 19:08:41,56388.38
1167,422,2025-08-06 16:03:46,56322.92
974,422,2025-12-10 15:36:49,43070.5
980,428,2026-07-23 05:14:29,73243.45
950,406,2024-09-14 03:12:01,35436.81
1368,401,2025-09-18 17:48:34,85850.28
849,446,2026-01-30 19:59:39,32704.33
1405,407,2026-03-24 00:31:30,18831.15
1415,402,2025-04-07 07:53:21,72996.37
837,437,2025-02-20 20:37:43,90971.69
593,441,2025-01-08 09:52:12,46526.11
1435,428,2026-06-16 18:17:37,72384.86
701,443,2026-06-13 17:46:19,80673.31
988,435,2026-06-10 03:31:36,21036.85
810,401,2026-06-17 03:00:49,93813.76
686,416,2025-07-20 22:40:20,86815.24
595,403,2026-04-06 12:18:05,18993.21
1060,435,2025-10-05 08:57:27,37519.42
1339,422,2025-03-11 23:51:22,83998.26
1380,424,2026-06-28 12:47:06,45209.98
993,409,2026-05-05 11:09:39,36053.0
677,404,2026-06-26 06:52:32,98538.92
1493,446,2025-11-18 07:32:00,18948.8
1499,425,2025-04-14 16:19:38,91943.1
992,419,2026-06-20 20:02:01,73127.43
680,432,2026-03-26 21:58:41,8326.72
1091,449,2026-03-12 11:07:12,19105.14
1449,406,2025-01-17 03:31:48,78437.36
692,407,2025-05-06 15:43:05,51744.7
1427,402,2025-03-21 10:35:07,97490.4
663,410,2025-04-04 19:58:35,82804.63
1118,425,2024-08-08 20:55:45,9734.16
576,432,2025-08-21 21:43:50,63538.05
1401,427,2025-02-09 12:14:11,24900.29
1409,445,2024-12-12 02:25:13,21031.17
1122,434,2025-12-05 17:01:18,67664.26
624,429,2025-12-27 07:00:47,94058.22
816,443,2026-05-18 14:47:58,90512.28
1410,433,2024-11-23 06:21:12,60951.46
1209,410,2026-03-08 09:00:10,66154.32
1390,408,2025-07-07 18:10:26,94655.49
1170,426,2025-01-14 05:19:22,9068.99
731,431,2025-10-06 00:56:40,31716.39
757,434,2024-08-16 23:09:07,36251.43
1189,435,2025-05-13 06:15:08,50468.39
959,427,2025-08-20 22:48:59,96465.61
627,423,2025-06-09 16:07:12,13739.96
595,441,2026-08-05 16:01:32,96252.27
1393,444,2026-05-06 01:58:46,29341.16
860,430,2025-07-16 01:30:23,67873.46
818,446,2024-11-18 12:20:00,37470.98
522,409,2024-11-09 06:25:30,41616.1
1118,417,2025-01-27 22:00:59,12381.03
1388,414,2025-06-25 10:30:12,11716.34
865,401,2026-06-07 06:20:30,93910.0
1211,434,2025-08-15 16:15:20,63125.99
1163,419,2026-06-05 15:24:56,93196.61
1044,407,2025-03-13 00:40:59,49491.92
563,442,2024-09-21 11:18:10,12325.07
1299,408,2025-02-22 12:00:52,41297.04
1243,403,2025-09-14 08:17:20,57089.07
1118,423,2026-02-17 04:40:09,26237.94
508,424,2026-03-12 20:52:47,2328.61
856,404,2025-09-05 06:36:08,22645.1
679,417,2026-03-29 09:58:50,7286.19
1120,403,2026-03-13 11:41:33,31384.15
1169,433,2026-03-07 03:18:08,8072.92
766,401,2026-06-15 09:44:45,64658.53
678,425,2024-12-06 13:09:31,86247.56
647,434,2024-08-19 09:06:34,88026.11
697,441,2024-09-23 17:26:07,57510.5
1171,440,2025-02-27 02:28:10,67575.69
1403,424,2026-04-03 01:20:54,42147.41
921,406,2024-10-13 07:56:44,4444.04
656,405,2025-01-06 17:13:14,51771.18
674,416,2025-11-04 10:59:46,76625.38
823,440,2026-06-17 14:29:26,92530.81
827,440,2025-11-07 10:13:09,40759.39
1425,433,2026-02-28 09:06:23,63112.96
756,403,2025-05-28 00:52:49,61156.2
846,407,2025-08-03 09:31:52,47263.24
837,425,2025-08-13 08:34:37,16457.55
758,434,2026-03-30 01:32:12,34914.5
1051,434,2026-01-10 18:59:03,43056.87
1130,428,2025-04-02 17:56:54,21596.83
884,402,2025-04-27 09:48:03,44496.12
1429,442,2024-10-27 23:07:52,13200.3
1307,431,2025-12-23 00:04:16,23967.45
826,415,2025-05-11 00:12:34,27337.8
1411,434,2025-01-11 09:58:57,73634.52
1062,405,2025-09-29 16:30:15,48811.77
1101,415,2025-04-19 04:28:41,84321.31
1213,405,2025-10-15 04:26:47,61544.58
1322,430,2025-01-28 13:35:49,64315.74
912,404,2025-11-11 05:15:50,42246.68
1395,402,2026-04-06 04:47:58,24565.3
1215,432,2024-10-26 18:05:09,76871.71
1283,447,2026-01-15 04:45:44,7466.71
1368,423,2025-04-27 06:40:15,45475.05
1150,406,2026-04-10 13:18:14,51950.5
1106,437,2025-08-21 11:28:48,40355.73
1096,403,2025-01-02 01:44:55,47183.59
1409,423,2026-02-24 11:33:43,22201.16
808,418,2026-06-01 05:57:13,50908.98
1352,442,2026-01-12 23:05:00,23908.24
1217,433,2024-09-04 14:55:32,70604.14
981,401,2025-08-27 16:34:06,44737.14
759,409,2026-05-15 00:33:53,32877.7
707,423,2026-01-25 12:13:21,73898.1
1127,426,2025-03-15 06:15:00,28734.28
1173,448,2025-05-20 08:37:06,88295.65
1015,412,2026-05-01 04:44:21,11069.16
563,421,2025-09-28 12:28:22,56427.71
535,440,2026-03-07 02:11:03,43420.22
886,405,2025-11-04 13:03:15,66141.98
1205,434,2025-11-04 17:42:01,35424.71
852,422,2024-10-18 14:50:27,15311.25
875,426,2024-10-02 03:58:16,52260.9
675,445,2026-06-07 16:36:32,47429.77
1146,411,2025-07-04 22:46:37,69229.8
696,404,2024-11-15 14:36:43,25774.87
509,412,2025-06-27 16:58:49,63184.81
713,423,2025-08-02 22:49:46,37758.32
1296,449,2025-08-26 12:30:45,76385.29
666,430,2025-08-14 04:32:06,41956.21
971,406,2026-01-05 18:24:06,68517.95
1013,423,2026-06-02 13:49:58,23336.83
949,427,2025-10-29 02:49:59,78894.33
789,409,2024-11-07 02:54:05,83303.74
1155,416,2026-02-16 00:09:52,53150.49
743,402,2025-01-06 20:10:07,53734.55
1106,438,2025-05-02 12:49:58,16921.44
869,406,2024-09-22 16:33:33,24983.43
525,443,2025-10-08 22:52:56,34403.01
650,447,2026-02-27 04:13:39,35431.7
1098,406,2024-09-16 18:20:42,95129.38
646,432,2025-10-02 21:35:39,32747.89
1162,444,2026-04-08 17:16:15,74821.6
513,418,2024-10-18 17:25:57,64181.37
776,431,2025-10-27 02:46:56,66537.64
1278,433,2026-03-13 07:34:41,11226.03
618,419,2026-04-01 07:59:40,52225.29
1167,402,2025-01-13 21:10:11,64263.4
1242,407,2026-03-03 14:25:59,71726.87
784,444,2025-07-03 09:56:19,78491.5
1277,409,2025-09-22 09:25:13,42226.28
1276,419,2024-09-01 03:33:07,45771.45
1388,415,2025-01-28 16:34:23,74968.17
1292,420,2025-08-22 00:24:03,66569.35
1266,435,2025-08-15 06:12:44,50859.38
1414,407,2025-02-09 18:55:46,94831.43
813,448,2025-04-08 11:32:10,51187.95
1298,435,2024-08-09 14:29:37,98724.49
1168,419,2025-09-26 11:27:52,20626.6
751,421,2024-12-07 17:43:06,75439.06
541,412,2026-06-27 04:08:13,4143.94
670,445,2024-12-08 21:05:54,43583.53
1025,424,2024-10-14 03:05:02,5132.3
1126,403,2026-07-14 10:18:49,7688.87
862,409,2026-03-23 06:50:13,83938.09
599,412,2026-05-12 19:59:49,39856.43
635,439,2026-01-28 02:19:58,17009.94
1222,403,2026-06-14 17:08:06,88803.67
886,448,2026-02-02 12:06:32,15081.1
1447,427,2025-06-22 23:08:03,51176.23
1231,448,2026-01-03 07:21:12,34112.74
986,433,2025-01-15 04:42:29,54838.83
932,443,2024-10-29 21:24:30,98076.82
909,416,2024-10-31 05:51:29,1688.0
811,439,2025-05-03 06:04:55,19079.9
1495,450,2025-01-13 05:18:01,27755.84
1305,450,2026-06-24 02:56:52,76165.24
1090,444,2026-04-23 01:04:19,23443.28
609,421,2024-08-22 14:08:38,67985.62
1136,431,2025-10-26 14:02:51,20313.06
1413,444,2025-11-21 06:01:07,13882.76
596,418,2025-02-08 03:24:56,66579.87
965,417,2025-08-06 10:50:43,9625.26
1288,444,2026-03-25 23:08:42,76201.38
1457,444,2026-05-20 11:31:09,19058.51
1259,440,2025-10-06 19:08:14,79005.08
1113,446,2025-02-16 12:37:08,38095.64
616,415,2025-07-01 17:31:36,47305.38
1353,416,2025-06-07 17:23:21,97067.48
542,417,2024-09-07 19:04:33,85416.11
1104,449,2024-11-02 08:18:28,52847.76
821,428,2026-02-07 15:58:56,49087.97
767,410,2025-03-02 16:36:04,4379.15
843,406,2025-12-26 10:55:37,97258.49
1172,417,2024-11-11 01:21:10,53757.63
785,418,2026-04-06 05:07:32,84066.13
1105,432,2025-09-17 01:36:21,8178.37
913,402,2024-12-05 12:13:04,82583.85
505,423,2026-04-05 12:04:52,67711.29
788,432,2025-01-17 09:16:40,9140.78
1494,411,2026-02-06 05:39:05,7931.39
693,415,2024-08-23 08:52:20,18180.73
651,446,2025-02-18 10:07:26,47401.26
595,425,2025-05-23 10:09:58,87650.43
1265,425,2025-01-27 13:10:10,57117.94
1437,447,2025-10-16 23:15:17,64189.33
593,434,2025-06-08 11:05:01,65239.71
1223,408,2024-12-11 21:52:46,49101.95
1108,429,2025-05-05 13:42:31,28371.53
1362,418,2024-12-24 07:13:46,5483.98
1199,403,2025-01-22 18:24:14,89513.43
1497,420,2025-01-22 23:47:28,51898.55
1242,431,2025-12-04 14:31:18,46002.13
1157,416,2026-04-15 01:42:30,12220.15
1170,448,2026-04-27 04:26:37,26622.48
697,412,2024-08-31 15:44:47,13721.31
648,439,2025-02-06 21:51:18,31295.18
1294,446,2025-12-22 02:25:13,80637.32
882,439,2025-12-01 23:29:00,47555.24
813,437,2024-09-07 02:49:10,69729.94
739,439,2025-06-24 09:31:52,45931.46
634,441,2025-01-20 22:31:31,99079.41
930,401,2024-09-25 14:23:47,11051.76
878,407,2025-04-04 10:40:10,67108.41
778,411,2025-02-15 21:01:02,59091.45
681,433,2025-08-16 21:23:58,50979.48
669,402,2025-09-24 07:08:18,93515.19
1401,450,2025-09-03 08:54:37,80253.59
1032,450,2024-09-12 11:16:46,93129.73
660,417,2026-01-17 09:15:04,56525.68
972,405,2026-01-21 12:22:21,57245.62
1061,416,2026-07-16 10:58:47,25532.32
733,448,2024-08-21 14:26:51,89754.73
567,424,2025-09-02 00:47:40,64049.79
889,420,2026-03-24 05:07:25,53420.26
545,408,2026-04-05 19:20:26,90046.96
927,415,2025-08-30 16:26:08,10728.28
1263,438,2024-11-25 01:54:32,73050.97
807,443,2025-03-16 01:59:22,89234.23
854,424,2026-08-03 02:43:25,27203.81
1368,445,2025-07-19 19:29:07,65954.5
1473,414,2025-12-15 15:23:45,76452.79
1497,405,2026-06-03 20:14:53,52020.44
1185,406,2025-09-17 06:04:41,67388.82
859,432,2025-04-30 01:37:41,96284.92
1284,448,2025-02-26 20:54:43,84881.79
671,407,2025-02-06 00:33:11,55855.72
1124,410,2025-01-15 13:52:13,36503.93
915,420,2025-11-01 04:16:19,71124.06
734,423,2026-03-24 10:41:40,42168.25
836,407,2026-01-28 10:15:40,12888.2
824,402,2026-04-19 17:54:20,6779.3
519,407,2025-06-15 13:01:17,92301.51
1299,442,2025-09-14 12:55:38,47945.43
716,445,2024-11-22 06:18:31,79603.0
1030,407,2025-07-17 10:05:10,62990.02
1242,436,2025-11-28 08:31:54,86965.33
556,408,2026-03-06 16:50:46,57730.55
994,419,2024-11-05 01:30:22,45992.42
1354,436,2026-05-04 05:23:40,80372.87
673,436,2025-07-06 08:07:00,48567.95
1326,417,2025-09-05 23:55:38,97001.02
1439,427,2026-03-27 03:08:26,63890.32
1466,407,2026-02-13 19:24:56,32366.85
676,440,2026-03-19 22:04:26,98060.64
1326,418,2026-06-14 01:40:10,19009.17
1035,406,2025-01-02 15:22:57,17968.07
674,445,2026-07-28 23:09:12,47100.13
1144,412,2026-03-25 20:54:32,20909.15
667,416,2026-07-10 06:51:08,1632.05
1056,418,2025-12-29 08:36:45,24422.74
702,419,2025-11-26 17:49:44,20770.68
1271,430,2025-11-19 07:49:19,77175.33
1445,439,2025-09-08 01:54:18,8836.69
1495,415,2026-08-06 05:07:31,56719.39
1111,442,2025-10-06 14:19:36,44536.66
920,437,2026-01-11 14:27:33,78201.78
1139,427,2025-12-01 11:21:39,13168.67
727,430,2026-02-20 05:29:02,3095.02
1094,412,2024-12-15 19:01:30,33832.76
1059,423,2024-11-06 01:22:15,2666.39
1077,443,2025-02-10 01:57:29,81180.42
696,413,2025-09-23 10:45:33,33781.3
736,406,2025-02-26 15:24:55,12386.25
580,430,2026-02-20 09:00:10,57974.24
1136,428,2024-09-08 11:55:01,96446.95
943,442,2024-11-02 17:59:47,9711.1
1173,411,2025-06-06 05:37:40,97781.32
810,426,2026-05-23 21:01:39,19470.1
1050,414,2026-05-08 17:35:06,93893.11
1332,432,2026-05-31 22:13:06,33526.47
1104,420,2026-07-26 23:01:29,3114.06
1340,436,2025-03-17 17:23:32,28261.43
984,402,2024-10-10 04:12:47,41948.96
850,418,2025-12-25 12:39:07,78011.19
1392,419,2025-05-15 07:54:01,74286.11
719,441,2024-09-29 14:52:55,99231.21
990,443,2025-04-14 07:16:20,16404.38
846,445,2026-02-21 11:22:25,48513.56
684,414,2025-06-10 06:22:55,45447.76
1227,424,2026-07-13 02:13:15,54040.93
801,423,2025-07-13 08:42:48,28227.97
643,411,2026-03-07 15:07:46,83203.93
1020,414,2025-01-22 19:57:04,47129.6
1270,441,2025-11-27 06:09:18,47278.29
1178,414,2026-06-13 23:23:26,61319.8
975,445,2024-08-10 03:03:19,1831.71
1288,410,2025-05-16 14:11:58,23893.69
1354,431,2025-11-06 04:42:53,63930.15
664,433,2025-01-16 17:15:21,43794.7
1126,411,2024-12-30 18:05:55,94859.35
1191,417,2025-04-20 04:25:18,68804.94
546,414,2026-06-05 10:20:58,55114.2
1083,413,2025-03-20 04:09:38,50030.27
1124,423,2025-06-24 08:34:44,43729.64
1455,418,2026-07-05 20:19:41,26225.54
1414,438,2026-02-24 05:26:58,82984.47
599,413,2026-06-25 06:09:44,1789.35
907,446,2026-06-05 15:33:16,14607.14
684,414,2026-04-14 16:26:22,9093.67
1339,441,2025-02-14 04:56:10,97350.56
693,421,2026-03-17 23:05:27,82735.09
884,403,2026-06-03 02:13:43,42990.83
1287,413,2026-08-05 09:38:34,10713.34
514,405,2024-12-19 12:23:43,55724.36
636,433,2025-02-07 06:36:34,70240.43
552,404,2024-08-19 00:02:45,13136.1
1277,446,2024-12-12 17:05:22,23535.09
695,419,2026-06-04 03:54:49,55505.25
1372,438,2025-07-21 13:51:45,78073.3
1057,447,2024-11-25 06:56:13,70898.11
1072,436,2025-09-16 09:12:26,99532.7
1246,413,2025-04-18 20:10:10,45916.15
964,445,2025-01-30 00:52:09,22474.62
969,414,2024-09-06 03:59:55,66287.22
694,410,2025-03-21 17:06:08,47960.15
541,436,2026-01-04 22:21:41,15732.44
1438,439,2025-02-04 14:36:40,57577.07
1364,445,2024-09-17 05:52:37,68470.77
548,422,2025-12-05 19:09:38,91543.61
837,414,2025-03-31 17:50:20,84282.84
1114,420,2026-07-15 18:31:28,57224.13
1446,440,2025-02-23 14:40:24,4270.35
1402,427,2024-12-06 14:10:54,48336.39
869,429,2024-11-18 08:38:37,87614.76
709,427,2025-01-02 19:47:18,2682.84
1075,449,2025-02-20 11:45:45,98315.94
797,441,2026-05-28 04:34:07,97056.91
1122,415,2026-01-18 06:40:19,47632.8
1258,412,2026-01-21 13:15:08,32439.89
1431,440,2025-09-28 18:43:40,42097.78
1102,433,2025-11-02 15:04:38,91332.24
806,429,2026-06-20 18:38:51,65117.25
581,429,2024-11-28 13:27:18,70330.45
1183,404,2025-12-04 19:10:09,6990.92
675,445,2026-01-13 07:40:08,64431.32
854,414,2025-10-22 21:05:44,28946.92
1102,424,2025-01-18 01:23:03,28070.13
1133,402,2026-04-24 05:14:52,57551.05
1383,406,2024-09-30 22:42:03,17113.5
762,407,2026-06-11 01:31:45,22568.94
585,421,2026-07-21 15:23:25,88518.99
785,407,2025-11-13 06:47:57,77202.09
1496,418,2025-12-16 18:18:54,29340.36
1177,408,2025-12-19 23:08:12,73201.62
510,438,2024-12-22 06:10:17,25619.01
1373,449,2025-08-01 17:04:44,42465.35
1011,423,2026-01-23 12:10:03,5508.93
1417,415,2025-12-31 03:53:18,31629.82
1144,408,2026-08-06 08:27:52,51513.96
1111,425,2026-07-28 09:53:01,60466.95
898,424,2024-08-13 21:23:34,19142.22
549,434,2025-12-12 14:29:35,14913.51
1438,426,2025-12-06 19:19:03,97295.43
1386,443,2025-12-30 03:54:05,48601.66
503,424,2025-05-12 15:02:13,59985.87
799,407,2025-05-09 12:59:29,76835.71
674,424,2025-03-13 07:52:48,12312.1
768,408,2025-09-18 01:41:30,38791.23
797,427,2026-02-08 03:42:34,3024.71
1460,424,2024-10-09 11:55:28,51666.31
1174,412,2025-11-29 18:43:23,7104.35
890,442,2025-03-15 11:57:31,80699.04
1449,436,2025-11-22 13:27:03,24033.5
618,440,2025-01-26 23:42:55,8805.65
1117,420,2025-06-22 17:56:33,50989.14
888,420,2024-12-23 22:40:30,65056.02
569,415,2025-04-27 06:34:21,30162.7
628,443,2025-01-27 02:15:13,53531.75
1061,448,2026-05-19 08:53:47,72708.29
1278,427,2026-02-01 11:27:15,37126.53
1043,433,2025-05-12 12:19:42,90324.53
820,422,2025-04-23 19:37:15,28102.13
929,435,2025-06-29 11:28:25,10376.3
1129,437,2025-04-27 11:01:25,19616.28
941,446,2025-10-02 17:30:25,30017.42
1149,445,2026-04-26 19:29:45,69722.16
1074,443,2025-07-27 09:54:48,39674.47
538,401,2025-04-13 17:08:19,36813.4
1428,405,2025-02-15 16:42:26,96159.74
1431,435,2026-05-26 09:51:48,70234.47
1366,442,2026-03-09 21:59:09,59920.37
504,440,2024-08-14 00:08:28,68275.78
1323,444,2024-12-13 19:30:42,98148.83
768,406,2024-08-18 11:54:57,86204.5
1330,429,2026-02-08 03:52:01,18465.22
509,446,2026-07-09 23:17:02,43809.25
952,447,2026-03-11 18:37:32,20071.88
1213,407,2025-10-01 00:58:34,81933.79
1434,427,2025-09-17 02:35:43,6968.74
921,423,2025-08-19 15:24:34,72417.43
950,429,2025-01-07 15:48:28,59906.54
939,432,2026-07-04 12:25:02,82115.12
1394,404,2026-05-05 20:17:55,62430.86
529,444,2024-11-01 13:38:36,40547.5
991,407,2025-07-15 09:16:28,67820.49
1386,418,2024-12-13 13:44:10,36541.36
980,447,2024-12-12 14:12:00,13855.79
1347,441,2025-10-15 20:50:35,63557.61
1118,439,2024-10-05 18:35:43,6514.49
875,430,2025-07-18 14:05:23,51345.82
1229,449,2025-05-10 20:01:28,77822.36
1499,408,2025-07-27 17:21:46,10847.24
686,429,2025-09-11 19:04:34,7698.79
1250,417,2024-10-24 09:21:41,91190.51
714,422,2025-05-12 08:17:34,23974.04
811,441,2025-05-11 01:07:43,91017.63
1066,401,2026-02-26 04:45:11,38872.71
570,422,2025-02-20 15:26:40,11428.97
1115,436,2024-08-20 21:36:00,47810.18
579,440,2026-02-25 21:13:06,9000.39
692,408,2026-03-01 00:08:08,36493.57
1154,406,2024-10-29 05:57:18,17451.51
667,429,2025-11-20 12:28:25,58344.31
1047,412,2024-08-31 04:35:01,84731.68
1422,412,2025-07-19 12:34:25,93945.76
510,430,2025-09-15 00:59:09,69039.26
725,418,2025-02-24 00:17:06,19672.74
1324,432,2025-09-19 15:26:35,55189.32
718,439,2026-03-29 15:23:29,43882.86
1430,450,2024-11-01 08:00:36,21076.76
592,425,2025-12-03 05:22:41,50622.06
1263,435,2025-10-22 05:13:13,40796.18
1438,413,2024-11-06 20:04:19,21811.49
689,433,2025-03-16 11:08:22,11705.19
1139,444,2024-11-05 03:02:56,46246.28
1101,437,2025-04-07 06:42:12,4223.22
1248,411,2025-09-09 05:05:56,58675.49
993,425,2026-04-23 00:01:50,42871.59
931,407,2025-09-16 20:51:01,24907.48
1044,410,2025-04-19 17:44:49,89150.16
789,401,2026-03-19 10:40:57,50295.44
1225,405,2025-10-02 11:17:01,12318.4
1212,424,2024-09-03 00:22:53,63375.47
592,443,2024-10-05 19:52:23,35831.1
1487,447,2025-01-09 08:53:38,78105.24
736,426,2026-04-09 23:48:41,62926.66
883,426,2026-07-03 23:21:51,3059.2
758,409,2026-02-13 15:21:43,53348.27
1180,446,2025-11-28 21:34:32,65098.43
1054,432,2025-10-16 08:21:21,19035.92
1035,417,2026-04-18 11:18:15,90827.46
1349,443,2025-02-07 04:16:47,67108.56
1145,431,2024-09-18 13:18:48,82027.58
1330,424,2025-06-09 19:58:13,43908.76
578,431,2026-05-09 15:54:15,32586.3
1234,401,2025-06-24 03:53:49,63002.31
936,406,2026-08-02 18:55:59,2869.37
909,407,2025-02-04 12:41:58,35947.57
1291,422,2026-01-24 17:32:46,4682.64
1382,418,2024-12-17 05:26:06,80018.1
533,410,2024-10-30 01:00:44,44596.87
678,441,2026-01-18 03:58:12,76011.6
1185,432,2024-11-05 00:33:55,14677.23
788,411,2026-04-27 14:52:13,99019.65
977,435,2025-06-09 01:08:58,58407.77
1042,422,2024-09-29 03:35:11,34535.27
1219,440,2025-04-30 11:28:18,87936.24
912,403,2025-07-12 17:16:54,88460.52
1421,431,2025-01-26 10:00:04,45614.71
811,405,2026-06-15 19:41:19,88287.17
780,435,2025-03-29 05:46:52,23996.01
1497,432,2025-09-16 03:14:23,36168.29
686,424,2024-12-07 08:42:36,80788.9
651,431,2026-08-02 07:09:32,51660.93
649,439,2025-07-20 05:09:09,11342.93
849,429,2026-03-19 20:50:02,63571.83
609,431,2024-11-21 23:15:09,21624.26
1148,442,2025-09-03 19:51:41,68296.2
898,437,2025-11-22 05:20:18,48499.14
538,412,2025-07-11 23:04:49,19211.29
1158,432,2025-03-25 08:52:50,86018.31
1182,441,2025-12-07 20:09:23,40983.58
829,434,2026-07-19 13:52:14,79706.2
1231,435,2025-06-17 21:33:14,90945.32
1074,414,2025-11-29 21:47:08,21736.85
1212,411,2025-09-20 17:23:27,47671.39
1090,448,2024-08-19 11:38:38,80247.58
1389,403,2025-05-14 17:08:39,88207.43
1257,426,2025-07-24 15:19:57,40211.14
1436,442,2025-09-18 12:21:43,7569.04
544,433,2025-10-18 05:55:20,70497.09
561,416,2025-04-26 00:13:01,12388.22
611,433,2026-07-14 03:01:30,49190.2
698,447,2025-12-05 15:35:17,71586.53
867,409,2024-11-01 00:52:59,38246.31
1447,411,2025-10-26 03:45:35,33495.32
1204,426,2025-04-29 18:04:18,37925.32
1456,430,2025-11-30 23:35:58,95554.57
754,418,2026-03-04 08:31:37,38272.06
787,416,2024-10-31 17:32:20,11407.37
814,440,2025-05-24 02:12:53,56985.21
1220,411,2025-09-10 20:54:15,23022.77
809,428,2025-02-15 07:31:01,19897.91
541,443,2025-06-20 23:23:42,77722.21
924,423,2025-02-06 15:43:52,11670.38
578,423,2024-09-12 07:02:03,27473.79
993,409,2024-08-18 04:39:45,7834.57
1140,417,2025-10-07 20:14:08,16702.21
1157,421,2025-08-12 21:03:36,4218.37
790,429,2024-10-29 02:29:28,41108.72
514,427,2026-08-04 03:01:54,21144.34
1343,427,2025-05-22 23:45:44,60347.28
789,437,2025-09-02 06:48:17,40667.45
532,445,2025-08-03 19:25:04,19445.65
813,429,2026-02-08 18:40:08,88439.84
1443,416,2024-08-23 07:52:11,86680.59
696,432,2025-02-15 23:03:17,21579.35
1273,435,2025-05-04 08:12:59,92685.52
820,419,2024-10-24 16:59:54,93353.1
1489,440,2025-08-08 06:52:02,34083.94
1352,433,2026-06-24 10:09:27,68769.12
562,427,2024-12-05 14:39:51,99911.91
952,434,2025-02-15 01:03:10,6901.19
1260,420,2025-10-20 22:30:10,585.6
1142,441,2025-03-07 02:37:06,52879.74
1432,448,2026-01-26 03:51:33,97955.94
1232,410,2025-01-21 01:20:23,88567.56
1477,402,2024-09-17 04:08:19,42125.13
1139,415,2026-01-14 15:39:41,82778.07
1206,445,2025-12-07 14:04:38,60974.84
1371,441,2025-06-28 08:30:50,64032.83
526,409,2024-09-27 01:29:22,29980.66
735,436,2026-01-01 16:21:11,58363.0
1263,437,2024-10-20 05:45:29,18733.74
1391,409,2025-07-14 01:51:46,29523.6
807,438,2025-08-12 12:45:10,767.55
982,406,2025-03-05 19:49:58,19777.96
516,421,2025-12-25 18:30:33,32486.83
1012,409,2024-12-31 15:26:36,43446.63
707,446,2026-02-27 13:42:27,92597.0
1101,450,2024-08-17 18:57:54,43139.94
1234,441,2025-09-12 17:08:27,71105.02
1285,417,2026-06-26 13:50:55,11045.58
1105,423,2026-01-21 20:22:39,37042.28
1330,411,2025-10-09 02:49:44,20565.04
1097,404,2024-09-18 02:06:03,63779.91
1138,405,2025-10-26 02:57:45,86146.67
750,437,2024-12-27 01:01:29,81307.68
1419,403,2025-10-27 05:05:41,37114.8
1259,445,2025-02-04 03:28:26,55056.47
784,403,2025-03-19 19:26:34,95099.49
1261,449,2026-04-23 21:49:03,42473.14
1080,433,2025-07-01 19:01:36,10727.86
612,403,2026-07-20 18:34:10,19415.35
1452,406,2024-09-19 03:33:20,28048.1
514,422,2025-12-25 05:15:19,10001.89
833,401,2025-08-27 11:02:33,93090.12
684,402,2025-09-02 19:00:37,17696.56
1417,408,2026-02-02 16:04:32,54418.98
1348,448,2025-02-13 21:21:11,40866.25
1454,444,2025-10-27 19:44:23,86456.85
993,410,2026-01-10 13:55:50,19476.25
1294,444,2025-01-06 13:31:48,10657.85
707,430,2025-03-11 23:47:26,78588.64
707,433,2025-10-10 06:19:21,6421.4
1432,416,2025-05-03 00:07:07,98351.73
685,407,2026-03-04 16:04:44,66854.01
901,417,2024-12-05 23:36:37,93606.78
1284,440,2026-07-03 02:35:55,35332.87
1333,423,2025-08-12 23:29:36,81679.44
906,415,2025-03-27 17:10:51,84170.64
677,439,2026-07-11 19:25:41,35481.84
1400,440,2026-05-27 19:18:28,11154.91
722,443,2024-11-28 16:44:25,3847.76
702,424,2024-11-13 07:06:43,14231.61
1403,424,2024-11-18 13:51:51,8622.43
709,446,2025-02-17 21:47:15,56886.66
728,423,2024-10-03 01:22:46,49833.36
670,442,2025-04-24 23:45:49,62037.39
1009,433,2026-05-31 12:00:52,89723.08
772,445,2026-03-23 23:52:43,76789.44
1186,431,2025-12-30 15:48:10,83889.48
856,437,2024-08-15 19:32:17,4696.97
635,408,2025-10-27 02:07:28,19575.36
1499,443,2025-07-02 13:35:01,24331.44
509,414,2025-08-25 01:40:06,62135.86
1002,436,2025-09-12 06:38:55,73475.43
1097,428,2025-02-08 21:13:19,94583.81
1288,402,2025-12-14 13:41:41,85044.68
609,401,2024-08-27 17:08:04,62235.99
1407,444,2024-10-10 10:21:14,7046.17
509,407,2025-11-03 04:57:58,65812.79
533,432,2026-01-12 20:58:17,12114.44
798,435,2026-05-04 05:37:23,97295.62
1164,411,2026-03-28 02:37:55,84468.35
939,433,2026-02-25 08:21:24,10330.14
931,425,2026-07-28 14:11:12,79834.6
1117,419,2026-01-28 16:13:53,72520.85
1428,433,2025-07-05 23:00:25,88471.34
1091,421,2026-05-09 08:50:07,65754.28
876,418,2025-05-17 18:01:26,60325.83
1231,429,2026-03-21 12:45:13,79843.92
1305,427,2025-10-16 18:34:55,16058.13
1098,442,2026-07-09 13:59:27,36296.84
572,406,2026-06-19 21:37:27,5301.63
736,410,2025-12-13 06:30:47,35373.67
568,450,2026-01-15 23:50:15,15842.63
547,402,2025-03-05 04:26:06,87391.28
764,425,2025-03-15 08:36:32,20741.87
884,404,2025-06-23 10:55:44,58594.98
622,447,2025-06-21 22:02:21,63605.16
1092,432,2025-06-27 14:12:36,21988.35
1304,423,2026-03-18 07:50:58,34473.87
1461,442,2026-05-25 06:58:18,11735.51
1295,429,2026-03-21 02:30:04,35480.38
801,403,2026-06-13 03:19:32,11240.37
515,427,2024-11-04 03:32:33,45317.39
676,403,2024-11-24 02:08:30,22341.37
722,405,2025-02-03 00:06:53,49477.5
1452,445,2024-10-26 00:05:40,92383.65
508,450,2025-04-27 11:37:01,57838.54
830,419,2026-06-23 04:44:13,50774.37
626,402,2026-05-11 04:41:54,75679.57
1492,419,2025-10-24 20:18:14,54440.1
921,408,2026-05-14 13:46:22,10030.03
1479,404,2026-04-07 20:11:33,28824.06
1132,427,2026-04-24 10:47:25,50268.04
1162,445,2026-07-20 16:58:13,9957.25
653,443,2026-06-13 17:53:53,87088.26
1111,435,2026-06-10 13:54:52,70814.03
933,407,2024-10-29 03:26:45,40661.68
1155,438,2025-01-27 23:07:11,7224.48
1341,403,2026-06-04 19:11:30,67315.4
1138,411,2025-09-29 12:29:08,88197.93
1162,410,2024-12-12 12:29:01,15898.18
560,415,2026-01-18 08:54:16,86928.46
620,429,2025-03-01 23:56:14,9687.07
1163,441,2025-12-17 21:18:19,60894.01
1014,405,2025-05-08 15:58:52,22008.79
702,432,2026-01-27 08:10:40,19402.26
931,420,2024-08-24 00:44:08,30089.54
856,411,2025-08-05 08:23:26,16691.19
668,412,2026-06-26 00:55:54,36903.07
1213,431,2026-03-12 23:59:13,61511.55
1186,439,2026-02-27 16:32:24,51772.02
769,419,2024-09-29 18:33:38,42003.93
881,429,2026-06-04 18:57:39,29229.3
774,409,2026-03-14 01:06:03,51267.38
1183,437,2024-11-07 20:25:46,16425.88
898,411,2025-10-09 14:14:26,61054.81
1299,402,2026-06-23 15:14:57,47939.05
805,435,2025-03-13 06:08:15,83970.94
641,442,2025-08-13 19:35:47,40576.18
603,429,2025-06-10 23:31:58,50728.39
609,408,2026-07-26 14:36:30,55156.98
1422,448,2025-03-11 02:58:47,81417.34
930,432,2024-09-08 12:26:48,15088.97
695,432,2024-11-12 13:27:25,86252.14
563,435,2025-11-26 11:47:14,7109.7
1435,424,2025-02-26 14:13:55,46429.24
815,406,2025-09-21 01:46:52,24674.39
1188,435,2026-04-13 07:07:34,82765.85
1449,421,2025-09-17 23:44:03,52254.31
822,428,2026-04-27 10:51:02,20148.55
904,421,2025-05-19 07:05:44,46616.58
899,413,2025-10-28 18:44:31,17815.86
683,446,2026-07-18 06:13:25,59279.13
1001,440,2026-03-30 11:02:04,86761.33
562,430,2024-11-09 23:14:36,72052.82
1230,438,2026-03-24 10:54:09,31987.79
1020,446,2025-05-27 23:58:05,66128.86
1370,446,2025-05-22 23:38:58,97583.58
763,403,2025-01-12 09:27:34,2529.73
807,407,2025-07-16 22:07:26,78528.66
605,413,2026-07-22 00:46:33,51031.15
1006,416,2026-01-02 13:31:05,21171.25
1268,435,2025-02-24 21:08:12,23955.38
1347,408,2025-09-10 02:45:59,29145.15
587,423,2026-06-12 01:42:40,26358.03
1456,425,2024-10-14 05:07:42,86378.46
963,420,2026-04-20 03:14:36,84603.39
983,404,2025-05-18 15:22:55,95458.6
544,430,2024-12-22 09:47:48,13996.42
563,443,2024-12-25 18:01:40,8300.05
952,425,2025-08-05 14:27:17,6140.62
691,414,2025-08-08 00:56:31,55032.84
828,440,2026-05-04 12:00:12,17612.0
1070,402,2025-02-08 12:49:18,5832.11
980,412,2025-06-27 09:36:13,69384.43
1074,427,2026-02-02 20:32:46,85641.85
1137,412,2025-04-27 06:55:45,86004.24
961,446,2025-11-13 09:15:57,44775.18
1332,436,2026-01-07 20:54:46,65870.3
606,437,2025-03-11 01:04:45,90799.88
1399,432,2024-10-20 06:10:00,56878.6
1418,448,2025-07-19 13:45:12,52883.7
992,421,2024-08-15 20:46:09,52905.06
837,401,2025-10-11 04:16:31,60955.95
871,407,2025-10-29 12:15:15,54824.02
1384,403,2024-12-01 19:30:27,68454.84
901,423,2025-09-05 22:05:01,20837.36
1360,422,2025-03-29 12:36:04,98340.59
991,442,2026-03-21 05:41:42,37593.72
1495,416,2025-10-05 18:42:11,6512.14
1057,436,2025-09-05 21:29:29,26406.76
1337,401,2025-10-01 21:16:36,75541.92
989,423,2025-07-16 07:10:07,9111.45
1206,410,2026-02-24 13:55:15,43009.86
564,430,2025-02-24 22:29:08,38661.15
522,449,2026-03-31 20:44:53,56237.18
898,443,2025-06-28 18:54:01,66754.43
1492,441,2025-03-24 12:43:34,43761.72
813,415,2025-11-10 21:47:37,81438.2
633,410,2025-06-07 17:18:14,8733.5
1285,436,2025-04-03 04:29:00,90934.85
906,405,2024-08-26 21:01:07,88313.87
1381,436,2025-08-22 16:00:35,532.58
738,434,2025-12-11 05:51:05,30009.11
856,412,2026-07-03 10:36:03,9634.93
620,431,2026-02-10 09:54:45,25014.42
1094,443,2026-05-11 07:52:01,71640.94
590,410,2026-06-13 02:03:46,7590.41
1355,450,2024-10-26 08:23:40,50338.22
769,403,2026-07-17 18:51:01,85161.61
591,406,2024-09-18 18:53:48,42514.95
1027,409,2026-06-02 19:03:21,97331.7
985,439,2025-08-25 12:33:33,83104.94
1072,438,2025-03-17 08:02:39,48436.24
1134,411,2026-05-02 16:15:22,81266.64
1081,404,2025-02-02 14:14:39,30969.01
958,445,2025-08-10 02:55:59,69108.13
1049,418,2025-01-24 16:02:42,45569.29
1001,409,2025-11-25 15:51:01,77370.0
1276,419,2025-04-30 21:00:37,81987.53
1261,414,2024-10-13 15:56:21,5838.26
716,404,2026-02-27 15:50:21,37685.21
739,423,2025-12-15 18:25:18,1429.32
1332,410,2026-02-01 05:15:03,16027.02
1271,428,2024-09-09 18:56:40,50080.27
692,449,2025-06-24 19:05:05,43168.62
664,438,2026-05-15 20:33:07,17416.0
1187,426,2025-12-26 08:59:45,68278.32
1053,404,2026-01-27 03:09:36,506.4
704,427,2025-07-07 08:02:58,6456.99
1452,420,2026-08-07 15:55:31,88980.88
588,445,2026-05-27 02:24:29,57785.52
1433,406,2025-09-09 15:21:04,5739.15
1257,415,2026-07-28 17:58:34,52902.15
857,428,2026-02-27 05:38:16,90654.57
980,427,2025-06-03 17:54:49,17422.84
1104,413,2025-07-04 20:42:19,96925.16
993,431,2025-03-11 06:04:06,97773.93
1459,430,2025-11-01 21:19:06,73583.19
944,444,2024-12-29 14:06:03,42891.98
1213,433,2025-12-17 12:50:10,78353.66
1052,424,2026-06-27 02:57:41,29750.85
1260,425,2025-08-18 15:08:17,86721.16
600,441,2025-03-12 19:36:14,28375.11
594,423,2025-02-13 03:34:56,10308.68
1484,431,2025-03-20 15:50:41,37020.98
1025,404,2025-09-24 16:08:56,3382.78
578,427,2025-11-20 08:04:57,95977.66
1183,446,2025-03-15 14:24:41,59592.66
1235,420,2025-10-14 13:15:26,70407.03
1468,408,2025-11-27 14:48:22,29813.71
948,446,2026-03-17 20:27:22,61858.64
1312,440,2024-12-01 19:20:59,12540.31
1063,430,2025-10-25 12:13:16,53682.69
1353,404,2025-09-03 03:48:38,17454.59
560,429,2026-04-24 21:07:07,84177.17
1401,414,2024-10-19 10:07:36,1496.51
619,435,2026-04-21 13:42:18,90320.13
861,409,2026-07-18 01:43:27,11834.38
981,408,2025-11-02 00:26:20,64510.63
901,416,2024-11-14 07:31:41,17031.03
1394,416,2025-09-15 08:06:36,51223.89
787,401,2025-08-24 15:03:29,4845.92
768,443,2025-07-22 06:10:46,18921.09
973,402,2025-05-09 12:00:37,86924.65
788,435,2025-01-26 11:15:26,90728.93
1492,407,2024-11-17 21:03:47,21022.21
1059,447,2025-08-25 06:54:10,21650.96
1235,436,2026-07-01 18:58:31,97795.68
888,432,2025-06-05 13:19:40,41263.09
1011,418,2026-02-12 23:12:36,28985.53
1448,406,2026-07-23 08:21:26,23297.64
1251,416,2025-11-29 06:36:41,30313.12
805,404,2026-01-05 03:12:46,97778.71
1084,419,2025-08-31 19:21:06,15512.51
748,444,2026-03-27 19:31:39,27053.57
1016,418,2025-02-11 21:11:51,7863.4
670,410,2026-01-07 17:20:58,16160.1
1468,405,2025-12-27 22:54:25,30021.52
1151,428,2025-01-15 01:34:49,88742.08
1186,401,2024-10-11 00:10:53,48922.93
793,420,2025-11-07 17:12:53,17944.49
1156,410,2025-09-03 10:29:54,26861.85
1007,401,2025-05-09 20:01:22,56900.72
699,418,2024-10-31 07:52:33,56968.27
652,402,2025-09-16 11:09:01,87611.78
929,401,2025-07-12 21:12:16,83463.73
1460,426,2024-11-09 12:05:01,58508.31
1222,449,2025-11-13 10:51:33,57451.85
513,441,2024-10-05 05:01:35,93679.59
1473,414,2026-01-10 09:17:03,38131.41
1292,438,2026-06-22 06:11:14,93457.91
1432,418,2026-02-07 10:35:56,44729.31
675,441,2025-11-13 15:30:14,92810.99
1025,434,2026-01-27 13:33:02,95436.78
744,408,2025-11-04 03:45:18,93481.94
834,442,2026-08-06 02:01:43,35995.12
1241,419,2025-11-09 18:48:51,15728.92
1246,425,2024-08-14 12:48:09,44883.61
869,432,2026-04-15 07:50:53,35656.21
942,409,2025-01-13 08:24:14,10422.79
764,407,2025-05-05 03:12:21,66308.83
999,442,2025-10-26 06:18:54,55263.46
989,446,2024-10-26 06:19:58,54728.47
678,450,2025-12-21 23:28:24,31154.37
1208,436,2024-08-25 06:17:00,69701.65
876,406,2025-04-23 16:19:03,13098.81
1238,409,2025-08-15 20:19:17,29703.74
517,425,2025-11-21 19:36:18,49896.75
1244,416,2026-01-05 19:14:44,72762.65
895,410,2026-07-10 07:27:33,16255.72
919,437,2025-06-05 09:13:19,39693.78
1348,450,2026-01-31 18:10:09,19390.74
866,434,2025-03-13 13:23:34,99581.63
521,436,2025-09-19 18:43:21,3551.63
1372,443,2026-07-04 21:56:51,37682.75
1469,417,2024-10-10 14:44:21,58869.61
1011,414,2026-03-28 05:38:33,87100.94
1387,431,2024-11-24 13:24:31,33444.59
1121,428,2024-11-06 13:27:29,91611.37
989,436,2024-08-11 08:09:28,98909.75
630,409,2025-08-09 04:08:38,75438.96
1280,450,2025-03-18 07:50:13,24681.48
617,401,2025-12-15 20:40:57,77708.82
1154,423,2025-02-17 15:16:15,99130.43
1102,435,2024-11-27 22:02:17,43001.25
1402,436,2025-02-19 12:53:25,92655.38
792,411,2026-01-16 03:21:12,80094.61
975,440,2025-01-18 13:13:40,50672.32
695,433,2025-12-02 15:32:45,50533.1
1164,408,2025-02-08 22:42:39,14189.36
532,436,2026-06-23 04:58:57,19073.01
1463,448,2025-06-15 13:12:27,98373.97
1393,445,2024-08-24 00:24:21,91299.99
553,443,2026-03-30 20:54:59,89978.58
506,407,2024-11-03 15:49:25,97614.16
556,416,2025-06-06 05:44:05,41383.5
1168,444,2024-09-15 18:07:45,97599.89
1470,412,2026-08-07 00:39:16,5783.94
1278,414,2026-07-23 02:00:44,74472.17
648,446,2025-12-03 05:52:27,15119.58
528,409,2025-08-14 14:30:07,97821.9
663,426,2024-10-06 11:05:19,36898.64
1191,425,2025-04-30 23:25:14,15282.69
502,448,2025-08-02 19:19:26,73685.42
858,406,2025-10-27 22:36:33,14719.82
1363,425,2024-10-28 22:47:44,64873.37
785,443,2024-10-28 14:46:39,39648.11
992,436,2024-12-19 14:32:44,97848.69
590,434,2026-08-04 14:13:17,76554.03
1080,418,2025-09-16 20:47:54,46290.77
999,423,2026-04-18 00:12:31,64485.02
938,416,2025-12-27 06:18:22,11120.26
1031,445,2024-12-14 16:45:14,59363.26
1028,422,2025-05-10 10:26:22,77483.17
1235,435,2026-02-08 22:05:16,16798.2
762,425,2026-03-01 11:49:28,81459.02
979,434,2025-02-26 07:20:01,20983.24
535,422,2026-02-20 04:20:15,90814.89
812,449,2025-10-18 21:29:26,9558.74
1017,447,2024-09-16 08:39:12,83474.9
1163,440,2026-07-22 12:40:39,88404.66
546,407,2026-01-21 13:07:34,49914.53
1286,435,2025-06-30 18:20:23,74550.81
501,446,2025-10-15 01:45:00,60218.64
1025,423,2024-12-09 13:42:24,71936.19
943,439,2026-04-03 18:43:30,3076.22
1463,426,2025-11-27 08:10:53,98429.03
1165,426,2024-12-23 08:23:17,98252.81
530,406,2025-05-26 10:24:54,33471.67
957,427,2025-11-07 23:57:32,51033.07
1395,407,2025-09-05 11:01:14,95466.27
1383,409,2026-07-31 18:43:19,32152.73
1055,431,2025-01-20 23:23:16,9274.27
1258,410,2025-06-06 01:21:43,14587.49
1153,414,2025-12-24 08:24:14,55049.87
507,405,2025-02-19 02:53:01,20470.26
1002,435,2025-11-27 20:17:06,80395.38
959,426,2025-08-07 16:07:55,37416.66
556,408,2025-08-20 19:57:55,59921.51
764,418,2024-11-23 04:34:49,28578.26
916,402,2026-01-06 08:10:10,55221.84
538,426,2024-08-09 18:31:22,26107.38
1182,443,2026-07-10 10:14:32,18745.48
520,410,2025-01-09 22:26:18,6273.79
1207,428,2026-01-07 01:10:02,41194.7
1443,450,2025-09-15 05:26:24,36267.92
1037,403,2024-08-30 11:11:24,20545.34
1092,404,2026-01-29 16:35:22,3540.81
543,401,2026-02-24 18:20:41,59885.97
1183,409,2026-07-05 08:45:41,89612.52
549,412,2026-01-25 05:46:13,34869.39
718,442,2025-04-04 17:51:49,42124.43
780,411,2025-10-26 22:29:20,97989.62
756,412,2025-08-06 04:30:55,59372.0
943,445,2026-03-21 11:47:50,55906.04
1210,450,2024-08-17 19:11:35,64094.69
863,408,2026-02-16 20:34:00,5875.21
1196,445,2024-12-30 19:37:33,36537.85
528,401,2026-01-08 11:34:15,39173.8
1444,402,2025-03-04 04:49:11,42605.77
587,406,2024-10-25 13:00:20,83229.74
1035,414,2025-05-26 11:40:19,21776.84
1456,409,2026-07-23 18:01:26,70675.38
1465,437,2025-04-19 04:08:31,44381.94
587,443,2024-10-18 18:11:26,54560.8
797,401,2026-02-10 19:49:09,14538.92
1069,426,2026-07-31 07:50:22,69816.63
599,402,2025-06-05 21:00:03,19603.0
532,445,2026-07-25 03:53:43,64072.99
1166,427,2025-10-12 19:17:01,57339.74
1097,405,2025-04-25 04:21:50,21873.1
578,429,2025-03-06 00:01:13,59973.68
1291,417,2026-06-18 09:04:26,13459.06
1206,445,2026-07-26 19:56:27,85214.88
946,448,2025-03-13 13:37:48,56467.12
1245,406,2026-06-13 02:04:34,34059.92
643,401,2025-06-08 15:03:52,89046.99
1160,444,2026-07-01 06:49:40,42567.58
610,419,2025-01-02 09:56:13,68651.62
548,436,2026-05-22 01:45:40,6145.51
1431,422,2025-05-17 20:16:16,11774.07
1424,428,2025-06-14 09:49:46,1707.86
1479,417,2026-04-14 09:25:16,88420.34
812,444,2026-04-01 13:35:19,83628.01
587,403,2025-09-28 07:07:38,91206.28
1243,410,2026-01-01 07:15:08,98816.39
1494,425,2025-10-14 19:35:33,96621.06
1108,431,2025-02-11 11:18:23,47376.38
1002,434,2025-02-22 20:51:27,82904.87
1425,425,2025-05-06 16:39:39,45300.55
519,445,2025-08-16 17:44:09,8911.91
1315,438,2025-05-10 16:25:49,47348.62
1362,441,2025-11-20 21:58:35,97538.23
1158,440,2024-09-12 07:42:59,97185.22
1080,401,2025-07-22 06:41:30,34330.49
1150,411,2025-03-13 07:25:57,46667.09
602,403,2025-11-23 00:13:19,5674.65
553,434,2025-10-16 03:38:22,4582.05
987,431,2026-06-08 08:15:56,24372.63
705,408,2024-09-21 18:52:41,73082.97
1443,417,2024-11-25 15:38:27,49894.0
910,410,2025-04-07 02:07:31,42125.14
981,438,2026-03-09 16:30:56,39585.21
1417,426,2025-01-04 08:24:22,80959.09
803,435,2025-06-17 14:50:09,84405.7
793,428,2025-04-26 16:54:20,17602.24
690,415,2026-07-24 10:40:20,51702.36
1064,436,2025-09-21 04:00:01,1301.1
934,416,2025-10-27 02:19:59,79268.21
578,434,2025-06-21 06:25:58,73748.4
1067,444,2025-11-15 07:24:56,69198.14
1308,426,2025-12-31 11:05:24,36275.35
1172,410,2025-09-11 23:49:40,13087.34
1008,433,2025-08-08 15:49:44,13758.92
648,411,2025-08-12 15:15:58,32214.44
1231,428,2025-07-03 07:23:03,50572.04
958,448,2026-02-20 04:10:32,23501.22
787,419,2025-12-21 08:24:34,81471.51
885,409,2025-06-09 17:00:22,10369.38
579,402,2025-11-08 07:17:03,45099.97
680,415,2025-09-18 10:27:16,81117.03
617,409,2024-11-25 14:34:46,55392.44
1115,438,2025-06-12 22:23:33,5466.41
1232,432,2025-12-19 11:01:47,12267.07
1427,442,2025-05-13 10:37:04,64792.64
517,405,2026-08-03 02:27:46,53510.34
1479,414,2026-01-09 21:35:28,51810.68
666,408,2026-04-25 05:51:22,99853.48
688,410,2025-03-26 05:13:20,22348.49
774,440,2025-07-04 15:59:15,75284.11
1167,408,2025-02-24 22:51:45,68856.39
774,448,2025-11-02 23:29:27,44563.66
1294,444,2024-08-09 06:09:32,24220.53
1395,420,2025-06-17 03:46:09,76568.26
1437,412,2026-06-01 07:11:29,51958.05
671,406,2025-10-27 09:31:54,76151.41
1424,415,2025-04-13 13:16:01,68170.42
865,404,2025-02-13 19:37:14,6369.89
776,402,2024-11-13 12:27:35,47347.34
1234,418,2026-05-23 15:27:12,5973.66
962,450,2025-06-09 10:58:07,89654.35
865,413,2025-02-23 14:57:26,1326.58
779,438,2025-10-25 05:27:09,1148.66
1078,406,2025-01-15 07:53:09,42476.93
739,426,2025-10-31 07:48:19,64674.12
725,401,2025-03-14 10:24:51,10804.77
1353,422,2025-09-06 03:06:11,13715.64
1384,447,2024-09-21 01:54:47,13055.97
934,429,2026-07-13 09:03:55,39576.94
892,434,2024-09-29 18:14:43,57241.27
514,440,2024-09-16 17:48:29,32900.36
1239,441,2024-12-28 07:19:14,92656.08
636,403,2025-05-27 21:41:16,77048.59
505,440,2025-10-09 10:57:50,65386.5
1084,425,2024-10-23 02:48:02,51906.1
1492,443,2025-09-21 08:39:53,5104.4
1358,427,2025-11-20 10:12:22,18545.33
614,405,2025-10-10 10:44:45,91512.42
652,440,2024-09-04 16:29:19,68441.99
1113,446,2024-10-18 21:12:32,40846.38
856,421,2025-06-03 04:10:43,89914.12
1171,447,2025-01-09 19:45:05,58034.69
1243,445,2026-05-16 14:15:08,65481.77
645,404,2026-06-09 03:14:19,75334.99
1208,422,2026-01-06 15:03:29,2826.28
704,402,2024-10-03 03:18:20,41517.51
1094,435,2026-07-05 23:12:42,80639.92
803,402,2026-08-05 23:20:07,20013.17
750,437,2026-02-09 05:52:10,59402.91
1331,401,2024-11-04 22:17:42,54679.02
917,448,2025-12-01 18:33:35,49475.98
927,412,2025-11-14 05:32:16,39764.39
1335,448,2024-10-23 19:01:54,75893.36
1099,411,2026-05-05 19:23:09,48884.44
636,435,2025-05-26 18:28:43,14583.91
521,422,2024-11-21 16:05:45,96221.35
1068,427,2026-04-19 00:34:28,25922.91
1333,437,2025-11-27 20:12:59,19455.08
1310,442,2025-02-16 11:15:17,57790.92
1459,410,2026-05-27 03:14:04,91898.24
917,444,2025-02-08 23:36:15,67141.65
1339,403,2025-07-15 07:43:39,79390.18
790,425,2025-01-30 03:48:59,28839.07
1008,433,2025-03-20 01:42:41,10158.17
923,425,2025-04-22 07:28:08,76174.77
853,420,2025-12-29 14:34:47,14301.18
965,402,2025-11-01 15:30:12,50294.2
1372,421,2025-04-29 02:47:55,3008.21
784,404,2025-07-18 03:32:09,16551.42
775,421,2026-03-29 09:33:27,95706.31
643,409,2024-11-29 23:49:41,46947.52
1445,415,2025-05-08 07:57:26,96385.34
920,424,2025-06-19 11:07:36,68661.82
876,401,2025-07-10 13:22:27,74575.71
1127,450,2024-11-15 01:00:23,24001.67
1270,449,2024-10-13 17:09:29,97595.66
1340,422,2025-12-03 08:34:07,1870.32
740,429,2026-01-11 00:29:15,92768.68
835,439,2026-02-12 08:15:40,19714.29
637,428,2025-05-17 13:28:48,1050.24
572,411,2026-02-16 20:23:42,76332.24
1030,436,2025-01-12 01:28:22,27552.12
971,433,2025-10-21 04:47:08,14519.75
658,429,2026-02-05 19:18:14,44292.41
1442,420,2025-05-14 23:20:55,77156.03
1403,419,2026-01-30 22:10:18,51732.57
1488,409,2026-02-27 08:23:14,64596.02
1042,425,2025-05-05 11:41:34,37514.44
1377,419,2025-08-18 05:10:44,18681.75
949,443,2026-04-08 22:46:44,50564.3
594,427,2025-10-24 18:04:47,74544.71
1101,410,2025-09-25 01:56:37,35319.12
906,410,2024-12-20 13:13:37,55708.19
849,426,2025-07-25 07:39:02,39843.75
1385,438,2024-09-07 21:14:09,68409.51
614,431,2026-01-28 05:46:08,61513.94
1145,401,2025-07-26 08:33:17,22857.86
810,415,2025-10-02 03:55:05,55680.39
763,429,2024-11-29 16:45:40,1786.76
1350,402,2025-08-15 12:03:23,7412.76
1161,412,2026-06-21 01:33:48,97679.04
816,437,2024-10-18 21:27:26,95152.31
1393,402,2025-11-26 10:24:30,38555.5
855,442,2026-01-13 13:27:02,20260.6
756,446,2026-07-19 06:37:26,71808.82
617,426,2025-05-04 00:17:00,86804.59
1143,448,2026-02-08 21:26:55,91076.61
1143,445,2025-01-18 11:52:39,5076.6
911,409,2026-05-19 00:35:53,95176.04
745,413,2024-12-20 01:39:42,77254.29
637,436,2025-08-21 00:19:01,72155.72
1253,423,2025-05-21 03:23:38,31174.93
1304,426,2026-06-23 14:19:51,72631.53
866,420,2025-02-03 04:39:22,24394.42
1061,431,2025-04-07 21:18:58,48825.7
894,415,2025-03-20 21:34:50,63261.26
686,418,2024-10-26 10:46:17,22369.04
944,450,2025-11-28 22:11:32,22901.3
1490,409,2025-05-01 02:36:39,36080.92
1187,438,2025-06-29 16:56:47,10542.28
1429,447,2026-02-18 04:04:30,52318.35
1247,421,2025-10-02 04:54:41,13885.46
1307,409,2026-04-23 10:49:42,8543.5
1178,405,2025-02-17 15:55:46,27253.41
641,407,2025-08-22 02:30:55,75984.39
585,414,2026-07-19 15:08:08,54142.81
1462,414,2025-08-30 12:09:07,42497.22
692,408,2024-12-25 07:45:42,14535.84
833,418,2026-03-15 14:52:35,38048.96
1483,450,2025-04-19 04:04:22,36902.49
508,418,2025-10-31 00:39:32,14993.99
815,403,2025-11-24 14:43:26,45156.51
1324,424,2025-08-25 13:29:10,91516.97
1500,435,2024-12-23 04:24:25,33520.05
813,435,2025-02-26 20:45:59,34471.98
1295,401,2025-07-27 00:27:40,61573.08
674,437,2025-07-28 09:58:58,20076.01
520,406,2026-04-21 12:42:47,59326.22
1460,412,2025-11-06 19:26:57,16277.61
1399,405,2025-07-22 16:22:13,73877.25
761,435,2024-10-18 13:20:34,26460.43
1038,441,2026-04-26 12:07:34,92226.68
1158,450,2025-07-01 09:35:34,15834.56
1317,417,2024-11-08 12:45:02,35293.65
1265,427,2026-02-26 20:15:36,95767.69
1223,444,2026-04-09 23:28:30,60787.31
1221,401,2025-06-11 20:28:42,49124.64
584,427,2026-03-15 23:06:20,47336.68
703,431,2025-10-07 01:35:34,6707.53
1236,434,2026-05-31 21:17:51,35796.16
1351,424,2026-02-08 09:02:52,79422.98
1482,423,2024-09-11 07:38:25,56135.85
798,407,2025-04-20 12:42:34,52558.76
1218,417,2025-03-31 20:37:09,68681.75
1406,415,2025-08-25 04:20:05,48919.41
1056,437,2025-09-08 08:53:10,6165.67
1442,403,2025-05-14 21:58:39,17537.19
1160,442,2024-12-22 01:04:58,60351.79
1134,417,2024-11-29 01:38:31,86776.42
859,434,2025-05-30 16:08:25,96393.78
868,405,2024-12-12 20:11:30,76132.31
789,448,2025-05-11 01:52:20,55597.57
1384,422,2025-10-10 23:45:48,79405.3
637,449,2025-01-03 11:22:25,27457.66
1083,427,2026-05-02 16:05:56,49975.04
1492,441,2026-07-14 19:05:52,96963.32
1385,419,2025-08-31 07:57:51,31916.38
557,401,2025-07-06 00:42:07,69032.91
771,431,2025-01-01 12:59:53,77831.0
927,401,2025-07-11 21:09:00,71147.58
688,435,2026-02-08 23:25:45,61597.19
1245,427,2025-01-13 07:00:36,97835.09
862,450,2026-07-21 07:20:49,57962.17
539,437,2025-12-08 13:57:04,13374.4
548,448,2025-10-14 06:09:33,37077.26
1290,428,2024-11-30 23:32:35,39343.06
747,429,2024-09-22 07:13:27,66750.53
1448,414,2025-04-16 14:41:06,84994.12
798,433,2025-11-30 07:56:25,52411.48
782,438,2026-06-15 00:06:47,66391.77
566,418,2024-09-09 20:26:48,4116.89
1139,422,2026-06-19 06:51:39,92862.98
1278,445,2025-04-01 02:48:13,70284.44
1405,413,2025-01-02 14:10:11,15897.88
972,422,2024-11-15 07:51:08,47608.39
1487,440,2026-03-16 09:20:30,16169.22
1194,407,2024-09-15 13:06:48,64401.02
987,425,2025-07-31 19:05:53,25468.04
1422,415,2025-07-14 19:05:05,62940.49
874,407,2024-10-11 12:33:36,17996.07
1179,438,2026-07-25 09:22:40,8116.88
743,440,2024-12-05 00:46:59,93597.29
1121,447,2025-06-14 13:49:52,29080.26
1205,424,2025-08-17 07:38:07,61797.51
857,437,2026-05-16 09:37:29,93586.99
711,432,2024-08-20 10:12:10,72223.82
1050,408,2024-08-17 12:43:34,99335.01
762,438,2024-12-14 01:52:43,16094.22
1299,439,2025-09-30 13:40:54,99410.58
1265,412,2026-04-28 17:17:48,47042.57
1455,419,2025-03-17 09:56:44,47228.85
881,426,2026-06-16 02:18:49,13090.15
780,417,2025-09-01 00:55:36,11940.05
1264,410,2026-02-27 14:25:31,47516.24
1090,411,2024-09-05 19:31:10,759.46
503,402,2025-07-16 19:28:15,92218.27
1387,447,2024-12-17 14:34:47,68463.84
977,427,2025-02-06 08:36:25,45931.59
1129,448,2025-03-08 11:46:34,98467.83
960,445,2024-08-30 16:38:16,66000.07
625,402,2026-03-30 06:14:48,34302.03
1162,440,2024-11-27 09:55:58,65068.8
1093,435,2025-08-18 19:45:58,32141.92
854,424,2025-06-07 05:17:16,3224.2
818,444,2025-12-21 18:48:24,47683.21
1048,417,2025-05-16 21:39:19,5589.49
926,422,2026-05-20 18:47:48,15698.96
1365,404,2026-06-17 06:45:52,59653.97
1150,437,2024-10-20 06:50:15,28356.81
1096,446,2025-11-03 02:31:57,61999.98
988,412,2025-12-08 22:19:47,80055.09
830,438,2025-02-11 10:59:52,17823.34
1113,401,2025-12-03 17:33:03,79373.36
1144,418,2025-03-07 21:42:28,20824.13
1095,421,2025-07-10 21:12:36,2868.32
936,412,2026-04-25 08:44:04,15892.36
1185,403,2025-07-06 03:48:19,95050.09
758,441,2025-08-09 01:23:16,40710.67
836,409,2024-12-20 13:12:40,13566.82
816,410,2025-03-12 01:33:58,73867.4
1239,445,2024-09-03 05:04:38,97118.8
502,418,2024-09-24 08:17:42,79503.97
1389,412,2025-03-16 09:16:18,82376.25
553,445,2025-03-31 04:37:39,78922.99
1478,417,2024-10-14 05:05:07,96030.02
990,411,2025-03-18 21:28:11,62181.83
1246,409,2025-07-25 04:16:33,91609.85
779,425,2024-12-19 16:24:16,7951.31
1195,434,2026-06-30 21:01:28,30469.45
1022,410,2025-07-23 01:32:08,28936.93
1078,446,2024-08-19 04:55:12,33364.21
859,436,2025-06-15 23:43:41,45094.3
742,405,2025-10-28 14:43:49,39699.11
832,448,2026-03-16 23:21:46,91859.0
829,435,2026-06-14 04:00:56,31102.16
672,439,2024-12-03 12:22:51,30963.77
1111,443,2025-06-08 00:02:44,24551.17
1038,428,2025-02-28 12:07:40,43102.41
589,412,2025-02-09 16:14:42,15261.54
1167,430,2024-09-23 19:25:15,33854.04
778,408,2026-06-16 18:45:02,93087.42
579,409,2025-12-26 12:51:07,20478.38
1156,439,2026-04-17 16:57:34,26361.31
872,404,2024-12-24 17:12:35,96285.64
881,441,2024-10-12 07:06:39,96605.82
944,430,2026-05-16 17:51:51,84032.42
966,443,2025-10-10 15:11:37,58573.94
1363,407,2025-09-30 10:57:12,53020.73
644,415,2025-07-01 13:59:52,33164.92
912,429,2025-03-01 22:40:59,26060.8
1304,443,2026-04-24 12:41:30,70459.9
998,424,2026-01-26 01:19:24,99975.35
946,426,2025-02-13 02:50:42,13261.49
839,435,2025-05-15 12:42:32,61894.81
950,429,2026-05-19 18:05:45,33728.32
838,409,2025-07-13 17:37:55,97136.09
591,437,2025-05-13 04:03:34,11990.84
1051,420,2025-09-18 03:03:39,6747.22
1392,423,2025-12-22 18:56:19,46648.12
846,443,2025-03-22 06:20:41,72548.78
675,433,2024-12-19 12:43:11,3818.86
1357,428,2025-07-29 04:43:16,31438.29
1165,426,2025-05-24 03:17:13,34412.42
1160,415,2026-02-18 06:58:33,97269.95
1034,409,2025-12-20 22:34:14,2594.76
566,420,2025-12-15 11:30:26,87240.35
1456,421,2024-11-26 01:32:52,3329.69
535,413,2024-09-09 16:45:54,29541.24
662,413,2025-08-31 11:26:10,50316.75
1435,410,2024-09-17 09:34:56,19993.47
1500,429,2025-09-30 07:13:50,84661.28
1215,410,2024-11-27 14:13:39,42951.71
863,416,2025-08-28 07:29:05,99208.54
1014,437,2026-04-15 03:18:14,97217.47
993,418,2025-02-01 19:37:25,93516.77
547,426,2025-07-31 06:08:32,21363.7
711,417,2025-08-09 12:47:34,28651.02
736,428,2025-07-06 10:28:36,56516.33
1249,403,2025-10-12 09:20:36,64819.49
893,414,2025-10-07 19:02:19,16244.96
1008,416,2025-02-21 13:08:55,59793.51
857,448,2025-09-28 17:46:10,25625.83
518,428,2025-11-09 11:15:59,37973.16
717,418,2024-09-09 20:33:23,15944.76
856,448,2025-03-17 10:47:10,53567.0
1044,409,2025-11-11 08:46:09,51077.84
1265,402,2025-11-28 22:13:45,69502.53
1166,416,2025-06-14 19:23:58,73545.56
604,450,2024-10-25 00:54:08,14935.58
670,439,2026-01-27 15:47:29,42325.22
1309,414,2025-03-18 07:56:48,17598.41
508,410,2024-09-14 04:39:35,4524.83
1476,438,2026-06-08 02:18:34,5542.78
911,427,2025-06-29 11:58:12,12681.9
1350,409,2026-02-03 19:05:01,5102.54
947,421,2025-12-07 11:55:55,65193.74
1463,411,2026-06-01 18:37:03,5783.27
1431,411,2025-01-24 09:23:43,6714.28
988,401,2024-08-14 20:18:50,1363.73
886,441,2026-07-10 05:21:06,60842.2
956,401,2024-10-05 01:16:26,59093.51
628,404,2025-05-27 20:05:14,91751.59
1007,416,2025-12-14 11:19:27,29585.92
830,440,2026-07-18 20:39:01,68283.48
853,442,2024-11-13 04:44:35,62616.4
785,416,2026-01-11 10:10:29,88028.98
1246,438,2026-03-30 06:24:16,47442.7
1268,433,2024-12-25 12:31:18,89788.86
874,443,2025-01-07 09:10:50,10387.15
680,421,2025-03-27 22:59:05,45468.37
972,418,2025-05-12 14:28:45,58624.93
750,425,2026-07-31 17:46:25,10260.5
832,404,2025-06-20 22:33:15,14625.01
1320,429,2025-02-10 07:12:53,42890.47
1284,415,2026-05-05 23:44:54,81529.61
1221,429,2026-03-14 08:27:50,78457.98
1375,416,2024-08-27 21:19:29,32366.4
791,421,2026-03-18 20:06:30,75050.0
1315,411,2024-08-16 15:11:27,40896.88
619,444,2025-11-05 15:02:43,99175.59
790,444,2024-12-21 19:45:28,86292.01
664,409,2026-08-01 14:35:20,57591.35
1230,410,2025-03-08 11:30:20,23699.05
1141,401,2025-12-18 08:41:35,17123.85
1021,421,2026-03-21 12:16:32,45505.54
1233,420,2025-05-12 09:31:43,74533.67
1461,415,2025-06-15 03:43:14,44600.06
1394,447,2025-06-21 16:15:59,89834.76
1208,437,2025-03-21 20:00:45,30207.64
1312,445,2026-01-11 03:09:54,17815.85
986,426,2026-05-31 01:00:55,67364.87
852,435,2025-11-08 13:59:24,99154.37
1092,421,2024-12-10 02:35:06,52778.9
1356,402,2025-12-09 21:44:46,11282.83
1249,401,2025-07-27 21:05:48,11523.49
1287,430,2024-11-28 20:24:45,63801.44
1394,448,2026-01-31 01:13:23,77993.66
827,424,2026-01-02 05:41:48,19447.77
1115,411,2025-09-02 19:36:13,54943.22
898,415,2025-03-23 15:49:45,17752.48
1296,423,2025-06-08 06:20:07,68894.71
1215,407,2024-11-25 22:24:04,6757.78
508,436,2026-07-09 08:53:48,26277.0
866,406,2026-07-16 12:20:20,80087.28
1192,446,2025-08-09 09:44:53,90603.89
1255,425,2024-12-29 00:41:39,43910.6
1242,447,2026-03-10 04:46:15,83220.39
821,414,2025-09-07 02:36:45,63954.55
1469,404,2025-10-29 21:40:48,50275.32
1270,415,2025-09-21 11:37:11,36008.38
1426,403,2026-04-01 10:48:01,49200.33
981,442,2024-11-06 16:37:48,99778.55
1238,405,2025-12-19 17:23:07,99802.86
752,439,2025-02-13 10:09:44,61161.41
675,434,2025-02-21 21:10:54,46439.3
752,439,2025-01-24 14:27:07,65574.49
1209,448,2025-07-07 04:50:36,40333.89
931,440,2025-04-26 05:16:12,90521.08
761,427,2026-04-26 22:20:42,26495.67
513,424,2025-06-18 08:37:14,61268.56
1105,409,2025-06-15 21:33:42,23801.65
626,427,2026-07-22 12:04:13,81373.69
1438,436,2025-05-05 19:59:04,35851.9
1051,442,2025-06-12 11:04:26,17610.05
1329,425,2026-06-02 20:22:47,64129.51
565,402,2026-04-02 13:58:36,49561.93
1413,430,2025-03-19 22:20:02,85497.69
555,414,2025-06-15 10:20:19,44075.96
1006,412,2024-12-29 18:14:07,3214.26
890,443,2025-04-28 04:22:15,6929.62
510,447,2026-02-04 21:53:37,94057.77
1049,436,2026-06-27 06:27:01,93404.54
1351,419,2025-02-13 08:27:12,90615.08
978,434,2026-06-27 20:03:18,91453.61
1248,433,2026-07-12 07:44:35,3877.1
1326,441,2024-08-17 03:25:16,30357.08
1350,441,2025-01-19 20:01:11,61264.45
557,403,2026-08-01 17:35:30,75917.92
1339,422,2025-01-09 05:41:53,42829.3
1277,447,2026-03-25 17:16:05,31054.15
834,430,2024-08-11 10:27:53,58117.46
730,441,2024-09-03 18:18:08,71449.71
782,440,2024-12-11 01:23:23,79381.52
1474,429,2025-06-25 10:52:07,57900.65
1066,402,2025-01-23 02:02:20,31250.39
1214,450,2025-07-02 12:49:18,18308.97
1244,412,2024-11-17 06:27:02,58833.19
1062,411,2026-05-02 10:03:24,96759.72
1473,429,2025-12-16 09:33:45,64284.0
1251,424,2025-10-23 08:17:57,64633.02
1498,426,2026-02-14 20:58:09,75867.83
736,422,2025-08-26 15:32:50,53559.67
862,450,2025-04-30 05:07:33,23098.89
1194,446,2026-08-07 10:23:57,93799.79
1242,421,2025-02-05 12:10:31,34304.42
1380,403,2025-07-07 07:15:46,85732.41
842,449,2025-04-07 13:08:54,26977.03
1485,414,2026-01-27 01:41:37,37037.06
1387,430,2024-11-30 04:37:48,16798.86
726,427,2026-05-09 07:23:26,66455.76
1056,450,2024-12-10 23:58:23,34773.52
1335,450,2025-07-02 18:52:36,80116.59
848,412,2026-01-30 06:38:14,66908.31
894,410,2026-05-03 03:26:13,68537.19
1265,410,2026-06-10 07:08:28,21077.57
1071,401,2025-09-11 22:31:24,35364.95
721,438,2025-04-26 17:01:24,3764.47
857,437,2024-12-03 09:45:00,93776.86
1172,445,2026-02-18 09:56:37,8616.17
988,439,2024-11-02 13:49:10,44852.74
677,441,2025-12-02 06:15:25,39370.15
1238,423,2025-08-21 12:25:13,82365.01
1174,439,2024-10-31 04:39:51,31292.32
1441,448,2026-04-15 04:52:27,93946.96
885,413,2025-01-17 06:11:01,22010.44
1498,406,2025-08-16 03:42:59,91412.14
723,417,2024-10-06 19:56:03,22459.02
993,440,2024-08-11 00:01:21,49145.5
754,431,2026-02-04 07:55:07,39396.97
803,404,2025-12-30 19:48:20,12329.91
792,413,2026-06-16 12:38:12,69911.51
1334,423,2026-01-10 21:23:55,46509.99
1457,416,2024-08-19 21:26:05,96397.11
944,449,2025-01-13 13:41:49,59505.12
798,440,2024-11-18 17:25:55,96437.14
984,428,2025-03-31 14:59:04,4794.96
509,434,2025-05-07 00:38:40,58734.57
1050,403,2024-08-15 09:06:37,58137.59
1369,425,2026-04-22 01:21:20,1113.27
539,430,2024-12-03 02:28:42,7246.31
1024,417,2026-05-14 00:43:33,14016.39
1024,443,2025-11-15 05:50:08,88159.68
1182,411,2025-10-29 01:22:03,20592.29
1252,413,2024-10-08 20:49:10,68885.15
528,448,2024-11-04 22:29:39,83248.66
1446,447,2024-12-21 11:49:34,54839.65
1177,431,2026-02-14 11:18:59,16444.75
1183,422,2026-03-02 05:09:00,50689.58
975,404,2025-07-21 09:57:20,25627.25
1204,419,2026-07-28 18:08:19,9058.87
747,433,2025-06-12 05:11:33,6668.5
1215,428,2026-05-02 22:15:56,44402.48
1260,431,2025-11-18 10:22:56,80228.45
923,430,2024-12-07 12:29:10,14644.81
698,438,2025-01-03 10:53:28,93135.54
681,447,2024-12-11 16:18:27,68448.38
967,440,2024-12-26 08:31:45,8685.19
1339,447,2024-09-12 22:30:00,67992.17
1484,432,2025-04-18 23:28:47,44051.47
754,435,2026-03-22 18:31:36,43403.96
1249,444,2025-09-18 01:23:07,24618.82
1281,426,2024-12-14 04:15:04,99930.76
702,428,2026-03-16 02:02:06,71046.91
1170,431,2025-10-14 21:17:30,60137.25
1473,437,2026-04-11 11:33:05,14336.19
1303,446,2025-02-01 01:30:45,66060.88
912,429,2025-01-23 02:20:39,45634.37
597,447,2026-07-13 05:55:12,46535.48
946,431,2024-11-12 03:49:37,68529.99
647,422,2024-10-30 20:54:01,30284.89
1370,436,2025-08-23 22:42:05,23187.01
1134,426,2025-04-16 21:53:56,25066.22
780,446,2025-09-25 14:38:45,32675.87
695,423,2026-02-02 19:20:41,4244.64
861,440,2025-12-14 15:40:50,69304.96
542,440,2025-07-12 18:02:54,80232.97
864,417,2025-12-25 18:35:53,93458.09
1464,409,2025-06-02 09:59:55,34753.95
1445,419,2025-01-10 22:18:44,74397.09
1330,406,2026-02-02 21:37:00,91064.72
537,432,2026-05-29 11:48:43,46077.24
887,449,2025-12-23 22:07:10,96107.09
985,429,2025-05-04 00:10:16,33161.36
1165,422,2026-01-08 06:43:45,59166.24
745,421,2025-01-27 07:19:29,4164.17
1462,410,2025-05-24 21:54:45,80494.15
1108,401,2025-07-15 07:33:51,2117.48
853,401,2025-01-17 18:01:00,68600.26
1301,447,2024-12-18 08:46:01,79393.19
1485,420,2025-04-24 04:27:33,82634.72
890,428,2025-02-06 14:36:34,20323.18
1273,421,2025-01-09 11:38:29,65096.98
711,441,2025-01-17 10:16:44,58902.56
1165,416,2024-08-18 09:25:38,92863.09
502,434,2026-06-22 10:51:21,15530.06
1228,403,2025-10-30 18:55:40,51787.26
1464,428,2024-12-30 05:36:40,94339.75
820,416,2025-08-27 17:04:07,7040.28
1474,434,2025-06-11 06:58:13,75311.54
680,433,2025-02-09 00:58:41,16353.35
1195,426,2025-01-02 17:39:00,41841.89
611,440,2024-08-18 19:53:43,80388.74
930,436,2025-05-10 09:35:05,50859.3
702,426,2025-04-07 08:19:25,35028.07
732,417,2025-12-28 12:17:59,21498.12
1395,414,2025-02-23 19:49:14,11591.49
1266,406,2025-09-03 12:03:28,76538.47
560,421,2024-08-10 01:13:14,15280.87
1233,415,2026-02-13 08:33:44,36526.47
535,433,2026-01-04 18:00:27,8927.72
1138,436,2025-10-17 06:24:33,73802.77
1297,448,2025-04-11 11:06:29,22170.57
958,410,2026-05-29 18:52:13,72903.06
758,449,2025-05-17 09:18:10,70862.29
1021,434,2024-10-06 06:07:26,56937.76
1242,406,2025-01-04 04:26:55,4111.65
1354,422,2025-04-07 15:47:31,88040.33
1235,444,2024-12-22 01:04:56,23806.13
1496,422,2026-02-02 18:07:10,85649.22
1213,421,2025-09-27 20:46:25,34330.2
1063,447,2025-03-20 08:15:13,35168.56
1164,431,2024-11-28 15:55:34,15284.88
503,423,2025-01-02 07:26:23,65836.92
1032,433,2024-12-12 23:25:59,64261.39
993,444,2026-02-05 20:07:29,54885.08
783,436,2026-05-25 18:14:32,45546.83
1380,444,2026-02-02 07:07:26,44577.97
899,440,2026-06-01 15:38:38,70808.66
979,419,2025-06-11 22:32:53,49252.97
953,442,2025-05-10 18:39:15,35700.05
1294,449,2025-02-22 03:30:30,31517.95
749,435,2025-05-31 18:52:16,42538.01
528,446,2026-08-01 06:22:13,5543.24
1045,440,2025-11-24 06:10:25,16112.99
1357,422,2026-01-14 09:51:34,43537.98
1151,421,2026-07-28 23:34:43,74147.19
1237,402,2024-11-02 05:18:17,49740.14
1107,427,2024-11-16 17:45:06,82792.13
1293,435,2024-08-10 09:11:34,53417.99
1348,427,2025-07-14 02:47:26,53694.88
1168,441,2024-09-06 03:52:54,15771.33
1141,431,2025-01-26 13:03:07,94806.74
1043,408,2024-10-07 19:03:47,91840.49
1344,447,2025-09-18 20:21:30,60727.55
1037,425,2026-02-10 20:08:54,68978.49
1340,439,2024-08-17 07:52:07,43909.66
1354,446,2024-09-26 04:47:27,57905.08
512,447,2026-05-11 09:40:34,63059.19
1477,410,2024-12-19 15:50:45,16650.93
1139,434,2026-07-14 06:05:17,77170.09
1143,435,2024-11-29 04:43:48,17798.86
886,413,2024-08-21 21:25:45,42581.41
1428,423,2025-06-25 08:41:19,71814.29
665,422,2026-02-23 21:08:14,50713.32
1111,409,2024-09-20 10:18:07,67353.52
1001,437,2025-09-19 15:27:17,70707.06
965,402,2024-11-27 04:15:51,69060.26
996,421,2025-05-29 04:28:15,2510.69
1131,411,2025-03-27 14:37:29,60766.14
921,432,2025-03-09 16:16:11,87818.38
565,444,2025-10-04 02:44:16,31376.03
750,404,2025-02-14 06:21:03,64776.26
1133,410,2025-05-19 04:24:20,58419.57
562,434,2025-09-21 23:03:57,65872.24
709,449,2024-12-26 03:39:17,24799.72
865,420,2025-03-16 08:31:32,42660.37
681,414,2026-05-28 16:22:20,88208.98
672,445,2025-07-04 13:55:13,81016.96
639,438,2025-11-04 17:43:07,4217.25
1353,425,2025-07-10 02:34:10,954.93
1433,417,2024-12-26 16:31:20,16290.29
1364,424,2025-07-22 18:51:06,71736.64
750,434,2025-10-04 10:59:31,98208.04
968,406,2025-12-04 04:52:23,42496.09
825,447,2025-02-14 18:41:39,67754.93
671,425,2026-05-29 20:39:48,92287.45
708,406,2025-09-16 22:43:10,47165.0
940,421,2026-01-20 14:35:24,24516.5
508,425,2025-09-21 09:02:57,74912.6
1283,450,2025-05-21 11:21:37,45244.48
978,405,2025-03-29 01:27:18,94791.83
1053,419,2024-08-18 23:09:34,59432.6
1101,429,2026-07-31 02:29:26,44953.82
1168,415,2024-11-27 07:04:05,42744.07
1162,444,2024-11-06 00:39:35,96673.85
1167,423,2025-09-14 18:45:33,93158.08
1434,419,2025-09-09 00:13:36,27293.49
730,405,2025-05-18 22:39:45,67639.71
1085,423,2024-08-17 18:48:14,57765.69
569,419,2025-11-05 21:44:41,33941.54
1230,413,2025-09-09 13:06:39,7585.65
666,426,2026-02-01 01:40:21,18205.09
538,436,2025-12-07 11:34:05,78110.75
629,426,2026-03-03 13:32:05,79762.99
545,443,2025-01-20 23:08:54,34276.33
1005,414,2025-12-25 13:19:40,6988.41
769,401,2024-09-18 10:46:26,87722.29
995,410,2024-10-24 17:11:48,21016.48
895,426,2026-03-04 20:12:49,82454.44
1481,445,2025-03-30 13:02:28,19670.18
527,442,2025-01-11 07:25:43,89507.33
1089,435,2025-02-21 09:37:55,80818.04
1352,419,2025-04-22 03:04:15,94837.72
1158,430,2025-02-11 23:37:10,54427.38
1414,423,2025-09-26 06:15:02,43911.42
950,446,2026-03-19 14:14:40,98057.56
1252,403,2025-09-21 14:06:40,6021.23
1260,449,2025-03-04 09:22:59,562.11
1365,448,2025-06-08 04:50:31,25514.34
785,416,2025-07-20 16:06:39,55901.58
1319,415,2024-10-01 10:34:13,21799.78
845,441,2026-05-17 01:50:26,81217.48
1032,412,2025-08-12 05:25:24,82803.11
1246,416,2025-06-14 23:48:44,30358.31
568,440,2025-05-04 23:22:09,22167.15
509,431,2024-08-08 10:54:49,77538.89
975,416,2025-01-01 09:30:03,89271.4
656,442,2024-11-28 23:02:16,29172.5
770,436,2026-07-23 10:40:02,87587.66
1353,450,2024-10-15 22:05:58,26588.62
584,406,2024-11-11 19:56:03,16650.53
532,409,2026-05-01 21:24:28,81281.42
733,408,2025-02-15 22:49:25,66085.17
1322,409,2025-12-11 07:02:38,28010.13
1380,418,2024-09-17 18:52:12,69571.24
1071,425,2025-02-15 07:38:30,34603.99
714,426,2025-08-11 15:50:35,61503.63
1436,415,2026-04-05 01:33:29,70028.52
838,446,2026-04-07 17:15:35,72743.8
1053,405,2025-05-06 08:43:06,80821.59
1379,437,2026-01-01 16:43:35,45597.65
930,404,2025-10-12 09:23:26,72720.95
1485,424,2025-06-07 11:47:35,39568.92
1260,443,2024-12-14 16:35:02,1599.67
578,419,2025-07-24 12:06:35,87281.89
995,434,2025-09-15 08:00:51,35338.75
1008,423,2026-08-07 08:39:56,9316.26
537,407,2026-05-07 19:51:25,84471.95
844,448,2024-12-28 06:12:00,87481.1
1411,442,2025-08-15 18:54:12,45765.84
723,402,2024-08-11 11:42:46,60532.16
978,444,2024-10-04 11:45:38,28427.05
1353,412,2025-01-01 14:52:18,24820.4
834,436,2025-07-28 09:21:53,72419.98
725,450,2025-02-15 14:11:20,26859.5
996,402,2025-04-24 11:47:23,17835.56
753,443,2024-11-15 21:48:42,43777.52
1003,447,2025-09-17 02:22:31,79462.73
856,402,2025-12-19 18:43:04,63845.19
1122,411,2025-11-14 19:14:39,75636.02
753,445,2025-11-14 01:59:40,14276.71
589,422,2025-04-25 16:33:43,92709.64
854,406,2025-05-09 20:26:32,56296.02
981,434,2024-11-04 07:06:22,98692.81
766,423,2025-04-03 10:15:34,16935.3
1372,430,2024-12-09 19:36:29,90662.94
1268,405,2025-09-30 17:16:18,76544.21
575,423,2024-11-10 04:21:34,4232.2
773,415,2026-04-01 07:33:29,77631.61
1313,423,2025-10-12 00:40:47,18129.72
947,442,2025-10-08 00:21:19,99177.71
736,428,2026-06-24 15:04:42,60859.31
713,410,2025-03-14 04:01:52,86745.08
1140,426,2025-08-15 06:49:09,73248.55
578,423,2025-06-16 09:22:54,37050.47
1108,401,2026-07-02 23:36:32,67256.01
874,417,2026-03-19 08:08:24,52289.06
1076,433,2026-06-12 11:52:05,18054.5
686,401,2025-02-06 05:33:10,95706.57
1170,422,2026-04-16 18:14:04,63461.01
629,432,2025-03-25 18:50:57,46182.6
924,430,2026-07-11 11:32:24,32879.83
1098,403,2025-04-21 07:07:21,92661.45
946,449,2025-12-30 09:33:50,12362.28
604,422,2026-01-19 12:40:38,77179.14
1071,430,2025-08-26 07:09:05,46694.2
757,435,2024-09-03 12:13:25,2329.24
903,428,2025-03-15 05:02:07,88829.91
1341,438,2025-10-29 23:57:21,3778.98
937,402,2024-10-02 04:56:32,36182.55
1372,443,2026-03-28 03:08:07,23563.85
586,442,2026-02-08 00:59:21,35442.09
1028,445,2024-11-26 22:45:26,12505.0
1158,406,2024-09-13 11:24:16,92221.88
768,427,2025-01-11 04:15:44,17736.88
996,441,2026-01-29 01:19:23,22423.17
766,447,2025-02-27 05:26:23,93803.85
865,405,2025-09-19 09:18:48,92808.17
510,435,2026-06-05 06:24:10,34177.62
855,432,2025-07-01 09:55:27,98325.03
585,435,2024-11-26 16:32:52,50452.56
988,410,2025-02-21 14:27:10,40454.51
930,417,2025-05-15 14:52:37,81955.57
1234,428,2026-06-05 08:18:03,28663.61
1044,448,2025-08-11 09:48:52,40721.39
805,404,2025-07-10 12:03:17,44918.76
1169,425,2026-07-19 10:46:30,29904.99
1148,427,2025-12-28 15:21:48,46920.23
1023,402,2025-02-23 18:10:55,81956.61
957,442,2024-11-27 02:55:46,34004.61
1374,418,2026-06-01 04:49:25,51000.42
1222,445,2026-06-30 18:40:44,90963.54
959,448,2025-02-05 08:21:44,64763.84
614,410,2026-02-17 03:53:08,8131.26
836,413,2025-11-29 12:02:25,54830.97
1333,414,2025-08-16 16:59:31,22738.95
1310,405,2025-09-12 23:25:05,73485.98
771,433,2026-05-24 00:31:05,19037.39
1027,415,2026-07-25 05:48:41,29285.56
746,431,2025-12-13 06:21:34,81052.82
835,409,2026-04-02 01:49:50,75516.9
988,437,2026-01-28 07:38:01,5837.95
564,427,2024-08-08 16:47:50,35972.47
664,408,2026-07-11 01:57:03,5144.99
1346,445,2025-04-04 04:30:10,49429.41
900,403,2024-09-06 12:33:31,41323.34
1395,424,2024-10-14 23:51:54,53120.17
693,437,2026-07-14 19:14:54,21676.81
1029,431,2025-01-27 02:47:18,1870.25
695,436,2024-09-11 11:44:25,83460.94
562,442,2025-09-04 19:42:36,57025.51
933,411,2025-01-15 19:41:34,42804.37
1102,438,2025-05-13 05:59:33,8424.88
1301,438,2024-11-08 04:39:50,71729.99
537,445,2025-04-06 16:43:00,68955.98
1017,415,2026-06-05 12:53:08,24789.27
1467,411,2025-09-12 21:57:20,40678.17
1251,435,2025-12-24 10:23:10,49841.19
982,416,2026-06-05 19:07:38,19012.3
785,449,2025-11-09 20:17:30,63022.93
1490,423,2025-02-10 04:58:07,23404.9
639,409,2025-10-20 18:34:54,15145.19
1384,450,2024-12-09 18:04:12,96139.64
1430,450,2025-09-27 00:39:42,2067.49
710,432,2026-03-01 06:58:13,73263.94
1375,434,2024-11-15 15:11:33,14115.34
706,426,2025-07-28 18:12:10,42062.48
581,409,2025-11-13 20:39:56,66472.59
1373,413,2024-10-28 19:24:33,79884.91
1473,403,2026-01-09 22:33:54,33987.6
853,401,2024-09-26 07:12:50,53581.81
853,450,2025-04-28 13:20:18,47983.17
1344,425,2025-04-21 02:34:49,49417.69
1102,406,2025-11-14 14:09:08,57113.25
1449,416,2026-04-27 19:27:17,96589.42
1071,416,2026-07-22 02:59:14,30829.14
919,443,2025-03-16 21:34:46,40016.2
895,404,2026-04-16 13:15:49,84052.57
1116,424,2024-12-08 21:00:24,49262.02
965,427,2025-05-12 02:18:16,85703.11
1265,443,2025-04-01 12:07:07,14552.09
711,430,2026-07-16 09:34:50,69026.39
1405,421,2024-11-16 01:34:24,53826.33
1133,401,2025-01-14 04:50:22,29065.25
1451,430,2025-04-23 16:59:35,78710.56
539,408,2026-02-03 23:44:15,14637.78
617,433,2025-10-20 00:07:11,17675.79
1438,428,2025-03-25 09:00:12,75400.43
740,422,2026-08-05 08:41:03,96292.16
1436,438,2025-10-20 12:03:16,69738.82
859,441,2025-05-30 22:30:45,68227.1
1240,426,2026-06-25 18:05:30,79298.29
766,416,2024-12-02 16:22:36,37299.85
720,409,2025-10-11 17:24:03,3863.16
1336,447,2024-09-29 23:49:41,71737.02
1221,419,2026-01-26 14:04:02,6192.56
780,406,2026-02-25 23:42:40,96434.97
934,415,2024-10-31 22:18:31,74401.16
634,442,2025-07-30 17:41:56,78309.75
792,433,2026-05-13 07:27:32,93409.38
895,409,2026-05-30 20:18:15,21572.92
1251,433,2025-04-13 11:53:19,84686.37
612,409,2025-10-11 05:42:05,56304.65
636,438,2026-03-16 12:17:00,1522.15
1258,421,2025-05-10 21:27:14,34778.21
738,428,2024-08-25 23:40:13,94770.71
1072,427,2025-05-27 16:01:48,28795.32
558,411,2025-03-30 21:13:58,63088.96
940,407,2024-12-27 04:13:54,90591.22
1205,448,2026-02-13 11:51:02,53242.37
913,427,2025-01-01 01:05:11,16369.18
723,413,2024-10-18 05:54:46,88192.7
1296,435,2025-10-17 13:08:47,91192.16
640,443,2025-12-23 01:32:22,73704.03
1140,449,2025-01-03 13:56:43,76808.33
833,438,2026-05-12 10:52:19,13981.21
553,429,2024-10-14 23:59:25,95058.28
1430,429,2025-07-29 23:16:22,94659.14
570,401,2025-09-25 08:08:11,79298.15
816,402,2026-02-18 20:23:25,30007.93
1475,434,2024-08-29 13:54:24,98448.63
1305,419,2025-08-10 14:03:46,76239.4
556,450,2026-08-05 15:11:37,79950.74
1205,436,2025-06-04 17:42:08,25401.7
830,403,2025-02-23 23:29:11,89436.19
589,434,2025-07-05 13:47:34,92077.1
782,409,2025-08-07 22:39:53,84977.22
661,419,2025-10-18 21:43:03,17029.36
842,409,2024-08-17 19:11:32,10469.94
1010,436,2026-05-23 05:44:05,97472.93
1349,435,2026-02-09 17:18:05,9249.07
568,403,2025-02-10 23:47:03,10352.68
1458,415,2024-12-07 09:24:11,20351.67
1296,441,2026-07-07 04:06:03,70277.58
1496,419,2026-06-01 22:22:59,85657.38
1140,415,2025-03-29 17:21:22,77218.07
1115,407,2025-08-08 22:56:24,36931.44
1046,427,2025-10-20 08:43:17,27102.17
747,410,2026-03-30 22:57:49,54122.39
703,449,2024-12-23 10:00:19,14853.63
1413,413,2024-12-23 19:01:36,5253.9
1008,450,2024-08-29 12:33:01,42276.73
750,414,2024-11-21 19:27:45,49783.91
1391,401,2026-04-30 13:55:04,22104.36
1376,409,2025-01-09 09:48:45,2984.3
1420,432,2024-09-26 20:38:22,68513.08
1194,409,2026-01-23 03:40:13,60622.53
1126,403,2026-01-12 05:26:12,41931.66
887,420,2025-04-07 03:39:50,1981.49
1089,437,2025-05-21 18:38:27,60762.37
1194,434,2025-12-14 08:24:17,6173.94
923,429,2024-09-10 05:43:05,88561.81
692,426,2026-02-01 05:52:09,34664.56
1366,407,2025-12-07 13:21:15,74695.21
590,436,2025-07-10 10:44:44,26445.16
982,449,2024-12-29 21:05:30,71832.74
818,420,2026-04-12 06:28:31,74404.51
983,448,2025-03-07 15:03:30,9889.77
1432,424,2026-03-29 00:37:26,22408.17
1198,402,2025-05-30 05:53:02,38220.36
1045,414,2025-03-05 12:21:48,49134.15
1255,441,2026-04-04 08:52:07,84444.73
789,423,2025-06-01 07:03:22,46636.49
828,438,2025-09-12 10:28:59,57070.4
520,431,2025-04-04 12:40:05,5445.7
610,445,2025-08-03 01:35:59,85904.83
611,447,2025-09-09 20:16:26,78505.87
1494,428,2025-07-15 01:12:22,23055.76
588,432,2026-01-01 07:58:13,63166.3
934,433,2024-12-31 05:37:23,22235.81
578,446,2026-04-28 08:46:50,48150.04
1103,450,2024-09-22 23:10:49,84569.87
1389,440,2025-10-14 16:51:24,82837.74
697,415,2025-05-30 23:05:37,18235.5
851,439,2025-08-01 16:17:26,19704.28
1144,440,2026-02-01 12:55:21,75405.69
547,439,2024-09-06 06:19:59,98412.28
1230,403,2026-05-13 21:20:24,29224.68
702,441,2025-11-11 15:51:02,86608.47
713,401,2024-08-25 09:52:37,44391.68
971,435,2025-02-19 23:52:51,78465.52
871,444,2025-01-30 08:25:48,25861.11
1400,403,2026-02-07 19:54:49,22815.36
1401,422,2026-07-17 09:28:19,56439.96
574,433,2026-05-07 17:01:33,21212.14
1189,433,2025-09-08 12:39:02,6245.51
1456,414,2024-09-03 06:41:58,27931.9
761,413,2025-10-07 21:53:50,74060.01
1247,423,2025-08-04 03:33:21,96828.18
1059,436,2025-10-23 08:22:54,2735.37
727,428,2026-05-19 06:31:33,22065.66
1455,415,2026-01-25 22:40:11,6082.9
732,428,2025-10-02 02:18:09,78942.52
936,434,2024-12-11 20:51:16,81044.27
842,404,2025-10-11 09:13:07,17200.01
1037,448,2025-08-22 20:17:13,95437.24
1256,416,2026-02-11 00:55:06,80821.28
879,431,2025-09-17 22:37:21,7783.2
1284,448,2025-09-15 19:55:52,13386.28
1194,437,2026-07-02 19:40:10,89905.81
860,419,2025-08-19 16:44:30,66024.83
1040,421,2026-03-20 02:23:53,14005.65
967,449,2026-06-13 11:02:11,97613.11
647,402,2026-01-26 12:27:02,8277.63
1030,424,2025-03-08 01:42:33,31804.02
1245,448,2025-09-07 21:21:02,47414.02
1355,408,2026-07-01 11:05:03,21307.41
666,403,2026-01-23 12:38:26,83908.89
1489,445,2026-02-07 15:56:26,80370.22
578,442,2025-08-26 17:46:37,5633.26
893,435,2025-02-26 10:47:53,80806.46
565,405,2026-06-21 03:48:02,67208.5
633,427,2025-12-31 00:03:35,2008.06
947,403,2024-12-12 04:59:13,77112.48
956,447,2025-01-05 08:37:39,78168.59
1435,432,2025-09-05 23:52:20,80754.96
517,422,2025-09-07 14:27:19,77666.02
717,411,2026-07-27 04:31:40,53087.69
1265,412,2025-01-21 03:39:26,16612.26
1035,437,2026-07-08 11:56:36,85992.77
791,419,2025-12-21 18:21:30,54917.18
999,406,2024-12-02 13:50:53,28571.67
1261,411,2024-08-28 16:02:08,73336.5
539,433,2026-03-11 01:03:33,67121.25
1345,426,2025-12-08 18:20:25,4343.86
795,429,2025-02-24 16:33:09,98013.19
1282,439,2025-03-28 18:00:52,23398.42
941,442,2024-11-17 23:30:58,8210.91
1241,412,2024-10-17 04:55:57,45440.09
977,447,2026-01-18 05:16:47,67434.36
681,439,2024-12-16 12:39:50,91454.18
1129,450,2026-04-08 21:31:24,26757.88
1286,416,2024-08-11 01:58:14,73173.5
1349,445,2025-06-01 19:08:09,71570.64
903,429,2026-03-29 13:19:11,59771.39
1011,436,2024-11-20 14:03:57,1395.84
599,411,2025-09-20 01:45:15,3018.23
1354,413,2026-01-08 11:07:28,26674.48
1283,423,2026-05-31 15:18:14,34846.93
1312,429,2024-09-05 06:54:16,57215.62
1232,447,2026-04-09 11:58:31,92628.85
1306,442,2025-06-28 09:50:27,75209.52
1112,406,2025-07-19 04:14:45,13112.46
1078,438,2025-04-21 01:18:51,91278.73
726,412,2026-05-06 10:16:28,63048.37
1042,420,2025-07-07 00:32:35,82976.84
1431,438,2025-11-14 19:33:01,69714.1
519,408,2026-01-05 01:58:20,45823.92
1147,444,2025-09-04 21:30:14,7663.79
824,439,2026-01-18 14:06:19,59896.77
712,436,2026-03-28 02:50:57,37923.44
547,430,2025-02-22 04:47:03,4376.99
1385,427,2024-10-03 21:04:37,67134.57
803,412,2025-06-25 21:19:30,5316.15
577,411,2025-07-06 02:06:13,79949.2
1208,448,2026-06-03 07:17:07,45092.75
1255,408,2025-05-13 09:45:41,18422.94
586,406,2025-11-19 02:45:05,88107.5
603,445,2025-12-30 23:03:35,47007.85
1064,431,2026-08-03 16:33:43,77923.47
1452,406,2026-05-06 20:22:57,48968.0
646,417,2025-07-13 18:51:54,48072.48
513,433,2025-03-07 10:21:28,43339.89
1386,413,2025-11-13 11:25:03,51544.48
809,447,2025-10-03 14:56:03,55830.16
539,419,2026-02-03 01:09:48,31029.85
1255,427,2026-02-24 00:53:02,23891.81
526,412,2026-06-26 06:41:07,8565.01
829,441,2025-01-20 15:10:27,51642.59
888,436,2026-01-06 21:02:35,86196.17
1233,427,2026-02-09 03:57:42,71634.38
836,441,2025-02-22 05:09:07,27144.07
1301,435,2025-06-19 02:05:30,76727.41
533,426,2025-12-18 04:12:41,36224.37
1377,402,2025-10-25 00:34:44,24726.35
1032,418,2025-01-29 21:27:19,74045.8
1307,409,2026-03-10 13:12:57,21332.46
1452,410,2025-04-21 00:35:30,90520.96
927,419,2025-02-14 09:33:13,29143.87
1169,428,2025-08-23 18:43:04,67806.75
629,431,2026-07-12 18:53:02,46985.52
1225,426,2025-11-30 19:01:18,78460.07
1102,424,2025-06-24 17:57:21,43527.01
1490,423,2024-09-05 09:55:45,27260.57
1115,432,2024-10-30 21:16:05,63559.63
918,415,2026-06-24 16:28:04,94014.16
1024,401,2024-09-01 14:04:59,58738.87
837,409,2025-06-07 14:47:23,84503.38
1158,423,2026-04-30 21:01:21,62844.77
807,402,2026-06-28 19:02:22,26009.19
1131,418,2024-10-23 06:04:48,59911.4
1342,439,2026-03-24 11:45:43,88950.71
580,405,2026-04-08 09:28:00,97291.86
729,450,2025-05-28 09:09:49,16555.31
821,403,2025-02-19 12:50:37,96897.98
518,403,2024-11-10 21:39:48,40899.34
1209,417,2026-02-10 22:56:09,79216.95
1334,424,2026-07-17 11:07:28,20526.27
1410,413,2024-12-18 11:07:38,75446.25
1340,429,2025-09-01 06:29:09,42051.86
1150,421,2025-03-29 15:48:49,38641.53
807,432,2025-02-15 00:55:09,32618.93
868,426,2025-09-29 02:49:55,45390.34
1288,407,2024-11-05 09:16:59,37227.83
1461,434,2026-06-23 14:20:07,53053.43
787,415,2025-08-15 20:03:33,32279.87
516,419,2026-04-24 23:09:24,25421.8
786,422,2025-07-16 13:39:10,25039.46
1454,437,2024-09-18 02:41:50,79167.8
824,406,2026-03-07 11:49:02,14300.19
1202,448,2024-12-19 18:43:00,91742.84
1180,432,2026-04-14 03:34:46,65238.77
1072,429,2024-12-08 12:46:32,18391.98
1104,441,2025-04-23 11:48:32,36268.69
1265,424,2026-03-31 11:49:10,91373.86
824,403,2026-03-10 19:16:29,59200.66
1092,422,2025-06-10 06:02:47,37084.73
1218,427,2025-03-04 23:38:28,86920.12
554,418,2025-08-20 04:05:51,15833.5
1163,414,2024-09-16 00:49:42,37493.52
926,442,2026-05-15 02:42:05,98317.82
784,407,2025-02-27 15:42:35,20565.0
1022,413,2026-03-10 19:43:47,14049.82
1016,441,2024-11-12 14:00:02,26751.77
1268,430,2024-12-05 13:53:10,17690.58
1287,408,2025-06-27 05:48:15,25834.6
1392,431,2026-04-01 14:26:05,83117.42
634,448,2024-10-17 07:45:30,66107.13
788,446,2025-07-12 09:03:26,77458.39
1499,410,2026-04-28 00:51:48,66778.1
1466,429,2025-07-30 15:49:49,70022.8
551,420,2026-04-24 20:06:13,58075.7
1434,421,2025-12-18 06:05:20,77471.15
867,402,2024-09-19 11:56:32,31509.35
708,440,2024-10-10 14:57:56,86985.55
1457,430,2024-12-21 05:49:58,39676.51
1381,432,2025-11-29 20:34:25,1369.83
566,415,2026-04-21 21:46:29,36425.51
1498,432,2026-07-01 13:48:10,49911.3
1203,435,2026-08-03 21:35:27,54732.97
1003,429,2025-02-27 13:16:40,62256.35
1348,408,2025-07-21 19:59:04,24170.59
768,436,2026-05-04 18:33:41,80597.14
524,402,2026-02-13 04:24:40,99016.75
1214,441,2025-04-22 01:21:54,80904.53
758,450,2025-04-23 11:50:48,91464.42
606,441,2025-01-17 18:57:06,5051.06
785,409,2026-02-10 13:28:49,70852.72
1310,415,2026-07-15 13:59:03,95636.61
1313,432,2025-06-30 02:43:25,34362.83
866,429,2026-04-29 04:59:29,62631.35
1481,423,2024-12-27 01:53:20,52624.93
1444,434,2024-09-15 21:35:47,24889.06
855,430,2024-12-02 20:49:04,38011.85
862,448,2026-02-20 11:42:46,26759.36
663,444,2026-04-21 01:56:12,87313.61
1481,434,2026-06-12 22:26:25,70710.52
1323,407,2025-04-24 19:37:07,38918.26
1005,409,2026-05-31 10:53:18,79253.13
1261,402,2026-03-05 10:47:57,86098.83
1243,404,2026-07-24 13:14:37,17072.02
1313,447,2025-11-21 00:55:51,36027.14
1366,446,2024-09-11 12:57:02,38660.5
1475,407,2026-03-14 14:43:18,64977.15
666,425,2025-12-30 07:24:13,73376.53
1463,448,2024-12-26 03:25:31,1512.06
868,418,2026-02-22 04:25:53,31103.57
1003,421,2026-06-03 22:46:31,87152.52
1022,436,2024-09-07 02:36:40,86028.94
902,411,2026-05-16 20:01:39,34811.76
1111,433,2025-03-05 14:27:23,31884.02
615,413,2026-06-11 17:03:52,30466.03
517,446,2025-03-03 18:43:16,68376.25
892,447,2025-12-05 23:01:36,87437.53
1352,405,2026-02-08 01:30:16,39558.18
865,413,2025-12-15 13:20:06,84097.72
717,436,2024-11-09 02:28:39,13942.71
776,428,2026-02-02 17:15:17,94108.12
534,407,2025-07-20 19:57:03,9391.05
1299,415,2026-04-22 00:16:56,74027.17
755,404,2026-06-12 17:47:18,69219.17
1271,450,2025-07-11 09:42:47,71503.28
1430,417,2024-09-23 18:57:22,98228.39
1194,433,2026-06-16 20:02:10,41900.84
973,434,2024-10-12 12:27:25,56565.13
1220,411,2025-10-30 10:10:18,57665.33
1092,430,2025-08-25 12:47:03,77411.57
1292,436,2025-04-11 16:09:25,32640.81
1301,444,2025-10-28 07:57:13,55960.53
938,420,2024-09-04 21:06:44,52666.29
1409,408,2025-12-01 17:53:00,58960.08
1141,430,2025-09-04 18:31:47,29630.49
703,431,2025-06-12 20:00:00,42704.89
1008,428,2026-05-24 19:12:44,11113.31
619,436,2026-05-30 20:10:03,59906.62
880,408,2026-06-13 12:42:20,62252.43
805,420,2026-07-16 09:02:10,32045.02
1135,419,2025-08-28 19:19:10,6093.12
1383,404,2025-06-10 10:25:51,30959.05
1271,431,2024-08-31 02:58:58,60070.92
1492,435,2026-01-05 14:07:53,98964.67
700,425,2025-01-26 08:28:39,91744.24
728,405,2026-06-29 08:56:24,81912.79
1050,406,2026-02-24 01:28:29,38387.73
1273,405,2025-02-17 04:12:11,48204.08
899,441,2024-10-13 04:02:44,34481.93
680,424,2025-03-28 16:26:41,97507.88
1014,405,2026-05-08 02:43:23,76041.37
1071,415,2026-06-12 05:31:07,64694.02
1096,436,2025-05-28 22:59:48,65373.43
1183,408,2025-10-23 12:17:21,64239.82
1079,426,2024-09-17 15:51:22,45884.35
1265,438,2025-01-26 12:34:55,62255.45
600,404,2026-04-28 00:29:46,62565.83
807,448,2024-10-19 23:47:54,19240.52
539,418,2024-10-22 06:01:35,93037.03
1147,412,2026-01-26 10:28:05,43119.85
850,413,2026-06-19 11:00:28,18075.8
555,438,2026-08-07 11:47:04,62624.82
570,433,2024-08-22 05:25:14,73438.68
995,441,2025-08-12 15:00:41,57639.1
903,425,2025-01-17 09:24:50,54675.29
984,442,2025-04-20 14:47:48,30783.37
504,435,2025-03-17 15:12:04,6080.58
1058,449,2024-09-13 06:58:37,70055.19
769,405,2025-11-08 13:50:34,68966.65
865,430,2024-09-19 11:28:59,82457.55
1138,411,2026-05-22 19:09:55,82033.18
1207,439,2024-09-30 18:47:35,99437.08
1389,431,2026-08-04 07:34:23,93088.15
1259,444,2025-03-15 05:34:19,96088.45
1338,427,2025-01-21 11:13:33,43935.12
964,430,2024-11-23 06:05:35,57931.95
876,431,2024-12-31 20:04:01,94864.87
1079,402,2025-09-28 17:17:28,51940.51
1271,443,2025-01-17 15:20:41,80030.62
1383,444,2024-10-28 13:38:18,28695.44
986,421,2025-02-12 16:55:16,41196.32
588,428,2025-12-06 15:53:48,18623.77
730,405,2025-09-03 11:50:49,37728.35
1134,436,2026-03-01 17:47:29,17241.42
720,407,2026-02-02 20:33:53,40765.61
1080,415,2025-08-31 19:04:07,25613.79
824,409,2025-02-24 19:22:26,25141.21
874,428,2026-03-16 14:23:42,23363.14
966,448,2026-02-13 16:19:14,11627.37
1273,418,2025-09-26 12:50:26,37730.23
728,447,2025-05-16 07:40:06,42234.56
1287,440,2025-01-22 21:01:29,41154.68
927,422,2026-04-18 22:14:35,32596.82
1084,444,2025-12-17 15:06:40,7395.61
1149,417,2026-01-19 11:23:36,2077.23
1112,449,2025-11-14 12:43:22,76579.97
1496,429,2025-04-10 19:25:08,67722.39
655,415,2025-04-22 23:58:43,39859.5
1151,440,2025-05-06 08:11:47,46079.39
1045,413,2025-03-04 10:22:19,39946.76
530,405,2025-11-01 03:44:33,48181.22
605,409,2026-06-20 13:11:43,63172.17
970,402,2025-11-18 06:46:18,18591.34
643,414,2025-01-10 21:50:50,51856.77
710,439,2026-07-11 23:01:03,99595.04
1238,404,2025-01-19 07:52:48,58075.27
1007,401,2025-04-04 22:11:59,79039.7
1285,449,2025-01-13 01:05:32,41076.55
1235,412,2026-05-23 06:15:02,94526.29
654,432,2025-03-25 08:33:00,40546.69
872,440,2025-05-13 15:32:50,64674.29
1482,449,2024-08-22 16:00:35,94651.29
1344,441,2025-04-03 07:43:48,91591.38
519,424,2024-09-19 20:35:46,67793.9
563,440,2025-11-04 03:45:16,44052.35
619,415,2024-09-29 15:28:00,11304.4
751,434,2026-03-04 02:29:41,92886.59
1241,415,2026-04-15 13:10:22,38645.97
802,407,2025-07-30 07:58:25,86616.48
840,442,2026-02-27 14:21:46,88214.69
582,437,2025-09-09 19:28:21,52168.42
1127,437,2025-12-27 11:43:57,93577.69
772,429,2024-10-16 13:01:55,10688.57
654,430,2024-12-11 14:33:05,99763.95
922,415,2024-11-21 05:28:50,95686.75
531,440,2025-01-11 08:24:05,10440.49
1031,419,2025-06-08 03:04:54,70198.49
1115,424,2025-10-29 00:07:09,33085.77
532,406,2024-10-28 12:15:23,78407.82
1381,401,2026-06-30 18:48:30,43617.5
1038,401,2025-02-25 08:15:53,52814.77
805,427,2025-03-22 18:05:35,34222.35
529,409,2025-11-08 23:15:22,56337.17
1065,438,2026-01-04 10:07:40,91223.17
753,420,2025-07-28 05:06:43,67664.8
1123,438,2026-06-25 08:31:17,67667.21
555,401,2025-06-23 12:58:00,2432.98
878,408,2025-08-22 07:20:22,68003.42
570,418,2025-08-11 16:37:23,9456.34
803,418,2025-10-20 19:17:09,60431.81
1165,418,2025-06-17 15:09:33,30644.57
873,425,2026-05-08 11:41:10,91452.75
1024,428,2025-03-02 17:53:41,88953.31
993,425,2026-06-27 21:31:12,42776.17
829,438,2026-02-15 14:03:51,48512.43
1256,403,2026-02-19 09:33:14,30811.39
593,404,2024-12-21 02:08:22,92430.08
1401,428,2025-11-08 10:21:00,11679.94
561,414,2024-11-01 09:26:03,56972.04
1210,450,2025-09-04 21:57:48,96813.11
1494,439,2026-07-24 12:57:19,27994.26
681,438,2026-07-31 22:00:27,26942.56
687,418,2025-03-16 19:35:28,91029.39
830,434,2025-05-26 21:55:41,69026.23
567,432,2025-12-25 12:42:44,33799.88
1144,408,2026-06-29 14:28:31,97573.53
1296,413,2026-07-31 14:52:59,58931.97
619,433,2026-07-18 09:02:39,6898.48
560,431,2025-04-05 14:44:12,85440.35
1120,430,2025-01-14 03:58:10,10883.73
1490,428,2024-12-07 22:47:10,56424.95
898,427,2024-12-16 09:36:05,83959.97
1027,418,2025-11-07 11:44:24,40397.94
585,422,2026-08-05 22:28:12,95021.61
1147,415,2025-05-04 06:15:44,66368.49
957,405,2025-01-22 10:50:45,63160.97
1324,407,2026-04-13 02:20:00,13554.79
769,408,2024-11-06 01:52:14,73098.96
1269,411,2025-12-10 18:49:44,60395.88
597,437,2026-03-13 14:10:38,82075.78
1246,411,2025-07-01 22:27:23,83737.69
1225,402,2025-11-02 17:27:20,67208.92
698,408,2026-05-27 17:11:44,60409.91
1443,427,2025-10-05 04:12:43,76741.7
1462,443,2026-05-18 00:36:31,52574.23
926,432,2025-11-27 11:30:08,22514.31
1078,427,2025-12-05 00:55:15,24265.41
1434,418,2025-10-09 00:10:57,38092.16
790,420,2025-05-03 18:01:44,15869.49
1062,448,2025-04-21 15:48:26,32193.14
1203,409,2026-01-04 16:42:11,19853.89
1432,416,2025-05-04 22:06:26,90339.62
1288,448,2026-07-18 07:27:59,14329.07
1117,425,2026-05-29 22:26:01,48312.48
1276,420,2026-07-04 15:00:21,99656.32
1499,415,2025-08-20 20:02:00,3119.27
540,406,2025-10-21 05:35:58,25895.38
1197,403,2026-03-05 07:51:10,99533.96
896,426,2026-01-18 08:31:22,17332.82
720,406,2025-08-11 04:35:37,56886.37
1269,442,2025-12-02 22:38:01,57122.54
786,412,2025-12-06 20:21:39,66201.25
752,419,2024-09-05 23:21:47,62555.65
692,434,2025-12-18 05:51:27,13082.89
855,416,2024-11-28 02:41:25,87376.46
1131,417,2026-08-05 20:10:21,59740.05
897,404,2024-10-13 01:27:28,75736.9
1422,445,2025-02-15 17:20:24,98003.43
1283,405,2024-11-21 12:28:39,15646.76
950,434,2025-07-01 10:04:51,24663.59
1049,448,2026-04-06 14:43:10,53154.2
1232,429,2024-10-09 07:43:07,2080.8
1297,414,2026-03-17 08:42:13,80103.43
1156,434,2024-12-29 22:12:18,95874.75
1273,423,2025-11-03 10:47:43,92368.72
893,409,2026-04-11 11:42:52,94686.22
595,429,2024-12-08 14:36:21,28374.43
1188,422,2024-10-08 19:56:56,88604.59
1496,432,2025-09-11 22:45:32,21608.34
1172,438,2025-11-26 15:07:59,19463.69
1233,424,2024-10-15 22:23:44,48578.6
558,419,2025-04-06 15:09:38,87527.92
549,448,2025-08-11 18:01:30,60793.46
667,423,2026-04-22 06:47:09,90502.98
546,422,2026-04-10 05:15:20,52678.85
1314,431,2025-07-17 10:26:50,21188.92
911,424,2025-12-12 09:25:07,43477.32
1130,427,2025-10-15 10:17:21,16152.92
1012,443,2025-12-24 06:00:55,83571.38
888,424,2025-07-18 02:30:06,95644.15
1153,442,2026-03-08 11:03:55,30301.86
611,404,2025-12-16 05:02:46,93125.42
1480,430,2025-10-25 14:19:12,51869.55
769,402,2026-04-18 14:38:13,89142.75
640,448,2024-10-23 02:11:58,93066.32
1478,414,2025-12-31 17:48:08,77886.15
1022,431,2026-06-25 12:47:24,29674.27
1304,441,2025-08-31 01:11:07,59661.23
1368,433,2025-11-26 21:03:47,12829.95
1145,431,2025-01-24 04:16:09,68852.21
700,440,2026-06-25 13:38:58,87074.59
849,428,2024-11-01 16:02:15,38778.33
1110,415,2026-05-02 22:38:40,12090.9
964,420,2024-08-20 04:59:52,91105.81
1313,414,2024-11-01 10:13:19,66071.72
904,422,2025-04-27 12:03:26,50895.33
1084,428,2025-11-08 23:08:45,62753.23
770,440,2024-09-10 06:18:15,83317.7
1439,412,2025-10-12 13:28:36,70551.07
812,438,2024-10-18 07:31:35,33892.42
1214,421,2024-09-08 11:20:36,15522.73
909,423,2026-08-06 03:02:09,24840.03
1197,406,2025-12-26 12:58:13,80337.26
970,446,2026-01-07 19:58:07,27360.16
1220,405,2025-01-25 19:06:54,99499.7
1158,442,2026-07-25 04:32:52,99336.48
1092,427,2026-03-05 23:43:56,49132.1
899,432,2024-09-05 15:26:06,30054.31
877,437,2026-03-19 19:29:00,76285.94
508,420,2025-07-18 11:11:27,15719.32
1149,444,2024-11-30 07:14:00,53034.63
809,413,2024-09-27 10:46:15,62117.38
569,450,2024-11-07 01:43:31,64970.54
1073,408,2025-08-14 15:44:48,52487.26
1256,410,2024-12-14 13:44:04,64953.97
568,413,2025-08-14 10:09:48,99746.61
647,411,2025-02-07 15:34:11,23342.79
1455,417,2025-01-01 22:57:40,3616.88
1002,420,2025-07-05 18:59:49,72339.66
1300,445,2025-09-27 07:47:37,74747.1
710,434,2024-08-31 23:23:26,16246.89
635,434,2024-11-07 22:37:09,30392.6
722,447,2026-03-20 13:02:25,58251.17
1158,422,2024-12-24 17:27:27,61723.37
1121,432,2026-03-15 12:37:08,64839.83
1017,448,2026-03-04 08:10:00,43752.57
1432,412,2025-05-30 18:40:43,84083.99
652,448,2025-10-23 09:26:50,78624.25
573,441,2025-10-14 05:59:42,96646.16
1422,416,2025-10-31 08:39:01,81427.37
588,408,2025-06-09 20:04:07,47578.08
941,450,2026-05-09 16:19:02,50643.82
1059,437,2024-09-16 22:22:33,64558.14
1440,447,2026-04-14 10:27:13,8202.85
644,448,2026-01-07 12:00:29,43123.58
811,415,2025-04-06 15:24:19,36725.36
1105,449,2026-06-04 03:48:02,8289.76
1145,410,2024-10-14 12:11:14,37399.0
1276,444,2024-12-01 14:44:46,35685.58
969,425,2025-10-03 05:42:34,25331.9
616,421,2025-08-07 03:53:38,7014.19
1352,416,2025-06-13 03:53:52,39040.97
911,433,2025-12-27 12:23:05,6694.31
622,433,2024-08-26 08:44:56,31512.32
1457,401,2024-11-12 16:11:18,31274.42
1044,430,2026-06-03 09:05:04,93226.59
838,426,2026-07-01 19:52:38,37827.68
1122,405,2025-10-20 04:19:57,64110.67
1300,414,2024-11-11 21:34:05,35858.88
1347,424,2026-04-01 13:48:32,96948.23
784,431,2024-09-18 10:22:32,73721.1
601,436,2025-06-08 02:36:10,39081.12
707,443,2024-12-11 13:56:31,4284.93
602,434,2025-08-27 16:56:15,5623.69
1056,430,2025-12-11 23:46:52,13264.68
806,447,2025-08-09 11:22:51,52740.28
1198,422,2024-12-19 13:35:46,3432.97
1422,435,2026-05-24 16:56:41,5894.94
523,441,2026-01-24 07:13:48,49428.56
1348,441,2025-10-16 16:06:06,14651.95
1038,413,2026-04-27 01:58:25,61889.34
549,423,2025-10-04 12:39:04,88748.41
708,447,2026-02-02 23:09:31,83378.68
950,438,2025-06-05 21:34:11,57691.22
971,411,2026-05-01 20:21:26,7780.88
802,450,2024-12-28 21:14:37,36571.68
1275,416,2025-08-06 01:06:49,83565.11
1123,437,2026-05-30 05:30:35,60295.33
1479,427,2025-04-04 18:01:17,25954.65
531,402,2024-11-16 00:53:34,49030.75
1044,444,2024-08-11 01:55:33,96697.32
1435,431,2025-03-15 19:17:09,59875.5
837,424,2024-11-18 00:13:30,20738.66
1295,409,2025-10-06 10:31:41,84131.63
770,446,2025-08-04 22:43:54,54217.25
1073,407,2024-11-04 22:00:48,38042.78
695,438,2026-01-10 19:17:21,71287.25
601,408,2025-08-29 22:34:17,11000.65
1115,445,2026-02-08 18:57:47,45366.32
522,420,2026-01-04 05:57:19,53919.6
701,447,2024-09-22 14:53:58,70906.19
916,431,2026-02-06 23:26:56,31862.85
933,425,2025-08-30 15:52:23,99515.56
653,405,2025-10-01 16:15:07,81493.49
1267,426,2025-08-22 04:25:42,83786.34
1474,443,2024-12-03 11:45:08,91308.3
1048,436,2025-05-28 11:59:39,76957.87
1280,412,2026-07-09 11:14:02,38418.08
918,434,2026-01-03 02:00:01,2347.89
1322,401,2025-07-13 16:00:32,29472.34
564,414,2024-10-21 01:54:39,38425.75
577,407,2025-03-20 20:28:00,3493.85
518,447,2026-01-02 19:06:55,89582.14
1378,449,2026-04-24 10:39:58,1610.26
808,401,2025-06-17 01:26:46,44357.34
696,409,2024-08-13 15:51:32,62427.91
1464,416,2026-01-23 15:39:38,84386.89
586,431,2025-01-01 12:43:32,74120.4
658,430,2025-01-24 23:13:19,98619.18
819,420,2024-09-09 15:10:22,37652.95
930,441,2024-10-29 13:58:40,21501.3
600,433,2025-12-10 21:45:50,49912.53
940,407,2026-04-04 16:07:07,38446.75
1206,438,2026-07-10 01:33:29,10106.27
1345,449,2025-03-04 00:53:13,18814.88
663,444,2025-09-29 14:43:15,49939.28
903,408,2025-03-31 09:04:09,99465.7
769,405,2025-03-23 11:07:05,32836.64
628,442,2025-08-07 06:44:04,6872.99
1135,429,2025-11-22 21:53:17,91631.31
813,443,2026-06-22 03:31:18,76651.9
1283,406,2024-12-17 16:34:00,50553.11
568,409,2024-08-22 21:26:50,48876.91
1384,429,2025-05-19 10:25:58,29287.67
898,415,2026-01-28 16:40:41,90945.11
1419,408,2025-05-04 23:03:10,69037.08
1180,438,2025-06-20 02:11:51,49205.67
876,411,2025-12-07 11:11:19,30500.1
1238,435,2025-04-23 00:18:34,78522.6
1366,441,2026-05-18 15:54:39,52955.7
752,407,2025-12-30 18:10:46,33939.95
599,434,2025-04-08 00:49:03,30120.66
1403,446,2026-01-29 04:59:28,98362.94
1167,411,2025-01-01 11:19:57,56351.5
1401,432,2026-07-06 23:45:33,47376.67
1261,446,2026-01-20 08:28:24,69589.18
1059,418,2025-08-24 07:35:53,71428.46
609,422,2024-09-14 04:17:21,54367.17
963,438,2024-09-04 07:59:59,77624.46
851,408,2025-11-26 04:59:27,33150.39
1373,427,2025-11-28 21:43:10,29093.42
897,412,2025-09-17 21:28:12,24063.85
1079,445,2026-05-05 08:00:00,87403.04
550,437,2025-07-09 21:35:31,92981.29
649,446,2026-01-12 10:16:39,15947.57
1054,447,2025-03-25 07:37:32,33146.53
701,403,2024-11-15 06:08:54,87006.45
736,411,2026-01-19 17:58:58,23101.51
1410,431,2024-10-12 11:13:08,33546.02
960,429,2024-12-24 22:52:04,2818.77
1287,411,2025-05-07 12:43:06,68978.18
1306,437,2026-01-22 17:05:32,91381.94
874,410,2025-04-20 09:15:33,42413.75
694,433,2025-08-15 20:39:28,3722.88
1023,445,2026-04-06 21:31:33,21819.95
698,429,2026-06-20 00:14:39,8301.42
1472,441,2025-07-11 02:06:36,7176.91
1050,428,2025-08-13 05:54:07,33383.46
1494,439,2025-07-23 04:19:03,33029.41
904,432,2026-03-26 22:28:34,33311.19
891,428,2024-08-31 22:11:59,19785.94
1170,420,2024-08-22 16:45:22,49111.77
1171,438,2026-06-14 02:45:23,59450.84
1307,435,2025-06-21 05:43:54,79037.03
636,445,2025-12-29 11:09:46,91046.87
1363,403,2025-06-11 20:51:44,47253.99
1397,450,2025-12-19 00:35:14,69421.07
1474,426,2026-06-09 18:38:12,59591.03
1279,447,2025-07-10 19:24:32,51008.06
1235,444,2026-03-17 21:38:02,54693.43
948,437,2025-07-24 02:06:53,86390.11
890,432,2026-07-10 04:42:16,75613.86
1053,406,2026-06-28 18:47:55,33767.36
1053,438,2024-10-21 18:24:57,23445.28
814,405,2024-09-30 08:38:01,56633.87
569,405,2025-05-29 19:53:43,87668.9
1153,427,2025-07-05 02:06:23,52434.24
1156,417,2025-01-24 15:16:05,71043.68
978,450,2025-05-02 14:05:34,23791.23
543,416,2026-04-22 03:33:48,80137.11
1480,446,2026-01-25 23:50:37,85280.91
617,403,2025-08-31 03:14:06,24374.02
585,448,2025-08-01 13:11:04,69929.28
1029,406,2026-04-23 11:00:32,96259.98
1468,438,2025-02-23 14:18:13,71809.35
1040,410,2025-11-09 05:46:34,14286.7
624,429,2025-01-08 15:45:12,10300.86
1282,412,2024-11-08 04:31:21,49018.96
533,438,2024-08-24 15:22:19,7521.68
529,413,2026-03-20 06:50:13,65900.35
619,408,2025-01-10 18:45:03,95675.42
928,435,2025-04-22 18:33:37,95305.14
638,404,2026-03-05 01:01:07,63377.0
635,446,2024-08-10 17:58:32,40082.28
1057,404,2026-07-06 00:32:44,72947.28
793,407,2025-08-24 03:46:56,53098.91
975,446,2026-07-01 23:13:29,70654.72
680,415,2025-09-03 23:49:04,46598.21
1439,423,2025-01-16 04:47:44,34934.7
1039,423,2025-01-01 21:46:30,71962.37
925,409,2026-02-25 04:50:06,3021.95
1456,401,2024-12-25 10:23:45,89487.39
761,415,2024-09-26 19:44:26,97508.21
703,413,2026-08-05 03:59:25,97177.13
752,412,2025-03-08 19:21:15,60340.54
572,444,2025-06-15 03:58:37,6480.22
1107,447,2026-04-21 13:36:14,5851.03
1023,413,2026-07-07 16:21:44,12504.0
1410,412,2025-06-08 08:10:02,65486.85
1041,415,2025-12-03 15:15:36,30803.4
755,414,2025-02-01 09:24:02,9025.15
832,446,2025-04-17 02:57:09,59996.87
597,444,2024-10-19 22:05:46,6816.02
875,449,2026-05-31 10:47:53,33839.91
1143,445,2025-03-16 08:01:23,95809.99
703,442,2024-12-01 12:04:03,24811.93
853,402,2026-01-24 10:58:13,65829.86
756,426,2024-11-07 15:40:39,55217.74
898,432,2025-04-21 09:55:04,74067.39
603,433,2025-05-03 01:24:27,38559.27
1061,435,2025-05-30 10:32:33,15262.63
1396,431,2024-12-24 12:47:56,98039.32
647,405,2024-12-21 11:04:49,1436.44
694,417,2024-11-19 22:44:28,30386.58
878,405,2026-07-01 04:05:15,67991.16
1193,412,2025-03-09 12:44:59,59881.46
1042,410,2024-08-15 12:15:32,18371.04
1015,411,2024-12-17 17:01:03,39942.3
551,413,2026-07-18 14:17:27,58099.26
1322,412,2025-04-21 08:15:24,77137.8
606,442,2025-05-06 06:18:45,38316.0
840,433,2025-05-27 00:27:43,53946.48
885,419,2024-12-11 04:25:13,14801.12
1137,438,2026-06-14 16:52:36,5410.41
1023,420,2025-12-26 00:21:32,95435.1
1410,450,2025-03-04 12:03:43,69136.74
1360,446,2024-12-30 19:20:56,50612.92
1333,417,2025-09-20 10:31:15,15679.19
1096,439,2025-08-18 11:40:25,52981.37
808,402,2025-09-04 20:28:29,77334.82
1343,431,2025-02-13 22:17:14,75463.87
991,428,2025-01-13 18:24:03,43262.56
1114,438,2024-11-03 02:58:55,61225.2
609,443,2025-11-12 12:36:01,89923.3
1265,407,2025-06-25 06:27:16,91768.45
1088,447,2025-05-13 18:56:29,42035.88
1437,432,2026-07-28 03:16:51,76522.19
643,427,2026-07-13 14:31:39,53019.44
970,446,2025-05-19 22:06:30,98272.85
868,411,2025-03-31 02:58:58,31302.07
1480,433,2026-06-08 16:55:59,44984.91
1040,419,2026-03-20 03:07:37,67277.58
1337,441,2025-07-07 13:29:46,44030.13
713,412,2025-06-03 16:19:16,96658.22
1275,407,2026-03-12 14:10:03,83507.5
867,431,2025-01-06 12:24:57,31771.07
683,427,2025-01-07 14:57:40,59278.58
1447,443,2025-01-13 08:28:37,20210.5
1233,449,2025-02-16 04:54:36,73283.69
1109,420,2025-03-11 15:10:28,59409.87
864,433,2024-11-08 08:18:17,35027.08
1088,425,2026-04-01 04:12:14,62461.66
901,404,2025-03-09 18:07:23,89005.77
1323,433,2025-01-12 04:53:32,84709.51
1382,446,2026-07-28 01:36:27,55449.24
1395,409,2025-05-29 02:54:01,88209.93
858,449,2026-04-09 23:34:11,81686.91
517,406,2025-06-01 15:03:51,62335.44
931,435,2026-03-01 13:56:01,37201.82
1354,439,2025-08-02 01:05:03,86699.02
508,407,2026-01-11 07:43:25,59234.11
1049,411,2025-04-18 01:19:00,47348.98
605,450,2026-06-02 21:59:48,40542.89
798,439,2024-10-12 12:58:41,44404.58
841,446,2025-11-10 03:29:43,7145.87
634,426,2025-06-09 14:57:21,33891.22
1383,441,2024-12-18 20:12:01,90889.43
1260,441,2026-03-21 15:01:34,9880.04
963,446,2025-03-24 02:04:31,89617.31
1211,427,2025-08-10 03:49:44,11427.61
1187,434,2024-12-01 11:41:43,567.84
689,447,2025-02-25 15:38:43,50849.94
866,402,2025-05-07 20:16:44,66817.24
995,408,2025-08-19 11:01:18,75726.02
530,424,2024-12-14 01:35:34,43897.3
1447,423,2024-11-04 09:29:15,58093.68
1222,422,2025-02-04 18:58:30,58829.34
624,426,2026-03-01 15:29:13,13852.0
1226,404,2026-01-30 08:18:52,12666.3
1136,430,2025-10-31 22:38:13,99318.77
601,417,2026-01-16 14:58:15,36829.27
585,415,2025-05-16 11:16:26,17579.92
833,407,2026-07-16 22:05:29,47202.0
608,444,2024-11-29 06:37:41,33093.44
601,408,2026-07-27 03:38:30,38723.74
1409,440,2024-10-24 14:13:49,3400.06
1256,435,2025-06-12 15:20:48,59470.61
1052,423,2025-09-18 06:39:51,58377.57
1138,418,2025-05-20 06:12:02,1596.75
1120,444,2026-03-09 19:30:56,41407.92
1235,446,2026-08-02 03:58:51,24461.82
710,436,2024-11-09 05:45:00,79018.12
623,433,2024-12-09 19:42:20,85947.46
1243,407,2024-10-28 16:45:04,58701.02
567,437,2025-01-03 02:31:04,51299.99
501,429,2026-02-01 22:54:18,36200.4
1012,438,2024-12-03 13:24:32,39535.24
684,415,2024-10-08 12:56:03,34233.95
1369,442,2025-01-21 03:24:59,53289.16
721,442,2026-05-19 10:22:11,27589.74
1490,420,2025-04-04 10:09:41,12281.03
1047,423,2026-06-02 10:47:13,951.15
609,415,2024-11-12 07:28:34,22929.3
1415,420,2024-11-19 03:34:24,81437.99
1022,448,2024-11-13 22:09:24,48907.21
900,404,2024-10-30 21:15:44,42470.2
1187,427,2025-08-31 11:52:57,92877.83
912,432,2025-12-27 04:13:53,84008.67
1461,433,2025-03-08 06:44:13,1847.54
1195,448,2025-10-22 22:14:29,58973.98
835,411,2024-11-12 19:01:19,28931.83
532,411,2025-08-09 19:25:30,39438.17
781,449,2025-04-10 12:32:15,6306.72
758,429,2026-06-15 07:44:41,62966.93
922,404,2025-06-06 20:05:43,58269.67
822,401,2025-07-12 11:54:09,45618.86
686,439,2025-01-08 10:26:30,56365.44
1065,405,2025-11-16 17:01:20,32719.24
869,446,2026-03-31 01:58:37,6390.02
879,420,2026-02-01 21:34:54,83911.37
989,433,2025-11-07 20:07:51,14826.01
1318,402,2026-02-01 16:12:55,12045.75
902,418,2026-08-05 03:38:34,97640.27
1102,421,2026-03-15 01:45:51,31047.15
1279,419,2025-04-25 03:50:56,52322.68
883,417,2025-04-25 02:47:58,69693.94
1332,449,2025-08-15 01:31:26,41989.49
1310,409,2026-04-22 07:51:43,9256.06
601,405,2025-12-28 12:40:22,76058.41
1295,439,2024-08-15 14:48:27,78562.61
1019,423,2025-04-12 10:34:10,31688.96
679,448,2026-06-09 23:24:43,97531.36
1134,402,2025-09-05 15:16:48,25733.74
908,407,2025-07-21 19:42:05,81106.39
1240,408,2024-09-19 16:06:20,32155.18
614,409,2025-01-14 02:46:52,21491.76
732,403,2024-08-11 18:15:05,89284.7
788,444,2026-03-04 03:14:30,15812.82
748,403,2026-05-03 16:27:16,53746.41
787,428,2026-04-02 03:34:58,18263.55
864,441,2024-09-28 01:02:32,50440.24
783,416,2025-03-23 05:11:52,30475.33
514,443,2025-12-16 03:29:02,20197.8
924,433,2025-10-04 03:44:43,69292.86
1430,410,2024-11-24 16:58:00,88377.11
561,408,2025-05-10 03:59:12,17325.26
1090,402,2026-04-14 11:07:37,79471.92
590,414,2024-09-04 10:46:45,94183.85
595,420,2024-11-27 17:19:43,10026.16
1283,444,2025-05-27 00:30:34,38949.54
1179,432,2025-10-11 02:32:02,28493.31
1032,435,2025-06-11 16:48:17,57704.79
744,417,2025-12-12 04:20:14,90422.5
784,445,2025-08-23 06:24:11,61944.41
1475,410,2024-11-27 04:16:14,44675.12
1251,403,2025-07-10 11:52:02,45815.34
1491,403,2026-05-18 22:45:06,3144.86
608,441,2026-06-20 12:52:33,24662.06
780,423,2025-10-25 04:07:00,32933.7
1199,414,2024-09-19 17:46:47,68863.57
1161,413,2025-10-28 18:02:55,13358.86
1273,406,2025-08-24 06:03:14,49565.65
783,429,2026-02-05 17:50:29,37936.59
1337,407,2025-04-30 17:13:40,23493.62
730,429,2025-09-15 13:28:17,35685.28
926,435,2026-03-12 04:45:13,95205.81
717,440,2025-09-23 03:44:15,93298.89
1069,416,2025-03-15 07:35:12,89938.35
947,447,2025-01-03 13:26:18,29552.18
695,413,2026-07-09 19:54:57,36586.26
1465,432,2026-08-03 01:45:09,27635.29
954,418,2025-07-27 15:26:28,18316.1
513,441,2025-02-06 05:52:11,57690.39
1362,409,2025-12-11 00:57:54,33951.77
904,427,2024-12-25 16:58:56,92229.88
1325,404,2025-07-30 05:01:04,57644.27
731,424,2026-04-13 22:09:59,22367.4
1391,447,2025-07-20 12:49:33,51378.77
1497,407,2025-11-13 13:31:14,90767.59
674,406,2025-04-15 16:57:07,49666.8
673,422,2024-10-26 16:05:10,14489.04
759,423,2026-02-16 06:44:08,19121.01
760,438,2025-09-26 23:03:31,31744.19
519,437,2024-10-10 20:50:27,64884.67
705,404,2025-03-01 16:01:05,84588.88
1415,430,2025-04-30 22:26:01,13558.36
1472,449,2024-09-27 09:13:43,80167.78
566,427,2026-07-10 20:39:17,97735.23
734,445,2024-10-11 16:51:17,99029.57
1040,405,2025-08-14 00:05:42,13623.21
1168,424,2025-06-12 11:09:03,17450.84
503,419,2026-07-09 10:19:44,87591.09
995,442,2026-05-30 11:46:04,92079.92
802,448,2025-08-13 15:24:03,68988.08
1324,440,2025-07-03 14:39:04,82764.33
974,412,2025-02-08 00:57:45,63593.27
774,407,2026-01-08 12:29:28,54705.22
1367,444,2025-03-31 01:30:51,73007.07
598,408,2025-08-12 00:58:52,71312.43
954,430,2024-11-20 18:35:14,30731.22
1047,404,2025-11-03 20:00:17,7254.15
518,430,2026-07-16 20:21:24,45015.56
871,402,2025-04-21 03:39:34,80199.76
1007,424,2025-12-07 20:45:46,26815.57
582,449,2026-03-25 03:15:44,41711.0
1237,442,2025-10-24 01:51:13,71805.44
1445,402,2024-11-03 04:12:08,17976.12
1031,427,2025-10-27 00:51:50,89145.47
1446,420,2025-09-21 20:32:46,17642.17
708,402,2026-05-05 15:35:39,25547.02
1018,447,2026-02-09 15:28:48,16294.01
898,428,2025-06-12 01:19:06,44006.7
1344,410,2024-11-19 04:27:02,54553.98
1118,441,2026-01-23 23:26:52,71729.32
1317,407,2025-08-22 02:07:12,58091.57
1058,449,2025-11-12 01:34:33,4759.79
831,414,2026-05-30 21:24:42,78798.34
584,412,2025-12-24 23:48:57,48691.46
678,424,2025-04-06 01:07:19,80026.65
647,401,2024-09-30 15:51:03,92587.19
1058,438,2026-02-18 11:24:06,98578.75
584,439,2026-02-20 14:17:14,85517.29
1020,419,2025-03-25 15:55:03,98482.09
753,449,2025-11-08 14:28:01,18666.65
1176,416,2025-07-29 20:00:18,40972.53
975,446,2026-07-10 10:26:59,58193.74
1065,445,2026-07-12 05:47:17,53517.25
831,439,2025-09-08 19:45:25,12471.48
907,450,2026-05-22 14:15:42,89419.7
1178,424,2025-03-22 06:26:17,6494.73
664,405,2025-04-30 23:20:02,32024.89
1275,405,2025-07-28 18:19:46,19506.64
703,450,2025-11-02 05:48:38,8310.07
632,427,2024-10-07 08:17:03,24031.88
508,438,2024-12-11 12:12:36,66500.25
802,412,2026-07-15 14:24:54,97164.39
515,418,2025-10-06 07:52:18,97795.24
529,418,2024-10-06 13:53:46,54057.06
1305,416,2026-07-08 02:49:53,48933.33
1286,441,2025-11-27 01:54:21,48835.76
1303,413,2026-05-31 08:00:48,28287.7
1040,419,2025-02-20 05:43:55,64520.4
1453,450,2025-01-03 03:03:21,12915.25
600,419,2025-02-23 23:22:37,76144.57
1144,429,2025-06-01 04:29:35,56967.92
686,449,2025-11-20 22:22:24,3615.33
1492,441,2026-06-10 13:42:35,4861.77
794,444,2024-11-04 09:04:35,82790.39
873,441,2025-03-23 06:20:23,79559.77
1215,427,2025-11-13 17:20:52,63796.33
1116,441,2025-11-29 14:08:33,81146.86
1405,431,2025-02-15 01:28:21,30969.27
968,435,2025-03-21 13:15:21,30940.57
776,434,2025-11-05 05:19:56,85695.28
1309,439,2024-11-10 05:40:12,95004.41
658,444,2025-05-19 09:30:02,76511.09
1493,450,2025-07-19 02:01:11,29586.03
1159,407,2026-03-31 22:40:02,76175.61
1237,414,2024-12-05 17:00:47,72066.48
704,438,2025-03-31 05:53:06,33488.64
887,438,2025-08-28 01:00:11,67928.69
1431,414,2026-01-19 17:53:21,74500.15
677,437,2026-05-23 20:00:39,54376.12
610,443,2026-06-10 03:09:34,59293.39
1283,421,2026-06-01 06:10:57,27476.7
1102,414,2026-08-04 21:18:55,49979.07
1100,423,2026-04-02 17:40:35,40815.04
854,408,2025-01-10 23:10:51,71395.89
1171,448,2025-06-11 02:07:50,33158.71
1393,421,2025-08-25 18:54:54,14015.59
558,425,2024-12-20 10:18:02,27740.66
537,428,2024-10-20 16:46:06,10895.39
738,435,2026-07-27 20:41:32,73500.31
1174,448,2024-11-12 19:34:51,98962.48
1024,403,2025-04-17 19:18:21,82868.63
730,412,2025-09-12 15:25:41,92044.39
993,417,2025-11-12 23:28:13,44564.89
1234,406,2025-03-29 06:42:05,32899.78
1317,441,2025-10-06 16:17:34,12831.49
523,432,2025-05-02 06:50:02,71212.61
663,420,2025-07-23 06:37:01,44938.96
596,418,2025-11-27 05:45:47,72868.96
622,405,2026-01-15 00:14:42,68495.78
520,431,2024-08-18 20:44:55,95910.62
1406,450,2025-07-29 16:43:14,39432.48
776,406,2024-08-20 07:00:31,66246.07
730,434,2024-11-23 02:46:28,85564.76
1128,415,2024-08-27 19:50:55,50260.47
509,424,2025-01-25 00:22:50,11885.66
1211,443,2026-07-23 19:24:41,70544.77
708,406,2026-07-15 07:03:43,51100.93
1453,417,2025-07-02 13:51:14,96310.62
544,449,2026-03-05 17:25:49,49806.18
1012,425,2024-09-05 07:54:41,86235.08
1357,429,2026-05-05 06:14:24,66616.36
582,406,2024-08-19 22:34:27,63068.3
1245,423,2025-04-17 14:18:50,79847.52
797,444,2024-10-17 04:52:15,77905.74
1449,447,2025-01-23 08:19:16,28079.38
1165,411,2025-08-16 23:47:46,84732.0
1262,418,2025-01-11 22:00:01,24766.43
1020,447,2024-12-16 10:58:46,30259.56
854,413,2025-06-16 02:44:32,94683.35
1240,423,2025-08-12 17:36:11,39308.48
1455,435,2025-10-22 10:22:38,2453.55
510,436,2025-08-30 13:21:24,20251.3
988,433,2026-04-04 09:12:02,32410.93
1030,417,2024-10-21 07:47:01,37689.42
791,432,2026-04-01 02:11:32,35193.65
966,410,2025-07-10 07:56:06,76583.03
616,404,2025-01-20 19:01:48,71015.45
1288,427,2025-06-26 01:34:36,17727.37
1269,406,2026-04-13 06:14:06,85105.13
1394,447,2026-06-12 04:35:42,3356.36
1013,417,2025-05-27 17:21:07,59020.31
1249,412,2025-12-14 18:13:19,1234.26
1235,407,2026-01-16 20:30:45,11848.4
1156,407,2025-08-14 16:43:56,75438.95
903,434,2026-08-03 14:36:29,11410.84
564,448,2024-12-28 02:43:36,74004.64
1168,410,2024-12-05 14:18:49,19346.26
1182,418,2025-03-06 06:52:59,46682.29
1132,431,2025-07-22 19:59:24,27259.67
578,429,2025-09-10 20:40:20,47787.41
1169,424,2026-02-28 11:14:59,61322.65
1072,410,2024-12-04 20:48:20,83062.5
1183,416,2025-03-16 01:46:14,94579.83
581,450,2025-09-20 07:27:46,92880.25
577,406,2026-03-26 12:47:13,48373.28
1100,419,2025-03-30 23:05:16,22229.79
781,401,2024-10-07 04:29:20,62681.69
906,409,2025-06-26 15:43:48,44596.49
1128,440,2025-05-27 22:24:02,30114.94
929,434,2026-01-06 13:59:51,16842.98
1226,447,2026-05-28 06:28:29,31897.48
1460,448,2025-08-25 14:27:35,22756.24
613,435,2025-05-23 03:50:25,26183.89
1009,437,2026-04-08 13:05:27,78521.8
515,422,2026-03-02 18:59:56,19391.26
584,445,2025-12-30 00:19:36,63726.0
831,434,2026-07-21 12:22:24,82772.32
583,420,2026-01-24 21:15:48,47070.77
1378,428,2024-09-24 11:46:44,76189.03
1272,419,2025-08-05 10:15:30,51918.71
1377,417,2025-07-06 10:45:11,96365.65
1233,448,2024-10-25 10:51:46,48696.04
1369,402,2026-06-29 05:35:59,21225.08
1074,442,2026-02-21 21:08:29,24343.38
1150,441,2025-10-12 18:29:10,20409.81
688,420,2024-08-08 05:21:00,99234.82
1361,450,2025-07-12 17:12:13,20575.1
624,428,2025-04-27 00:30:46,59150.14
902,431,2025-05-28 10:44:50,49618.57
1163,419,2025-03-08 04:34:28,42779.7
1379,417,2026-07-05 14:51:00,57207.43
783,408,2024-10-17 21:08:09,42376.74
1247,422,2025-01-19 08:25:58,99185.09
797,420,2026-05-02 06:52:12,42596.49
617,427,2025-07-20 12:44:31,80081.42
939,434,2025-08-23 13:20:40,85851.84
1249,402,2026-03-27 23:54:33,31011.75
657,431,2025-02-15 14:10:00,73755.55
1006,448,2026-05-12 05:37:19,44481.75
1045,429,2026-03-22 16:23:55,33897.36
1125,422,2025-09-19 08:57:13,96923.67
547,422,2025-05-12 04:35:00,70518.85
1267,443,2025-01-02 18:16:31,94777.72
1299,425,2025-03-22 20:48:01,66817.12
1283,448,2025-08-25 17:28:26,63993.12
1442,407,2024-11-12 11:58:52,29866.06
1338,425,2026-07-25 11:46:05,40178.74
938,413,2026-04-22 02:30:42,2780.19
921,438,2026-02-24 04:15:40,6703.89
1015,416,2025-03-22 07:07:04,17851.48
1281,428,2025-01-02 17:04:19,11868.57
1221,421,2026-04-11 08:50:52,72487.28
795,411,2026-03-25 16:58:38,13023.15
1196,402,2025-09-07 06:54:19,6496.61
726,420,2024-10-08 00:04:20,8092.07
1189,407,2026-06-08 10:04:43,44889.15
1097,407,2026-01-01 10:45:21,50707.28
1034,424,2026-03-03 23:33:18,95199.94
606,417,2025-07-21 21:14:16,19640.07
1377,429,2026-01-04 01:42:22,58028.69
701,429,2025-01-28 15:02:50,29167.37
1441,406,2025-08-05 09:58:59,48395.58
1480,410,2024-10-24 20:47:15,63898.51
1226,441,2025-03-24 05:55:30,56471.56
1368,445,2026-03-22 23:46:48,48978.22
1054,415,2025-06-07 09:03:12,39491.97
535,448,2025-10-04 21:08:10,6216.69
1402,422,2025-04-01 15:28:08,6480.35
1011,431,2025-04-19 02:58:09,53395.9
1351,422,2025-06-26 13:14:33,15343.84
906,414,2025-12-23 23:35:43,25264.83
1115,405,2025-12-03 12:08:27,24954.11
1203,450,2025-12-12 12:58:32,98312.61
811,426,2024-08-09 14:30:31,3149.45
1277,408,2025-02-07 02:19:14,71378.87
553,407,2025-04-23 07:29:39,64550.12
865,407,2025-07-14 10:51:17,20093.05
1410,402,2026-01-28 01:31:12,35061.27
945,426,2025-01-25 00:12:52,70422.84
546,414,2025-02-08 06:54:04,63186.03
683,449,2025-05-24 01:21:18,95612.19
612,402,2026-07-14 17:34:13,22190.89
920,402,2026-02-09 07:37:01,79007.0
1235,432,2025-06-22 00:24:03,17043.63
582,425,2025-09-18 02:12:08,72885.89
1173,417,2025-11-24 03:53:24,18965.95
616,444,2026-02-01 02:35:52,33596.47
758,449,2025-08-18 15:48:37,7061.09
732,444,2024-11-10 19:28:03,96226.58
1164,409,2025-08-18 04:56:22,33669.22
1080,412,2024-10-26 01:12:44,22697.11
1303,412,2026-03-07 02:15:22,70236.95
1168,442,2025-10-12 17:05:50,63235.25
1417,446,2024-12-25 10:08:14,75919.16
1193,407,2026-06-27 17:53:51,14795.46
1098,403,2024-11-22 18:12:18,41816.1
1464,401,2025-10-14 17:37:07,85814.33
537,440,2025-12-01 04:01:50,26665.89
1371,415,2024-11-08 23:19:52,58269.24
551,421,2026-03-24 20:23:04,60213.87
1210,408,2024-10-19 20:28:41,93782.05
1409,437,2026-03-20 18:11:07,20258.65
1147,434,2025-06-13 14:07:25,21244.06
836,414,2026-03-28 03:19:51,63792.35
532,436,2026-06-18 01:05:04,89406.61
1190,437,2024-12-15 05:04:00,97653.38
700,441,2025-05-10 04:30:07,8785.6
776,444,2024-09-06 10:01:44,21446.52
560,430,2025-06-22 15:18:40,70799.49
1394,439,2025-08-31 00:24:50,54077.32
588,444,2026-05-15 03:06:34,59622.01
1216,444,2026-03-06 00:01:45,41610.77
998,403,2025-06-09 02:24:25,79441.28
945,414,2025-12-06 15:30:32,87572.8
1488,442,2025-05-22 06:48:40,7047.67
525,412,2026-03-28 00:12:48,80622.78
838,436,2024-10-23 06:43:36,71009.52
1091,435,2025-11-14 13:31:28,41658.77
1110,416,2024-12-10 23:18:44,82182.75
863,444,2026-07-06 11:13:43,83786.02
1198,442,2025-09-02 17:53:52,55223.28
1007,410,2026-06-30 18:32:00,2599.22
875,445,2025-09-12 16:51:04,69363.65
1100,416,2025-11-02 08:21:42,41242.99
1362,435,2025-12-23 07:30:31,72177.35
1493,435,2025-05-30 14:13:10,44606.52
859,411,2024-12-19 08:18:27,58056.57
815,416,2024-10-30 11:51:03,68481.36
1304,420,2025-04-29 04:09:31,90510.03
807,405,2026-03-24 20:53:53,26992.54
592,416,2025-09-10 15:23:24,8233.0
546,421,2025-10-13 20:02:06,5912.29
1189,405,2026-02-08 02:35:59,70941.44
557,427,2025-04-17 03:09:52,28778.61
1435,429,2025-08-15 14:50:40,87400.48
743,403,2025-01-02 04:44:51,37720.03
879,441,2025-12-17 02:28:58,73453.73
980,417,2025-04-30 02:59:30,25329.56
1331,450,2025-03-07 22:38:30,16848.18
754,434,2025-03-24 19:38:54,55731.28
705,418,2025-02-27 19:53:08,54200.1
705,420,2026-07-27 23:50:38,53612.65
1117,439,2024-12-09 17:52:35,66052.98
1298,428,2024-08-20 22:01:35,56608.14
709,436,2024-11-09 21:10:08,93301.39
979,448,2025-09-27 02:57:00,61265.38
1474,438,2025-01-24 15:37:21,1394.87
1019,435,2024-11-07 18:13:51,72004.26
767,403,2026-04-15 14:34:53,29587.06
1323,437,2024-09-26 13:58:38,27341.12
1155,431,2025-11-19 22:44:37,99653.05
845,424,2026-03-04 09:00:57,22479.66
960,430,2025-01-20 22:58:16,14895.98
806,448,2025-12-17 16:09:44,40402.48
1320,419,2024-11-10 13:43:53,12000.85
656,401,2024-10-30 16:57:41,12713.07
1331,440,2025-09-25 20:23:42,23411.29
1327,416,2025-06-06 01:54:35,9024.1
1343,402,2025-03-16 14:41:31,54353.53
1202,449,2026-04-13 17:38:08,29259.84
917,445,2025-09-29 02:26:32,4459.4
1011,430,2026-06-09 12:54:43,44462.59
1129,421,2026-07-11 20:40:33,70729.98
1240,449,2025-07-13 22:24:24,27108.19
1225,403,2025-04-28 14:50:35,46172.86
588,447,2025-06-29 07:22:26,42766.63
1447,447,2025-10-15 21:47:52,37885.37
745,437,2025-08-22 11:05:27,41458.29
1065,425,2025-09-14 02:00:20,89823.43
1325,446,2026-03-09 01:56:34,37730.05
1412,426,2026-08-05 12:34:03,13501.35
1454,405,2025-08-04 06:35:17,98214.95
1012,407,2025-12-15 13:49:47,39147.92
1241,441,2026-03-11 20:16:23,56455.48
1000,418,2026-06-18 22:00:50,15537.38
1105,401,2025-04-20 03:42:23,78157.72
787,441,2026-01-07 01:48:45,82896.31
974,424,2025-01-29 00:58:48,40776.43
1015,419,2026-07-23 15:37:18,20495.37
577,443,2026-06-08 03:03:51,45357.15
1030,407,2025-08-27 02:50:39,41598.48
568,446,2025-07-16 00:03:39,61000.2
1365,403,2026-04-16 17:27:52,54556.92
1389,448,2025-07-12 07:59:54,34190.69
955,420,2025-12-10 17:06:37,22470.57
1367,403,2026-03-21 03:22:32,19024.55
1169,443,2024-10-16 08:30:23,17678.69
1381,407,2025-05-29 22:43:27,31941.0
529,409,2024-08-12 15:13:25,87814.08
697,425,2024-12-11 14:22:45,86902.37
1166,424,2025-03-08 00:30:18,79244.11
800,441,2025-11-09 17:44:40,53754.9
1227,447,2026-02-17 23:14:09,68005.78
1118,423,2025-10-10 09:40:26,81019.32
1349,401,2025-11-25 06:27:26,85285.29
765,444,2024-09-13 12:53:02,39787.32
1195,444,2025-09-02 22:37:29,77111.31
939,411,2024-09-18 03:31:26,18215.51
1220,412,2025-10-12 18:55:14,73909.21
758,448,2026-01-11 17:56:50,37960.03
744,412,2025-08-17 16:10:04,53373.53
767,425,2026-01-11 15:17:18,64679.67
1175,441,2025-03-19 05:54:17,96133.74
1142,438,2024-09-12 07:08:34,60436.49
1445,412,2026-07-04 22:27:32,72935.68
637,430,2024-11-19 06:56:27,6996.99
690,403,2026-07-03 22:09:30,45751.28
1327,437,2026-03-19 08:27:44,1289.69
777,444,2026-05-12 13:01:35,1333.83
1138,416,2024-12-24 17:36:12,16475.64
1332,448,2024-08-25 05:06:42,20437.94
806,450,2024-09-06 20:56:29,6178.05
554,424,2024-09-20 14:21:42,80400.45
1443,409,2026-04-21 14:08:01,69646.6
964,447,2025-11-22 05:40:22,65111.62
1308,408,2025-05-23 23:01:51,99231.77
840,443,2024-11-04 03:44:29,3118.25
942,435,2026-01-29 09:10:55,91948.52
534,448,2025-01-02 04:29:45,66091.11
747,407,2025-06-18 14:55:46,30213.24
1144,402,2026-06-13 16:56:03,86176.42
1337,437,2024-11-05 09:25:29,32616.31
1423,411,2025-01-22 06:51:24,90380.82
825,433,2025-08-14 19:42:49,89837.44
1209,442,2025-06-05 13:30:21,78997.68
1327,415,2025-10-15 09:04:27,91487.98
908,433,2025-02-13 09:48:16,27093.64
868,416,2024-10-15 14:02:28,67061.88
1214,434,2026-06-08 03:49:10,99433.88
932,410,2025-12-14 16:20:14,37121.92
971,439,2025-08-27 15:26:53,89537.34
1428,425,2024-10-16 03:29:22,6287.84
1497,450,2026-01-20 11:16:57,16467.73
1383,447,2025-01-25 02:38:24,65299.44
1484,442,2026-03-26 06:02:26,72327.42
1028,422,2026-01-31 02:45:53,86972.05
1341,428,2026-04-11 19:46:53,31945.79
1020,423,2024-11-07 21:16:00,71409.62
1461,446,2025-10-24 11:59:10,1213.14
1348,408,2025-01-13 23:18:14,92503.39
990,440,2025-06-15 08:56:59,18910.76
618,407,2024-12-07 01:22:27,59288.31
1132,418,2026-04-07 01:55:59,46016.86
558,428,2025-11-05 18:26:21,30343.41
1059,422,2026-03-01 07:19:34,8564.46
596,446,2026-07-03 22:58:19,3344.02
1231,414,2024-10-13 16:21:34,42156.97
545,403,2026-07-11 00:47:10,18258.58
1451,430,2025-12-23 00:12:41,34461.75
824,440,2026-04-10 16:33:09,15958.68
860,418,2026-01-25 20:27:01,18940.96
638,444,2026-08-04 01:57:20,82519.87
1048,427,2025-04-21 06:38:33,48496.6
690,414,2025-01-25 06:52:59,16489.98
1277,428,2024-08-13 19:07:57,71472.25
605,445,2026-07-13 12:27:54,55849.82
1281,414,2025-12-19 13:19:33,50634.1
670,436,2026-06-15 23:08:00,5505.43
994,446,2025-09-29 17:16:40,92339.77
585,428,2025-11-17 07:54:48,58838.53
1377,421,2026-08-03 08:54:02,46033.96
866,416,2026-01-12 05:52:38,39664.2
717,448,2025-08-30 23:16:08,94993.2
1418,432,2025-01-03 07:08:41,99786.08
1238,401,2025-04-15 22:58:10,46000.46
566,420,2026-05-04 07:30:27,22723.44
1380,416,2025-08-17 20:52:36,89050.2
1169,403,2026-03-05 13:48:06,1534.66
1029,402,2024-10-03 05:12:37,13954.44
789,427,2025-11-19 23:47:14,92998.9
1120,448,2025-09-29 13:27:41,39960.52
833,401,2026-03-06 10:54:28,70325.68
1375,435,2026-06-15 08:34:56,52537.82
834,408,2026-05-06 02:29:19,64330.67
599,425,2024-08-20 05:23:00,70755.31
1138,425,2025-10-08 08:07:42,72291.8
1242,438,2025-06-23 17:05:16,18409.55
675,413,2024-08-08 02:59:03,93008.85
1244,428,2025-04-17 21:18:47,61221.71
1194,410,2025-10-18 04:34:31,68509.63
1320,425,2024-12-08 10:41:51,30296.69
1284,434,2025-02-02 08:12:09,61766.49
644,401,2026-01-14 21:46:55,18861.28
1238,450,2026-04-05 21:27:41,28898.72
1325,406,2026-03-08 05:55:38,82278.76
971,432,2025-04-27 22:04:21,57107.47
1035,427,2025-09-19 03:04:30,38930.81
1050,407,2025-09-19 11:20:03,9279.17
1487,434,2024-12-12 07:50:51,32580.28
567,428,2025-05-05 10:17:45,46877.14
1121,413,2026-07-22 11:24:18,29889.81
1314,427,2025-11-27 20:55:28,85973.19
669,429,2026-06-03 05:48:48,61957.54
1276,417,2025-09-19 13:13:10,49388.88
1100,445,2026-02-12 16:21:05,29515.53
978,442,2026-01-14 19:37:41,39573.87
1023,430,2024-12-26 02:23:33,33506.27
831,434,2026-05-07 03:23:53,25121.81
1179,410,2024-10-18 07:32:18,29416.79
773,422,2025-08-16 23:37:03,30804.95
871,409,2025-06-24 14:39:57,75462.92
655,449,2026-02-26 22:58:20,34508.95
1342,404,2026-01-28 05:55:29,12662.04
1113,431,2025-05-16 13:07:12,42302.42
587,417,2026-07-14 08:38:15,85446.63
1363,448,2025-05-16 20:11:59,65146.95
718,411,2025-10-02 09:18:38,81680.28
1060,410,2025-08-05 09:49:59,11591.02
1227,413,2026-04-10 23:24:17,9243.88
1427,404,2024-09-24 00:02:29,32676.09
863,413,2025-04-04 23:10:39,72824.62
951,432,2026-06-29 08:31:50,51834.12
679,437,2025-08-17 20:43:06,31877.25
1323,433,2024-12-27 02:39:29,92394.77
561,415,2025-07-08 12:14:49,94655.22
577,438,2026-01-10 19:05:19,10481.74
943,446,2025-02-25 20:34:05,18128.81
1333,413,2026-04-04 20:02:52,45483.71
639,416,2024-11-16 08:37:39,68432.48
1034,439,2026-05-05 09:39:12,85264.25
1226,410,2025-11-24 09:00:36,49991.72
651,450,2026-05-13 02:43:59,39987.49
1237,440,2024-10-26 03:45:13,26479.18
1437,426,2025-02-19 11:14:09,89016.17
974,432,2024-10-01 11:49:42,43795.78
1072,450,2026-06-08 21:02:31,63204.43
1375,423,2024-10-31 08:15:21,18903.95
1054,441,2025-05-19 04:57:39,7125.37
670,449,2024-11-09 00:21:52,61753.49
1254,410,2026-08-02 08:18:24,29260.02
1119,409,2025-11-09 18:29:14,99099.85
575,423,2025-10-25 11:02:45,67741.45
1185,444,2025-08-06 05:01:58,26723.3
1454,434,2025-02-20 00:21:35,3299.9
702,410,2026-07-17 14:17:32,22197.21
1428,418,2024-11-14 17:23:00,40759.98
668,418,2024-11-02 10:32:17,69171.16
940,449,2025-03-05 17:34:18,74999.23
854,430,2026-05-19 13:10:31,61086.01
938,407,2025-09-04 00:10:24,92568.39
1192,406,2025-06-22 00:44:18,1764.21
1075,441,2024-08-17 03:18:30,55098.33
1382,418,2024-12-23 08:35:46,46192.84
534,438,2025-04-30 17:34:12,34884.28
701,410,2025-12-04 00:51:09,30346.22
1367,424,2025-11-01 13:58:13,82568.86
632,408,2026-02-15 01:04:24,99520.92
975,444,2025-04-04 06:10:25,9049.87
1483,420,2024-10-01 19:02:39,84816.76
977,416,2026-01-19 05:41:10,10453.48
1322,406,2024-09-22 12:07:42,89181.24
1219,447,2025-07-07 01:13:48,1740.84
1209,422,2024-10-10 12:39:59,45116.92
867,444,2025-03-14 13:30:36,60466.4
743,420,2025-07-19 16:30:09,50753.72
1318,424,2025-09-27 20:40:12,19476.87
860,424,2025-03-04 00:56:51,80098.68
527,431,2025-11-30 02:49:59,72509.2
1053,403,2024-08-09 10:35:43,39585.43
1059,443,2024-11-04 14:35:01,32926.98
1413,431,2025-02-11 10:53:05,69810.33
1399,442,2026-02-15 07:42:28,13270.51
931,440,2025-09-18 22:39:36,21489.97
1471,434,2025-06-22 19:06:47,58032.45
1194,409,2025-08-18 19:27:56,23225.28
1496,433,2025-11-05 22:12:30,64422.92
811,401,2025-01-29 21:16:17,10022.85
1252,447,2026-07-03 09:03:30,52267.87
827,449,2025-03-26 20:35:16,7506.54
1284,429,2026-05-10 04:27:48,70729.02
1255,433,2024-12-05 14:02:24,42187.11
1337,436,2024-10-09 16:29:03,8103.3
1359,447,2025-11-27 05:44:32,25985.86
525,439,2025-10-29 01:46:11,48000.12
540,402,2024-08-27 16:19:06,22231.5
1441,431,2025-12-04 01:07:00,21134.97
1087,424,2026-04-06 04:49:47,22801.93
760,435,2025-01-21 10:56:16,14411.97
1280,417,2026-01-12 15:11:05,89428.96
703,412,2025-09-30 12:23:38,65713.77
1218,406,2025-01-22 03:16:12,31208.31
832,430,2026-04-18 14:07:53,78615.58
809,410,2024-10-17 06:19:56,34812.94
577,410,2025-10-06 17:28:43,48258.92
1239,426,2026-03-04 14:50:45,62803.53
1423,406,2024-10-08 09:41:14,95495.16
1342,432,2025-12-04 05:14:59,56933.87
589,411,2026-06-19 06:57:06,46920.78
1089,442,2026-03-05 23:51:13,53378.23
1206,427,2026-06-27 13:53:13,93457.61
658,438,2026-01-10 15:54:48,25901.69
541,405,2025-01-22 12:34:29,90189.98
701,401,2025-07-05 08:47:55,9309.79
1498,422,2025-10-09 10:22:22,87945.87
1443,402,2026-02-01 10:09:39,33239.09
636,423,2025-10-19 13:15:56,13730.07
558,408,2026-05-08 13:55:23,50944.18
808,438,2025-06-23 14:08:05,19090.91
880,416,2026-06-22 10:55:39,24357.01
629,436,2024-09-05 17:15:22,65226.45
574,440,2024-10-18 09:23:14,23366.38
942,444,2025-01-07 14:39:51,72813.35
633,427,2025-01-11 04:40:24,18296.53
914,423,2024-10-25 01:35:33,66516.73
775,408,2025-09-12 13:02:21,29031.67
998,448,2026-04-11 22:39:08,42195.68
1487,450,2024-10-14 01:28:03,14922.74
670,416,2025-03-03 01:18:06,41811.82
689,436,2026-05-05 11:48:56,38913.2
1213,449,2026-01-29 09:26:26,17692.55
954,442,2026-04-15 03:37:02,97708.38
725,427,2026-01-30 08:13:50,55356.61
878,421,2025-11-19 01:34:21,19887.21
1340,415,2026-04-02 04:36:59,62956.73
633,421,2025-06-19 20:55:42,91037.28
1299,431,2026-07-23 10:57:21,26923.32
1062,441,2024-10-25 03:11:58,31865.54
813,441,2025-08-17 19:16:46,17811.87
617,448,2025-09-25 12:37:37,2299.62
572,424,2025-12-29 01:11:18,96538.27
1180,439,2024-10-16 02:16:14,71423.28
680,434,2025-05-06 10:49:56,53186.32
582,423,2025-08-15 19:45:01,36067.25
682,418,2025-12-07 04:23:16,21380.2
1135,408,2025-05-28 12:26:02,2917.16
629,448,2024-09-14 05:32:18,56540.61
994,409,2026-06-04 23:50:47,1228.29
852,403,2024-10-18 22:40:16,36284.7
1061,415,2025-03-13 11:53:26,68623.19
840,448,2026-07-09 04:58:56,45864.77
945,430,2025-04-16 08:47:19,76484.39
1266,438,2025-08-21 04:01:50,32373.35
1119,408,2025-02-22 11:39:04,86488.62
1333,421,2025-05-16 11:08:51,70323.59
629,446,2024-12-16 02:55:50,91522.29
853,425,2025-10-27 19:11:35,54365.71
1324,439,2026-05-06 22:41:45,80798.11
611,412,2025-10-31 17:05:52,8156.56
1343,405,2026-06-18 23:33:22,50785.87
732,417,2025-04-22 01:50:16,99156.15
1387,439,2025-11-27 16:41:55,30119.84
1241,414,2025-02-15 23:47:21,71606.88
1488,435,2026-05-26 16:13:18,64873.66
805,446,2025-06-15 05:38:04,57697.89
1082,428,2026-02-08 09:07:21,33655.42
781,431,2025-10-09 05:07:16,59984.69
921,443,2025-11-16 14:30:40,58636.02
1332,446,2025-12-04 10:20:05,98440.95
1314,423,2025-09-26 21:39:37,91624.02
956,436,2024-11-18 11:00:43,6098.75
1088,429,2024-09-10 21:06:00,53764.28
780,435,2026-01-08 12:20:21,65737.11
761,407,2025-06-09 05:44:35,89132.13
647,416,2025-02-10 16:55:15,62094.21
843,428,2024-11-16 09:57:00,40580.98
1320,413,2024-12-18 18:27:56,52103.56
1486,405,2026-03-04 04:41:59,76208.98
1422,407,2025-08-08 19:50:15,52030.12
1049,409,2025-02-27 08:59:54,88940.33
529,446,2025-08-20 20:29:11,2108.18
913,424,2026-05-24 15:08:50,3611.89
860,416,2024-08-31 01:06:17,33392.95
616,408,2025-12-03 00:44:37,58763.71
798,432,2024-08-21 20:53:01,74578.15
613,432,2026-06-09 06:18:13,52948.16
785,432,2026-07-05 10:02:37,84058.23
1445,419,2026-05-06 23:38:21,52867.13
1485,448,2025-05-13 00:45:57,37299.96
1065,444,2025-03-22 03:02:52,87760.55
981,422,2025-12-19 21:18:40,8005.43
1330,442,2025-01-25 08:40:41,78660.69
655,430,2025-09-04 18:36:37,88539.39
763,423,2025-06-16 22:24:06,62048.91
894,424,2024-12-31 04:51:23,42668.5
1023,412,2025-10-28 13:35:56,24175.01
1272,412,2026-05-18 05:39:23,6964.19
508,422,2025-04-16 17:51:59,35234.27
1208,404,2026-02-19 22:09:35,99615.21
946,429,2025-10-10 08:05:15,75207.62
1173,407,2025-07-31 13:47:53,79413.09
1117,440,2025-01-23 08:23:23,76518.11
1472,409,2025-09-19 17:33:10,11018.35
996,425,2025-07-29 11:13:43,17636.68
828,414,2025-12-05 01:23:16,29413.36
1135,440,2026-03-27 08:41:33,90125.28
1146,404,2024-11-12 02:00:24,56985.4
1004,440,2025-05-16 15:17:41,18922.26
650,434,2026-04-28 16:25:54,22598.53
1052,442,2024-10-29 13:12:26,57654.53
588,401,2026-04-26 06:16:41,17735.64
1288,416,2025-07-03 07:39:40,88142.9
858,424,2026-07-17 08:01:52,34419.14
813,443,2026-05-07 19:58:20,63498.09
1058,441,2025-03-09 23:25:43,84032.98
685,414,2024-09-06 21:16:29,32877.94
1340,439,2025-02-24 15:50:48,68712.25
718,426,2024-12-03 10:47:03,27590.17
529,445,2024-09-07 07:26:20,73899.97
540,446,2024-08-29 06:40:13,86487.01
1010,428,2024-10-22 18:01:53,92021.79
1127,410,2024-10-17 22:41:26,83667.73
1172,416,2025-05-29 09:10:04,76452.65
1179,450,2025-12-10 17:23:46,98605.42
1114,449,2025-03-01 12:19:26,82419.06
1196,412,2024-09-05 14:04:42,58910.81
1093,411,2025-12-09 12:11:58,91147.82
1125,439,2025-11-04 10:45:20,23177.48
1148,408,2026-03-21 04:58:50,89252.09
1053,403,2026-01-18 04:47:54,56439.04
1075,433,2025-10-16 10:55:06,56014.4
1255,408,2025-07-12 00:05:43,20561.5
1110,448,2025-08-20 12:42:11,70681.84
982,448,2026-02-19 04:04:48,23678.5
1379,433,2024-09-25 00:23:11,84939.78
1205,403,2026-02-27 04:31:10,76826.03
1158,442,2025-09-02 02:53:14,78667.78
1208,450,2026-01-02 15:54:16,72728.25
1142,402,2026-04-18 08:24:24,88689.44
1494,441,2026-06-15 19:42:28,61747.69
1426,422,2026-06-19 19:58:15,65495.77
1494,401,2026-07-31 11:55:18,70474.17
1344,450,2026-05-24 13:26:52,34715.11
1215,433,2025-11-02 10:32:15,81617.1
610,414,2026-05-31 17:42:55,51962.95
1061,407,2024-10-14 19:27:46,43313.51
925,426,2024-08-20 04:53:42,13347.96
1469,437,2026-05-08 05:40:36,90709.78
1196,438,2025-06-21 03:02:11,57250.73
977,442,2025-08-06 05:36:03,35196.73
895,439,2026-03-31 22:39:49,75264.24
1429,406,2026-05-28 03:03:40,78992.39
1033,438,2024-12-26 07:04:20,85447.67
637,402,2024-12-18 17:19:11,72752.03
1153,433,2025-01-11 08:39:34,2144.62
1276,434,2025-04-14 09:30:56,23959.56
971,429,2024-10-06 22:38:14,37098.17
1045,407,2025-03-31 12:00:08,63133.49
1298,425,2025-02-22 20:01:41,6035.9
989,413,2025-08-20 01:26:57,16683.83
665,444,2025-04-13 20:49:39,85560.79
591,446,2024-11-21 04:59:40,40152.56
843,436,2024-11-15 20:04:41,87156.68
1195,404,2025-06-11 05:53:24,55088.36
675,405,2025-10-14 19:11:57,51649.58
1368,450,2024-08-16 12:08:37,92110.94
655,428,2025-12-06 08:06:34,64940.08
1393,430,2026-05-14 22:12:28,19898.19
1401,406,2024-08-18 14:30:26,48738.27
925,411,2025-10-04 09:17:04,66523.53
1445,450,2026-05-30 00:01:20,30057.56
1073,420,2024-09-05 22:12:14,11175.89
1155,417,2025-03-08 15:47:15,7882.08
1437,419,2025-08-17 09:02:32,4708.67
1127,422,2024-08-17 04:34:20,48581.64
851,413,2024-11-01 20:02:21,27844.0
684,416,2024-12-06 03:35:08,17117.29
997,440,2026-02-26 07:56:43,13342.21
941,410,2026-04-03 09:09:37,8523.54
1283,438,2025-03-12 10:33:51,29538.97
1484,405,2024-10-15 23:34:19,28864.06
1353,413,2025-09-24 19:01:37,67288.11
1008,433,2025-05-13 17:06:18,9680.4
656,425,2026-02-08 13:43:28,48774.13
803,412,2025-11-18 04:43:32,60510.32
751,403,2024-11-14 00:01:19,1747.68
686,411,2025-01-17 20:26:08,76681.94
965,413,2024-10-09 17:28:26,82975.38
869,419,2024-08-15 10:27:30,93201.51
1380,418,2026-06-18 15:30:14,72220.07
676,427,2026-08-04 19:29:59,94697.91
780,424,2025-02-14 14:23:28,97163.54
592,423,2025-06-01 02:57:35,68883.47
1257,439,2024-11-14 22:07:43,2264.0
540,412,2025-01-17 05:03:29,95057.65
1151,408,2025-05-05 21:40:05,98804.64
513,438,2026-06-14 10:50:25,11569.91
731,403,2024-12-03 18:56:42,19842.35
804,407,2025-10-15 00:40:25,9772.85
1439,431,2025-12-08 13:08:20,28450.02
650,418,2025-02-15 21:53:57,92554.35
581,444,2024-12-02 23:20:48,68083.2
825,424,2024-11-25 07:37:49,34977.26
616,435,2024-10-20 06:54:05,70491.44
666,417,2026-07-22 18:46:22,91693.98
634,410,2026-04-29 21:35:13,30868.94
573,439,2025-12-23 08:41:10,15774.42
1323,443,2025-07-06 17:16:02,43781.99
924,432,2025-06-29 02:47:01,19599.88
669,434,2025-10-03 01:15:00,96063.47
715,438,2026-07-16 00:54:29,57865.67
1109,447,2025-05-07 14:50:25,59244.63
974,434,2025-02-20 15:32:34,53424.89
1232,424,2024-10-15 23:28:01,92541.03
529,438,2026-03-09 10:25:52,53932.63
877,409,2026-05-06 03:38:52,23589.56
1034,450,2024-11-20 16:32:46,86225.94
672,444,2025-10-29 00:21:59,79065.46
739,448,2026-02-01 15:55:54,24619.82
793,440,2026-01-28 09:38:51,97534.65
504,432,2026-02-15 20:15:32,49848.07
1177,426,2025-09-04 09:39:46,96665.03
1275,404,2026-04-10 03:43:55,75531.0
629,445,2025-11-03 05:01:34,32038.26
970,417,2025-09-20 03:30:31,82224.49
1446,427,2025-02-28 21:43:14,98860.99
918,433,2025-10-28 08:13:31,65487.3
1122,449,2024-10-04 19:49:23,68104.8
1466,409,2026-04-26 08:21:59,87173.68
1484,430,2025-12-30 03:53:02,39870.67
1223,446,2025-03-04 03:38:27,44780.07
1402,441,2025-01-28 11:46:22,75096.5
709,441,2024-10-23 06:50:58,58780.78
1218,450,2025-05-25 20:45:31,81441.18
1108,438,2025-11-24 20:35:12,3404.9
603,424,2026-05-10 16:32:20,56672.18
1049,437,2026-03-17 13:48:29,73573.58
1127,433,2024-11-19 07:40:30,68182.83
1130,430,2024-10-05 14:36:37,49949.32
1312,420,2026-04-06 23:50:58,85854.48
1225,435,2026-05-08 21:43:43,16501.52
964,413,2026-01-13 04:47:55,69557.11
723,439,2026-06-06 03:17:34,56903.32
1316,442,2024-12-04 14:26:22,49224.55
501,404,2026-04-11 09:05:58,99252.47
1305,443,2026-01-06 19:59:25,67966.48
550,442,2025-01-19 08:22:27,73499.79
527,424,2024-09-21 23:40:04,20410.17
1128,409,2024-08-08 07:56:21,79549.89
1076,444,2024-11-28 18:48:04,53057.65
960,405,2025-05-14 06:45:32,69716.66
735,410,2024-12-21 10:24:46,84086.8
1258,424,2025-12-11 15:45:49,66409.7
1249,431,2025-07-31 06:45:27,34722.04
1078,417,2024-10-21 16:04:49,39607.25
932,420,2026-03-27 08:12:13,12924.21
780,411,2025-12-11 10:15:11,34210.33
578,445,2025-07-29 13:51:44,10143.13
1294,430,2026-05-16 10:21:33,16477.93
1471,446,2024-08-28 14:57:02,23383.23
1026,414,2025-11-29 03:44:44,94454.93
861,425,2025-07-15 00:09:57,89166.43
806,419,2026-01-17 10:37:17,88351.96
830,416,2025-03-25 00:29:25,45911.9
1186,401,2025-06-20 09:07:50,73577.79
1084,444,2026-08-04 06:19:16,5979.44
866,434,2025-08-11 20:26:20,17153.52
950,445,2025-03-15 06:19:45,6720.69
971,438,2026-01-10 05:12:42,47912.69
529,406,2025-12-06 05:22:41,83415.13
637,444,2025-03-25 10:26:51,90765.58
865,445,2025-05-27 02:49:30,71108.41
549,433,2025-03-19 21:56:01,13889.65
1266,445,2024-08-26 15:02:55,25040.15
925,433,2026-03-14 00:36:06,20058.55
1053,429,2025-02-13 07:36:18,82166.11
539,437,2025-02-01 09:40:09,30843.56
899,403,2025-04-20 12:51:31,91828.17
530,450,2026-06-29 04:13:41,48667.52
1007,421,2026-05-02 19:41:07,4663.01
1089,416,2026-07-29 03:42:51,79011.99
1419,446,2025-04-30 17:11:21,16390.27
877,430,2025-07-04 14:21:32,1791.32
1240,422,2025-06-08 22:51:42,90629.62
1449,435,2026-01-20 20:35:07,93355.24
889,436,2026-07-24 01:55:24,51708.64
843,404,2024-12-16 22:55:18,20142.76
1032,426,2024-11-25 12:34:03,68996.7
704,413,2026-04-25 09:47:26,88559.5
890,433,2026-06-16 06:13:04,15097.73
915,401,2026-02-10 03:40:04,7718.33
826,409,2026-01-17 16:11:13,68393.17
1494,409,2026-07-12 13:02:33,10299.44
1155,409,2024-12-12 10:31:18,29883.71
1417,449,2025-04-15 08:24:34,21558.28
558,442,2025-12-17 07:56:45,699.65
1111,423,2025-04-29 06:38:54,69672.2
1465,433,2025-01-27 17:34:27,54922.76
619,411,2026-01-17 11:55:35,71327.45
1299,450,2026-01-28 00:11:57,31913.86
1313,430,2026-07-10 11:48:55,6026.5
1212,412,2026-03-13 16:39:18,63512.08
1140,421,2026-03-26 16:38:19,7013.34
507,411,2026-03-03 10:27:46,94331.56
651,448,2025-02-19 12:55:02,14060.9
1130,427,2025-10-18 11:12:17,65807.27
604,419,2025-08-11 07:40:22,80163.72
594,424,2025-01-17 16:02:02,46505.9
955,420,2026-02-07 07:14:49,54184.48
1430,427,2024-09-05 07:51:03,4830.1
755,442,2024-08-30 09:18:25,88565.08
706,413,2025-07-09 03:24:53,5310.82
847,414,2025-10-21 05:44:17,37276.88
953,404,2025-11-15 18:22:53,51981.63
949,403,2025-04-22 13:32:45,23114.8
1369,432,2026-05-07 03:01:14,91996.12
939,410,2026-06-27 03:22:10,2068.34
1445,412,2026-02-14 12:19:56,89289.3
1208,410,2026-07-05 01:06:46,29980.91
1279,445,2026-04-09 09:16:26,25031.34
648,446,2025-01-14 02:00:59,99132.14
649,410,2025-03-31 02:43:23,11217.18
1371,420,2024-12-11 23:38:05,37294.92
1056,413,2026-06-04 21:31:14,21946.28
825,408,2026-05-25 06:12:28,39122.26
1112,415,2025-06-02 19:22:35,6258.53
931,434,2026-01-13 06:42:17,7210.42
1483,428,2024-09-06 02:10:16,83366.42
1074,401,2026-04-12 16:39:09,32940.77
838,431,2025-09-08 22:06:32,9422.5
790,441,2025-03-31 02:35:07,60862.23
517,441,2025-11-13 01:46:13,3293.78
1265,414,2025-08-27 06:37:57,23980.18
1173,419,2024-08-24 16:10:41,69341.61
1489,411,2024-09-03 03:15:35,29642.39
889,415,2024-12-30 15:09:31,6935.96
1042,433,2026-01-16 22:26:43,31650.14
560,407,2026-02-14 21:09:28,90069.06
689,441,2025-11-13 10:54:35,99742.99
719,411,2026-02-22 16:09:46,77058.17
854,450,2026-07-30 01:27:27,10706.67
1093,439,2025-04-25 11:17:11,69184.19
880,443,2025-07-15 20:25:19,70165.75
1395,402,2025-07-14 13:39:29,6752.1
1172,448,2026-01-06 18:58:06,54048.83
1226,412,2024-11-02 09:40:12,73215.91
1393,438,2025-05-10 06:35:29,93571.1
1392,421,2025-08-25 14:56:19,7681.92
1223,402,2024-11-11 06:59:28,65471.94
772,412,2024-11-22 12:35:14,35904.66
616,449,2025-12-03 21:45:53,74037.64
1207,413,2025-06-02 18:19:57,63647.22
1072,447,2024-10-27 02:46:23,14649.65
951,421,2024-10-27 10:43:14,63603.88
591,449,2024-11-29 15:19:07,94899.47
788,422,2024-08-09 22:36:18,94206.01
902,440,2026-08-05 03:52:59,8800.8
887,428,2024-12-28 15:48:01,99086.79
841,407,2026-02-04 14:28:07,50296.49
827,413,2026-01-09 22:24:19,85738.6
906,434,2024-08-27 11:58:59,65450.59
893,411,2025-08-07 01:21:51,24011.02
596,406,2024-09-06 09:08:38,84378.03
796,415,2025-10-01 21:07:05,66392.9
1239,448,2024-09-15 07:10:32,97393.53
815,408,2025-11-30 02:14:33,39523.64
932,442,2026-06-27 15:04:30,92065.04
1190,427,2024-11-16 00:39:05,98599.38
1222,436,2025-10-31 17:55:03,86058.82
1172,439,2026-05-31 07:44:54,62438.79
633,450,2025-02-16 04:09:11,90960.16
772,442,2026-04-14 18:52:00,59829.89
698,429,2024-11-20 01:50:27,55419.23
1208,401,2025-12-12 22:28:47,68183.72
1485,401,2025-10-11 09:38:51,65149.43
670,442,2025-11-27 04:43:22,47306.39
1111,415,2025-06-23 15:23:25,70547.69
1357,424,2025-06-01 07:55:17,77270.44
1428,404,2026-01-16 01:42:30,66379.01
1382,446,2025-04-05 15:48:24,44490.49
1082,434,2025-09-17 23:03:33,80136.57
1289,418,2025-10-17 19:42:43,14517.69
719,432,2025-11-26 21:19:03,1429.32
1154,418,2025-07-19 04:58:33,97271.66
1275,414,2025-06-07 20:35:27,56532.89
1382,435,2024-10-29 08:29:35,52071.42
1010,439,2024-08-20 00:33:04,91697.56
1320,425,2026-01-31 07:33:08,71185.94
826,405,2025-06-28 05:12:14,83159.04
1129,418,2025-10-18 17:30:44,69367.53
1187,425,2026-04-01 05:57:37,12701.53
1150,409,2025-09-09 21:58:25,15523.88
837,426,2026-06-16 05:10:01,14508.28
590,435,2026-05-30 12:31:44,25535.41
978,444,2025-05-21 16:08:17,5578.16
582,441,2025-01-26 07:23:24,87531.86
970,443,2026-04-01 19:43:44,51180.21
1036,403,2025-09-23 14:36:48,82775.31
930,442,2025-02-18 20:13:58,41904.62
1303,450,2025-06-01 10:11:19,67019.13
1111,447,2025-10-01 01:48:28,62554.29
1478,403,2026-01-23 12:28:46,65260.43
654,423,2024-11-12 09:00:33,16959.73
1333,415,2025-07-25 00:42:18,25659.3
946,419,2024-10-24 22:59:14,31660.39
1255,417,2026-03-05 11:17:11,20239.25
1124,422,2025-04-04 09:59:48,31100.82
624,423,2026-08-07 18:01:07,73782.61
625,409,2024-09-14 06:57:51,81252.1
1211,426,2026-02-16 23:55:05,45511.75
1190,423,2026-02-25 11:46:45,15674.92
1361,431,2024-10-26 05:32:11,5724.77
669,405,2024-08-26 21:40:59,93082.26
947,430,2024-09-11 16:48:18,52280.33
627,415,2025-01-26 18:49:46,79429.95
1405,424,2024-12-03 10:47:26,46839.44
869,435,2025-01-03 02:49:58,26379.72
630,433,2025-09-12 00:36:15,31921.74
1251,423,2025-01-17 22:40:25,20724.53
622,432,2026-06-14 12:47:51,40648.49
614,406,2025-10-04 06:27:30,28853.97
986,434,2024-12-11 21:05:11,40318.85
1137,421,2025-06-13 17:18:47,81503.24
1319,419,2025-01-23 17:43:22,73774.6
737,446,2025-05-08 09:45:11,95654.21
1189,425,2025-08-07 14:27:52,50734.68
502,416,2025-03-28 23:39:22,74614.57
567,444,2025-10-04 08:16:14,23752.89
987,411,2026-01-12 14:43:31,2897.79
1092,427,2025-01-15 02:09:34,75122.04
576,450,2024-11-06 11:54:20,43694.31
965,418,2025-03-04 16:41:54,55039.3
1125,402,2026-02-13 01:18:12,95192.43
893,427,2025-05-17 08:59:55,12529.11
989,450,2024-10-20 00:57:17,27539.18
1059,408,2025-04-27 18:39:02,81269.88
511,406,2024-11-13 23:00:03,70821.28
523,449,2026-03-15 17:31:38,3559.46
985,441,2026-01-22 23:30:07,8268.54
1335,429,2026-05-30 13:55:52,26590.98
1314,423,2025-11-19 12:39:59,22614.74
936,432,2025-07-05 23:15:47,42115.8
1254,437,2025-07-20 19:58:44,93679.46
628,428,2025-02-11 14:50:20,94251.54
533,448,2025-01-04 11:07:38,25236.25
1154,413,2026-04-05 08:29:49,9224.06
1098,433,2025-07-06 21:51:22,50384.85
