Order_Id,Payment_Date,Payment_Method
1135,2024-08-23 09:58:06,Debit Card
2108,2026-02-20 09:47:05,Debit Card
2749,2026-06-11 22:04:25,UPI
5253,2024-11-30 01:28:55,UPI
1612,2026-05-05 09:27:52,Debit Card
1047,2024-08-29 17:37:11,Debit Card
5282,2025-10-27 13:26:06,UPI
5710,2025-05-15 01:14:54,UPI
2347,2026-05-18 01:59:19,Debit Card
5274,2024-11-05 03:11:42,Debit Card
5436,2024-12-14 04:37:08,Debit Card
5882,2026-03-17 06:34:39,UPI
3222,2025-10-24 13:25:29,Cash
4297,2025-09-21 20:31:59,Debit Card
4932,2025-08-29 08:12:47,Cash
1924,2025-07-02 22:27:47,Net Banking
3184,2025-02-18 09:02:45,Net Banking
2782,2025-11-02 20:49:09,UPI
1580,2025-06-29 23:04:58,Debit Card
2850,2025-12-28 12:46:41,Net Banking
1648,2026-04-08 13:15:58,Debit Card
4521,2025-05-13 02:40:37,Debit Card
5256,2024-10-21 06:07:07,Net Banking
3044,2025-04-16 06:50:40,Net Banking
4771,2025-06-18 11:35:41,Credit Card
5259,2025-09-19 16:10:03,Net Banking
3414,2025-06-10 10:57:02,Cash
3371,2025-12-04 20:03:35,Credit Card
4299,2025-08-22 08:13:55,Debit Card
3541,2025-09-19 18:17:59,Cash
4466,2024-12-19 16:24:58,Net Banking
1452,2025-10-01 09:18:54,UPI
2351,2024-10-09 14:09:57,Debit Card
5806,2024-12-13 03:02:57,Net Banking
2604,2025-04-25 14:38:00,Credit Card
5233,2025-01-11 08:05:36,Net Banking
1111,2024-11-27 13:58:47,Cash
2108,2025-04-26 16:21:04,Net Banking
1025,2024-10-20 19:18:02,Net Banking
3384,2025-05-22 11:01:05,UPI
2406,2025-12-21 10:18:28,Debit Card
3693,2024-08-14 20:36:00,Credit Card
2418,2026-05-09 12:14:13,Net Banking
3873,2025-05-18 23:25:31,Net Banking
4537,2025-05-20 16:16:42,Net Banking
1379,2026-05-29 01:24:48,Debit Card
2587,2026-07-20 03:37:37,Debit Card
2386,2024-09-22 07:00:01,Debit Card
5742,2026-06-25 22:16:01,Cash
2186,2025-06-29 03:48:40,Debit Card
3674,2026-02-21 19:40:47,Debit Card
1162,2024-10-25 09:32:26,UPI
4272,2025-11-13 01:06:32,UPI
1470,2025-07-23 18:06:51,Net Banking
1976,2024-10-14 01:01:23,Net Banking
1706,2024-08-13 18:20:10,Debit Card
2465,2025-12-03 07:28:00,Net Banking
4160,2026-05-27 09:46:06,Debit Card
1210,2024-09-28 00:36:34,Debit Card
3596,2025-02-01 22:02:27,UPI
4385,2025-06-30 02:35:31,Cash
1196,2025-01-21 23:08:52,Credit Card
3165,2025-11-04 02:15:32,Net Banking
1968,2024-10-15 11:55:08,Cash
2484,2025-11-28 17:23:50,Credit Card
4502,2026-05-18 07:28:36,Net Banking
4744,2025-09-10 21:19:26,Credit Card
1752,2025-02-02 00:36:21,Debit Card
4512,2025-06-13 21:33:51,Debit Card
2404,2025-09-28 11:30:47,Credit Card
1450,2025-02-18 09:31:36,Debit Card
5056,2024-11-23 03:58:09,Debit Card
2401,2024-12-05 17:33:10,Debit Card
4841,2025-07-02 16:36:56,Debit Card
1715,2025-10-14 14:28:47,Debit Card
2840,2024-09-23 21:52:04,Net Banking
5283,2025-05-28 22:03:23,Debit Card
2749,2024-09-13 23:43:47,Debit Card
4677,2024-08-20 02:34:39,Net Banking
1331,2025-05-30 17:31:02,Debit Card
2809,2026-04-15 10:58:24,Credit Card
2297,2024-10-17 01:23:22,UPI
1980,2025-08-08 16:19:08,Debit Card
3307,2024-11-28 18:38:06,Credit Card
4744,2024-10-07 03:47:53,UPI
4488,2025-10-25 19:23:05,UPI
3799,2025-10-19 14:39:47,Debit Card
5761,2026-03-24 02:04:48,Cash
2141,2026-04-01 12:36:10,Net Banking
4079,2025-12-30 04:19:45,Credit Card
2349,2026-01-31 01:32:26,Debit Card
5293,2026-01-19 05:09:51,Cash
2760,2025-11-12 08:26:24,Net Banking
1704,2024-12-04 10:15:11,Net Banking
3779,2026-03-22 13:47:59,UPI
5336,2025-06-04 21:10:03,Credit Card
4242,2025-10-25 07:19:48,Cash
5827,2026-07-06 07:40:04,UPI
5727,2026-06-20 06:19:00,Debit Card
3196,2025-10-19 07:07:37,Net Banking
5890,2026-05-15 01:22:31,Net Banking
5338,2024-12-19 01:56:07,Debit Card
3253,2026-06-09 15:53:35,Cash
2631,2026-01-30 03:22:58,Credit Card
5785,2024-10-18 14:58:24,Debit Card
2846,2026-01-05 05:03:32,Credit Card
4839,2025-11-24 08:48:52,Credit Card
5544,2025-12-21 23:24:01,UPI
1509,2024-11-30 18:52:01,Debit Card
3279,2025-06-20 20:56:11,Net Banking
5763,2026-06-05 17:31:13,UPI
3196,2025-05-02 14:42:29,UPI
3621,2024-09-03 09:20:59,Cash
3271,2025-04-05 10:38:04,Net Banking
5903,2025-05-05 04:05:25,UPI
3684,2024-11-21 14:02:51,UPI
1939,2026-06-24 04:45:31,Credit Card
3895,2025-01-28 02:37:50,Net Banking
5598,2024-11-20 02:46:41,UPI
2215,2025-05-06 07:08:53,Debit Card
1470,2025-12-05 00:21:59,UPI
5376,2026-02-13 12:02:24,Debit Card
3546,2024-08-10 05:31:11,Net Banking
1106,2025-08-29 15:22:53,Net Banking
3493,2025-09-29 16:06:06,Credit Card
4981,2024-11-20 12:02:46,Net Banking
2326,2024-11-27 06:50:35,Debit Card
1964,2026-03-25 05:20:01,UPI
2548,2024-08-11 03:11:14,UPI
2129,2024-09-18 05:35:12,Debit Card
1992,2025-10-01 10:25:47,Credit Card
3780,2025-10-26 22:25:01,Net Banking
1312,2024-09-17 21:57:02,Credit Card
3951,2026-01-13 06:52:30,UPI
2776,2024-10-17 16:22:44,UPI
4515,2025-11-11 15:55:12,Net Banking
4378,2025-02-16 01:45:18,Debit Card
5701,2025-05-21 04:03:45,Debit Card
3948,2025-02-20 03:05:53,Debit Card
3526,2026-04-22 01:53:52,Credit Card
2930,2025-10-20 21:58:22,Cash
3030,2024-09-14 23:11:53,Credit Card
5118,2026-01-13 19:54:04,Credit Card
5009,2026-07-31 19:45:30,Credit Card
5362,2025-04-20 22:57:04,Credit Card
1381,2025-04-26 10:25:01,UPI
4937,2025-07-26 04:15:43,UPI
3452,2025-01-30 12:54:04,UPI
1317,2026-03-27 09:40:56,Debit Card
1669,2026-06-19 06:39:40,UPI
1335,2024-11-12 14:35:14,Cash
5300,2025-08-06 23:59:24,UPI
1705,2024-08-17 02:54:41,Credit Card
4166,2025-01-11 13:17:09,Credit Card
5492,2024-10-22 16:52:17,UPI
2362,2025-10-01 02:36:11,Debit Card
1985,2026-03-02 17:28:26,Cash
1196,2026-05-11 02:32:06,Cash
4494,2025-11-19 14:58:28,Cash
5101,2025-11-28 17:51:51,Debit Card
5167,2024-12-20 05:38:33,UPI
5911,2025-01-08 21:36:40,UPI
3836,2025-04-09 13:34:44,Net Banking
1644,2024-12-20 12:45:53,Debit Card
2917,2025-08-27 12:24:37,Cash
3141,2025-05-26 21:59:40,UPI
2994,2025-07-05 19:50:59,Net Banking
3042,2025-02-03 19:50:17,Debit Card
2814,2025-10-05 11:00:28,Net Banking
2810,2025-06-11 08:39:41,Net Banking
4217,2025-09-21 10:39:58,Debit Card
1048,2026-05-11 23:29:09,Cash
3837,2025-04-22 15:07:49,UPI
1309,2024-10-05 06:15:43,UPI
2307,2026-01-21 10:05:37,UPI
5055,2026-02-17 12:37:12,Cash
2050,2026-05-28 16:57:43,Debit Card
4627,2024-08-17 10:37:54,UPI
5514,2025-09-04 10:57:02,Net Banking
5486,2026-03-14 02:35:48,UPI
1025,2026-05-30 14:04:19,UPI
3809,2026-03-29 23:22:13,Cash
2804,2025-10-27 16:41:03,Credit Card
2342,2026-05-23 06:00:47,UPI
3399,2026-06-11 18:39:13,UPI
4515,2025-01-24 03:13:28,Net Banking
1346,2025-11-23 17:28:25,Debit Card
5698,2025-06-13 05:29:50,Cash
2225,2026-06-29 02:21:12,Cash
5549,2026-02-03 22:40:13,Cash
3411,2025-06-13 14:07:48,Credit Card
2873,2026-06-13 10:54:37,Credit Card
2406,2025-02-07 14:33:06,Credit Card
1960,2025-05-12 21:08:01,Cash
3929,2025-08-01 08:34:06,Net Banking
5956,2026-07-08 20:38:01,Debit Card
1026,2025-06-25 15:48:42,Net Banking
4958,2026-01-20 13:12:42,Credit Card
4800,2025-01-21 06:04:25,Debit Card
2038,2024-12-14 09:36:14,Debit Card
5143,2026-02-27 07:38:34,Debit Card
2118,2026-02-13 12:43:57,Cash
5824,2026-05-16 12:36:30,Cash
3892,2025-06-19 12:54:41,Net Banking
2156,2025-01-15 14:22:52,Cash
4486,2025-03-07 09:22:14,Debit Card
1261,2025-03-26 02:45:44,Cash
3142,2025-02-16 02:01:08,Credit Card
1611,2025-07-08 05:50:38,Debit Card
2670,2024-12-15 07:23:42,Credit Card
4386,2026-07-06 12:09:12,UPI
5954,2025-04-10 21:36:15,Debit Card
3239,2026-01-26 02:13:47,Debit Card
3082,2024-09-03 14:50:00,UPI
2084,2024-08-17 18:36:56,Cash
2756,2025-04-13 07:23:36,UPI
2537,2025-09-03 17:41:58,Debit Card
4653,2026-04-14 01:52:57,Debit Card
1694,2025-08-10 04:23:00,Credit Card
2589,2025-09-29 15:27:06,UPI
4062,2025-06-25 15:14:37,UPI
2766,2026-02-17 18:27:29,UPI
5274,2026-01-09 12:26:33,Cash
3729,2025-10-09 05:38:51,UPI
5828,2026-02-08 15:49:16,UPI
1943,2024-11-17 02:10:50,Net Banking
2209,2025-01-23 21:07:04,Net Banking
2850,2026-07-17 03:04:26,Net Banking
2859,2026-07-26 13:54:11,Credit Card
5744,2026-04-21 16:23:35,Net Banking
1953,2026-05-08 14:52:21,Debit Card
3891,2025-03-26 16:17:21,Net Banking
2122,2025-04-14 02:51:17,Net Banking
1162,2025-04-15 16:09:32,UPI
1027,2024-09-07 07:20:23,Debit Card
2379,2025-08-07 03:40:51,Debit Card
3026,2024-09-14 22:19:53,Cash
2628,2024-12-26 19:38:56,Credit Card
5945,2024-12-19 16:49:54,Cash
1547,2026-02-11 03:22:23,Net Banking
4216,2026-03-11 01:17:37,UPI
3220,2026-01-22 17:39:06,Debit Card
5695,2025-06-06 07:45:55,Debit Card
3282,2025-06-03 17:42:36,UPI
4425,2025-01-04 02:53:34,Cash
5704,2025-07-14 07:42:24,Cash
1318,2025-04-09 05:57:31,Net Banking
1448,2025-05-26 17:53:57,UPI
3199,2025-03-29 13:33:24,Net Banking
5433,2026-04-27 16:10:15,Net Banking
2722,2025-09-22 18:58:17,Net Banking
1868,2026-05-17 02:06:03,Credit Card
4117,2024-08-28 16:11:24,Net Banking
1196,2025-03-13 17:35:45,Net Banking
2172,2026-05-03 02:30:23,Net Banking
1099,2024-09-25 01:03:58,Debit Card
1251,2026-06-22 18:45:26,Credit Card
4892,2025-03-28 23:11:55,Credit Card
1757,2024-12-20 18:58:30,UPI
2907,2026-06-08 05:12:29,UPI
3006,2026-02-01 16:11:18,Cash
1403,2025-04-24 06:40:38,Credit Card
5362,2026-02-23 16:29:51,Debit Card
2189,2024-10-03 07:41:12,UPI
2935,2024-11-30 20:36:44,Net Banking
4766,2025-10-10 18:30:18,Debit Card
3549,2024-12-20 10:41:44,Net Banking
4455,2025-04-05 13:00:33,Net Banking
2942,2024-10-28 20:50:33,Cash
3565,2025-09-20 10:37:46,Cash
4350,2024-08-25 18:33:16,UPI
4980,2025-03-09 10:46:42,UPI
5443,2024-09-26 07:52:48,Cash
1177,2026-02-03 19:24:02,Cash
2051,2025-10-12 07:08:21,Net Banking
2440,2025-11-20 02:44:09,UPI
1737,2024-12-16 03:21:13,Net Banking
1647,2026-02-19 17:50:06,Cash
5095,2026-04-05 03:14:05,Credit Card
5921,2025-04-28 00:03:50,Net Banking
1788,2025-09-29 15:28:53,Credit Card
2392,2026-04-08 05:38:18,Cash
4893,2026-05-14 01:00:39,Cash
1439,2025-02-13 06:37:20,Debit Card
1302,2024-09-10 16:07:28,Debit Card
3955,2026-02-14 19:33:47,Credit Card
3150,2025-10-05 17:21:15,Cash
1721,2024-10-22 00:51:39,UPI
5346,2026-05-05 22:39:32,Credit Card
5302,2024-10-26 13:20:47,Credit Card
2662,2025-11-06 18:02:21,Credit Card
3143,2026-07-15 18:03:54,Net Banking
5773,2025-07-27 22:59:01,Credit Card
4339,2024-08-25 21:28:16,UPI
5861,2025-10-03 08:36:40,Credit Card
5031,2024-10-19 06:07:28,Net Banking
5696,2024-09-14 14:19:52,Cash
1111,2024-11-30 07:58:12,UPI
1333,2025-09-16 14:29:27,Credit Card
5036,2026-03-01 08:19:43,Cash
4542,2025-01-17 08:53:58,Debit Card
3899,2026-02-15 21:35:51,UPI
3637,2024-12-16 02:22:12,Cash
4608,2026-01-03 15:19:22,Debit Card
3361,2026-04-19 23:50:33,UPI
5261,2025-06-14 02:57:39,Credit Card
3919,2025-05-14 14:41:25,UPI
4968,2025-10-21 14:41:32,Net Banking
1217,2024-11-03 04:54:02,Cash
3861,2025-07-20 04:40:44,Credit Card
2651,2025-10-25 03:20:21,Debit Card
3895,2024-11-26 23:10:50,Net Banking
3226,2024-12-27 04:51:47,Net Banking
1146,2025-04-12 05:54:56,Debit Card
4281,2026-07-15 20:06:00,UPI
4559,2025-04-17 21:58:45,Debit Card
1038,2026-01-14 18:21:03,UPI
5289,2025-06-21 02:49:50,Credit Card
1966,2026-02-25 14:43:10,Net Banking
3528,2025-01-30 08:28:21,Credit Card
2566,2026-01-24 18:42:05,Net Banking
3754,2025-08-04 13:26:34,Net Banking
1422,2024-08-20 01:56:00,Net Banking
5747,2025-07-24 14:05:01,Credit Card
1549,2024-09-14 16:12:24,Net Banking
1218,2025-03-08 00:29:17,Cash
3703,2025-08-04 04:05:15,Credit Card
4928,2026-04-23 17:14:32,Cash
1215,2025-11-01 16:23:42,Debit Card
2816,2025-11-29 23:10:20,Net Banking
1857,2025-08-25 10:12:35,Debit Card
2075,2025-10-11 20:49:49,Credit Card
5688,2026-05-21 12:42:17,Credit Card
4883,2026-08-02 14:45:23,Debit Card
4365,2024-10-19 14:22:18,Debit Card
1024,2026-07-08 11:24:33,Credit Card
2689,2026-07-28 23:34:56,Credit Card
5226,2024-09-07 04:47:59,Debit Card
1363,2025-04-04 17:05:35,Cash
3866,2025-12-01 06:25:46,Debit Card
3955,2024-08-18 15:44:29,Credit Card
1538,2024-12-09 07:08:34,Debit Card
3007,2025-02-10 13:05:11,Cash
2941,2024-12-12 04:41:47,Debit Card
5487,2025-10-08 12:40:34,Credit Card
3896,2025-03-05 13:55:51,Debit Card
1284,2025-05-22 15:20:14,Net Banking
5430,2025-01-07 06:45:04,Cash
1364,2024-11-15 03:03:11,Cash
5903,2026-05-20 13:25:36,Net Banking
5377,2026-08-03 05:18:49,Debit Card
5614,2024-10-21 08:49:18,UPI
2011,2024-12-14 09:59:00,Net Banking
1607,2024-10-11 12:50:50,Debit Card
2723,2024-10-13 09:17:57,Net Banking
4409,2025-02-19 02:44:01,Net Banking
5292,2024-12-03 20:26:26,UPI
3456,2025-06-21 03:21:08,UPI
4478,2026-02-13 23:38:36,Cash
4306,2025-07-26 20:12:30,UPI
4850,2025-05-02 20:51:19,Cash
3503,2025-03-13 23:52:01,Debit Card
3935,2025-05-19 13:50:42,Credit Card
5601,2026-01-31 15:08:33,Cash
1506,2025-07-22 22:56:32,Net Banking
2089,2025-02-18 07:43:52,UPI
5715,2025-09-24 21:23:11,Cash
3989,2025-07-13 09:32:41,Debit Card
3838,2025-12-11 18:24:23,Net Banking
2892,2026-06-29 22:33:59,Cash
5181,2025-05-25 07:36:59,Debit Card
1436,2026-05-25 10:39:55,Debit Card
2308,2025-11-09 17:36:52,Cash
4499,2025-07-18 06:30:03,Cash
5675,2024-10-19 01:08:26,Net Banking
3999,2024-09-13 09:32:22,Credit Card
2132,2026-07-03 07:04:26,Net Banking
4629,2025-12-06 02:59:34,Debit Card
4110,2025-08-16 09:32:52,Credit Card
3702,2024-08-30 22:20:00,Net Banking
3222,2024-12-11 11:32:17,Debit Card
1630,2025-07-16 03:29:41,Net Banking
5146,2025-02-17 02:08:40,Credit Card
1358,2026-04-29 15:18:56,Credit Card
1891,2025-04-19 04:01:59,UPI
1461,2025-11-01 21:29:34,UPI
1719,2025-04-20 22:56:57,Cash
5750,2025-04-22 18:00:09,Cash
2395,2025-07-16 15:20:46,UPI
4618,2026-04-05 15:07:48,UPI
1371,2025-07-27 14:29:34,Net Banking
5026,2025-01-06 10:41:07,Debit Card
4050,2026-03-17 22:56:18,Net Banking
4918,2026-05-07 07:44:20,Credit Card
3350,2026-06-29 03:09:00,Debit Card
4020,2024-10-31 21:24:39,Debit Card
3929,2024-08-09 04:08:57,Debit Card
2343,2026-03-12 10:15:58,UPI
2480,2026-04-21 12:32:33,Debit Card
5731,2024-09-20 02:19:26,UPI
1818,2025-06-19 22:33:50,Debit Card
5714,2024-09-23 03:11:57,Net Banking
2388,2025-05-21 15:33:15,Cash
5380,2026-01-29 14:44:04,Debit Card
4906,2025-11-15 00:14:00,Cash
4480,2026-03-18 15:45:06,Debit Card
5115,2025-08-12 19:37:36,Credit Card
1325,2025-02-05 03:45:35,Cash
2247,2026-05-10 10:16:20,Net Banking
5854,2025-10-25 00:58:56,UPI
4843,2025-02-26 14:33:16,UPI
1883,2025-10-13 11:07:29,Debit Card
1373,2025-03-20 06:32:27,Cash
3875,2026-04-09 06:05:52,Net Banking
2031,2025-09-25 22:02:42,Cash
5820,2024-12-05 06:48:31,Net Banking
2971,2024-09-09 06:17:00,Debit Card
2642,2026-02-25 05:28:06,Debit Card
3885,2024-11-19 03:42:47,Cash
1025,2026-06-21 02:38:10,Net Banking
1924,2025-05-29 08:36:24,Net Banking
4856,2024-12-12 07:20:55,UPI
5926,2025-01-23 04:29:19,Debit Card
3154,2026-05-28 20:33:08,Credit Card
4793,2024-10-30 17:31:45,Cash
5127,2025-09-14 11:16:00,Debit Card
1451,2026-01-17 02:16:45,Net Banking
5020,2026-01-04 15:00:01,UPI
3314,2025-09-19 15:50:40,Debit Card
2176,2025-10-21 09:10:57,Credit Card
4064,2024-10-26 20:00:39,UPI
3383,2025-04-21 01:26:47,Credit Card
2384,2026-04-23 22:32:57,Net Banking
4949,2025-08-10 15:26:18,Debit Card
1666,2026-02-18 03:22:01,Net Banking
5450,2025-04-13 09:17:56,Credit Card
1377,2025-07-31 01:37:19,Cash
5086,2024-12-30 10:17:09,Net Banking
5828,2026-05-11 12:53:45,Cash
1071,2025-01-23 13:10:40,Net Banking
3812,2025-09-26 04:27:36,Debit Card
3022,2025-04-22 15:11:53,Cash
2544,2025-09-06 04:38:35,UPI
5581,2026-01-03 18:45:12,Debit Card
5688,2024-11-20 14:24:12,Credit Card
2583,2024-10-24 02:08:42,Cash
1438,2025-07-03 07:53:53,Debit Card
5786,2026-08-05 21:08:41,Credit Card
2055,2025-10-06 22:43:23,Credit Card
3810,2026-04-18 11:31:47,Credit Card
1156,2025-05-05 10:28:29,Net Banking
2666,2026-05-25 06:31:20,Cash
3587,2024-10-27 06:30:11,Net Banking
4091,2026-05-16 00:38:32,Credit Card
4870,2025-05-17 09:45:07,Credit Card
2345,2025-01-27 16:57:46,Net Banking
5125,2025-11-01 08:31:00,Cash
4465,2024-09-06 18:27:03,UPI
2581,2025-11-04 14:50:24,Debit Card
4251,2026-05-16 20:50:32,Credit Card
5898,2024-12-15 19:43:35,Net Banking
4149,2025-11-20 19:47:07,Credit Card
4220,2024-12-12 00:52:13,Credit Card
4965,2025-07-11 22:12:39,Debit Card
5649,2025-01-07 16:51:34,Credit Card
1411,2025-11-05 06:57:23,UPI
1751,2026-07-13 15:16:16,UPI
2719,2026-05-01 16:55:08,Credit Card
5212,2026-02-25 22:17:27,Net Banking
3648,2026-05-12 07:40:19,Debit Card
5377,2025-01-03 12:56:20,UPI
2250,2026-08-07 19:13:36,Net Banking
5731,2024-09-09 17:57:27,Net Banking
1781,2026-06-23 00:41:40,Debit Card
5945,2024-12-14 11:46:08,UPI
3121,2025-11-23 08:16:30,UPI
2375,2026-02-27 22:42:09,Cash
5475,2024-10-24 02:53:02,UPI
1764,2025-02-09 07:21:50,Credit Card
3047,2024-09-14 19:17:54,Credit Card
4143,2026-08-04 14:06:34,Net Banking
3054,2026-07-26 20:34:58,Debit Card
3382,2024-08-22 18:58:01,Net Banking
3257,2025-05-08 21:08:23,Credit Card
3098,2026-07-02 21:36:05,Credit Card
5003,2024-12-24 04:20:10,Net Banking
2207,2026-03-29 09:28:00,Debit Card
4139,2025-05-20 22:38:41,Debit Card
3986,2026-07-30 16:57:44,Net Banking
4910,2026-04-09 21:26:19,UPI
5145,2025-02-07 07:13:57,Net Banking
5028,2025-09-13 00:26:57,Cash
3761,2026-05-21 16:17:46,Debit Card
1204,2026-03-20 08:21:40,Debit Card
4153,2026-02-16 05:29:55,UPI
2319,2025-07-05 02:12:33,Cash
2094,2025-05-24 15:34:56,UPI
2625,2025-10-26 05:58:42,Net Banking
2264,2026-01-13 16:52:20,Net Banking
1954,2024-09-27 16:01:27,Net Banking
4099,2024-11-08 12:18:47,Debit Card
1173,2024-08-18 22:20:29,Debit Card
2224,2025-07-15 22:13:56,UPI
3884,2024-12-19 19:53:52,Cash
3807,2025-07-22 07:21:33,Credit Card
1903,2026-05-14 14:14:53,UPI
2990,2024-12-07 19:48:33,Net Banking
1025,2025-04-20 13:45:48,Cash
5711,2025-02-09 03:30:21,UPI
5723,2025-08-23 18:15:56,Debit Card
5061,2026-02-18 21:38:55,Cash
4187,2026-05-14 21:56:09,Cash
4791,2026-06-14 10:16:37,Net Banking
5877,2025-02-20 22:26:57,Debit Card
3016,2026-03-15 07:17:55,Credit Card
5871,2025-03-22 02:38:45,Net Banking
4032,2024-09-01 08:14:36,Cash
4408,2026-02-18 14:33:40,Net Banking
4713,2026-04-05 23:40:00,Net Banking
4063,2025-09-30 21:35:53,Net Banking
5840,2026-07-30 04:41:35,Net Banking
1873,2026-05-01 01:34:00,Cash
1654,2025-03-20 11:30:13,Debit Card
2550,2026-05-06 13:56:35,Cash
4993,2025-11-05 14:59:37,Debit Card
3258,2025-11-07 03:19:09,Net Banking
1608,2024-11-08 23:24:52,UPI
3136,2024-09-10 11:06:03,Cash
2774,2025-04-23 22:09:42,Credit Card
1678,2024-12-15 12:23:19,Cash
4428,2025-07-01 03:04:19,UPI
5761,2026-04-14 18:17:10,Cash
5198,2024-11-06 03:33:22,UPI
1783,2025-04-05 13:02:45,Credit Card
1973,2025-09-23 02:51:07,Credit Card
4421,2026-06-29 15:10:01,UPI
2264,2025-09-08 14:30:06,Net Banking
3125,2025-10-19 01:24:56,Credit Card
3871,2026-02-14 18:41:55,Credit Card
4596,2025-07-15 00:43:46,Credit Card
1601,2026-07-21 08:25:26,Credit Card
2431,2024-08-21 12:27:37,Debit Card
4937,2025-12-23 23:55:41,Net Banking
2358,2024-11-11 06:39:08,Cash
4754,2024-10-17 14:04:09,Net Banking
1946,2026-05-16 02:05:50,Net Banking
2535,2026-03-28 05:32:33,Net Banking
2901,2026-04-30 21:43:39,Debit Card
1955,2025-10-06 04:50:17,Cash
5755,2026-01-15 14:21:12,Net Banking
4692,2025-11-24 14:12:05,Cash
2767,2026-05-31 03:14:22,Debit Card
3084,2024-10-09 12:10:38,Net Banking
1402,2026-01-16 23:39:43,Debit Card
3902,2026-02-13 23:16:55,Net Banking
3401,2026-05-27 03:51:25,Debit Card
3791,2024-11-24 02:43:54,Cash
3625,2024-11-30 22:09:52,UPI
1960,2024-08-23 08:34:28,Net Banking
4204,2026-08-02 12:59:04,UPI
3280,2026-04-28 22:12:41,Cash
3136,2026-02-26 00:27:03,Credit Card
2733,2025-12-23 03:54:17,Debit Card
4502,2025-12-18 19:21:02,UPI
4703,2025-07-08 16:25:55,UPI
3089,2025-09-26 02:54:10,Debit Card
3481,2026-05-26 01:09:08,Cash
5548,2026-07-25 14:38:13,UPI
1135,2025-03-24 12:21:30,Credit Card
1452,2025-02-04 07:44:24,Debit Card
5132,2025-05-26 06:07:36,Net Banking
5617,2026-01-14 06:42:48,UPI
5033,2025-08-29 07:29:41,Net Banking
2921,2025-11-04 04:59:55,UPI
2877,2024-12-07 23:36:39,UPI
4535,2025-06-09 21:06:47,Cash
5024,2025-10-17 13:17:12,UPI
3844,2025-08-21 13:14:51,Cash
5018,2026-03-30 23:29:05,Credit Card
5394,2025-05-04 11:13:34,Cash
1531,2025-04-26 20:52:05,Debit Card
3143,2026-04-26 18:40:54,Cash
4084,2026-06-14 20:11:24,Net Banking
3511,2025-10-31 01:40:31,UPI
5165,2026-08-06 03:52:20,Net Banking
2540,2025-02-27 12:07:47,UPI
5074,2026-05-27 09:08:18,Net Banking
1039,2025-12-02 18:43:48,Debit Card
4988,2025-04-19 12:50:08,Net Banking
3867,2024-12-22 03:15:53,Debit Card
3998,2024-10-02 02:08:48,Credit Card
2511,2026-06-27 06:13:44,Debit Card
4594,2025-07-05 06:07:28,Debit Card
4192,2024-11-28 17:26:17,Credit Card
5510,2024-12-14 05:51:17,Credit Card
3807,2025-07-30 17:26:53,Credit Card
3138,2026-07-14 11:39:29,Debit Card
1197,2026-05-15 17:11:27,Credit Card
2473,2024-10-15 02:59:26,Credit Card
1381,2025-08-06 00:41:03,Debit Card
4858,2024-12-31 18:00:50,Net Banking
4933,2026-03-27 01:13:10,Net Banking
4914,2025-12-14 09:04:16,Credit Card
4433,2025-01-19 23:22:36,UPI
4601,2025-03-06 15:01:33,Net Banking
3428,2025-11-12 23:11:07,Net Banking
5756,2025-10-30 19:06:39,Net Banking
3468,2025-08-10 08:36:17,Credit Card
3915,2025-07-08 19:05:25,Net Banking
3791,2026-03-30 23:06:24,Debit Card
4438,2026-06-03 00:47:51,UPI
3255,2026-03-30 08:28:01,Net Banking
5429,2026-03-06 19:59:19,Net Banking
1999,2026-07-14 23:16:11,Net Banking
3253,2025-01-30 06:43:09,Net Banking
2476,2024-11-17 21:15:59,UPI
2931,2025-11-28 07:57:44,Debit Card
3081,2026-04-29 11:48:59,Cash
4745,2025-08-27 22:04:15,UPI
4670,2026-02-21 23:26:46,Credit Card
3660,2025-07-18 08:39:49,Net Banking
4447,2025-10-05 23:07:06,Debit Card
3659,2026-02-22 10:19:22,Net Banking
1160,2026-05-20 19:24:48,UPI
5419,2026-04-27 08:08:31,Debit Card
4309,2025-03-29 02:30:57,Cash
3590,2026-03-23 18:44:46,Credit Card
2784,2025-05-22 09:53:28,Net Banking
2329,2024-09-28 10:04:39,Net Banking
3588,2026-07-02 01:17:48,Cash
1498,2026-08-07 04:46:05,Cash
4865,2025-01-04 07:36:45,Cash
1869,2025-06-18 18:52:00,UPI
1837,2025-11-11 07:49:57,Credit Card
2820,2026-01-15 21:07:54,Credit Card
2097,2024-08-12 07:20:06,Credit Card
2529,2024-09-13 02:35:01,Cash
2443,2024-08-20 03:24:51,Credit Card
3636,2025-04-05 11:29:49,UPI
3424,2025-10-26 07:38:16,UPI
2693,2025-10-12 15:08:02,Net Banking
4933,2025-08-02 01:56:23,UPI
5001,2025-08-30 06:43:48,Cash
5803,2026-06-09 07:27:32,Cash
4789,2025-01-10 14:40:24,UPI
4949,2024-08-10 18:58:03,UPI
5747,2025-04-09 10:33:28,Cash
5871,2025-03-01 12:01:24,Debit Card
5817,2025-12-13 02:41:16,UPI
4137,2025-11-26 21:01:21,Cash
2681,2025-03-19 09:29:32,Net Banking
1805,2025-03-28 15:01:59,Net Banking
1929,2026-02-15 08:32:27,Cash
5601,2025-05-23 08:30:27,UPI
5105,2026-07-08 15:56:53,Net Banking
2737,2026-01-15 07:39:46,Credit Card
1468,2026-05-30 14:10:54,Net Banking
2513,2025-01-18 17:45:11,Debit Card
3216,2025-01-18 04:36:46,Cash
2381,2025-11-07 07:42:00,Net Banking
3397,2025-12-27 22:41:41,Cash
3155,2025-10-01 18:46:26,Credit Card
4881,2026-04-10 17:36:27,Net Banking
3733,2025-09-18 14:26:19,UPI
4632,2026-05-24 20:55:47,Cash
1280,2026-07-22 06:32:33,UPI
5406,2025-11-07 00:17:08,UPI
1187,2025-11-22 02:08:52,Net Banking
5092,2025-02-16 19:48:42,UPI
1586,2025-02-01 17:34:04,Credit Card
5647,2025-06-25 09:52:33,UPI
4184,2026-02-17 15:29:15,Debit Card
3566,2026-01-02 16:00:41,Debit Card
5983,2025-02-23 22:51:44,Debit Card
2001,2025-08-03 19:00:20,UPI
1285,2025-01-27 17:25:38,Debit Card
2658,2025-09-11 06:44:44,UPI
5550,2025-09-24 09:06:25,Cash
3770,2025-01-17 07:20:31,Cash
2582,2026-02-23 01:07:34,Net Banking
1716,2026-01-25 00:15:21,Net Banking
4340,2026-04-25 20:01:56,Credit Card
5999,2024-12-08 12:30:53,UPI
3320,2025-08-22 16:15:27,Net Banking
3510,2025-10-12 08:00:35,Net Banking
5669,2026-01-08 09:53:32,Debit Card
2410,2024-12-17 17:41:41,Debit Card
1148,2025-04-21 09:37:21,Debit Card
4338,2025-07-05 22:50:55,UPI
5713,2025-08-12 05:08:24,Debit Card
4069,2026-07-21 07:00:20,UPI
2029,2026-07-14 19:10:19,Credit Card
4176,2025-04-07 20:50:36,Credit Card
2744,2025-02-18 10:07:27,Cash
1729,2024-08-23 04:45:32,Net Banking
5734,2024-10-03 22:04:24,Credit Card
1701,2024-10-08 23:51:26,Debit Card
4415,2026-01-18 06:15:53,Net Banking
1322,2025-05-31 20:30:41,UPI
5076,2025-04-02 21:05:19,Cash
1308,2026-06-05 12:10:26,Credit Card
4942,2025-07-27 03:56:45,Debit Card
4327,2025-02-02 04:39:26,Net Banking
1009,2025-04-23 13:54:25,Debit Card
5041,2026-05-14 14:44:22,Net Banking
5686,2026-05-05 03:39:56,UPI
2683,2026-05-11 23:11:42,Net Banking
5138,2025-08-06 08:59:55,Cash
1420,2026-03-20 00:09:37,UPI
5007,2025-11-13 22:37:13,Credit Card
2064,2025-07-02 16:44:07,Debit Card
1235,2026-05-23 13:59:25,Net Banking
4121,2026-05-18 18:23:43,Cash
5059,2025-07-20 00:29:02,Credit Card
3875,2025-10-18 05:42:36,Cash
1172,2025-11-14 06:57:03,Credit Card
1423,2025-10-15 07:37:07,Credit Card
3092,2025-02-09 03:49:12,Credit Card
2801,2025-06-11 11:51:07,UPI
3071,2025-03-08 11:47:14,UPI
2679,2025-02-10 06:17:17,Credit Card
3605,2025-11-30 04:52:45,Cash
2711,2025-11-21 10:07:59,Cash
2026,2025-04-14 02:41:36,Net Banking
4751,2025-03-04 13:31:37,Debit Card
5755,2025-12-07 19:23:09,Debit Card
2093,2025-11-20 10:38:46,UPI
5620,2026-06-01 15:57:11,Cash
1974,2025-01-13 14:02:46,Cash
3356,2025-03-02 08:17:49,Cash
4377,2025-06-14 18:57:58,Debit Card
5003,2025-07-21 00:27:34,Debit Card
1683,2025-08-09 17:43:59,Cash
4774,2025-08-12 09:48:36,Cash
5281,2025-11-27 19:10:27,Debit Card
1974,2026-05-15 18:03:11,Cash
4369,2025-11-20 09:31:41,Cash
3284,2025-06-27 12:27:27,Debit Card
4117,2026-07-22 23:41:19,Credit Card
5782,2025-10-03 21:41:35,UPI
1695,2025-11-30 11:26:10,Cash
2020,2025-12-30 20:10:44,Net Banking
1854,2025-02-26 01:54:18,Cash
4575,2024-08-20 23:38:09,Debit Card
1703,2025-04-12 18:05:10,UPI
4060,2025-09-06 15:21:29,Net Banking
3645,2026-05-16 19:33:42,Net Banking
4611,2026-08-04 16:34:30,Debit Card
2781,2026-03-24 19:59:58,Cash
5683,2025-12-13 05:27:53,Credit Card
2040,2025-04-22 03:31:33,Net Banking
4744,2026-02-26 19:05:35,Credit Card
1594,2025-12-31 19:42:07,Net Banking
5603,2024-12-19 13:23:46,Cash
1180,2025-11-20 01:44:17,UPI
4379,2025-10-05 19:28:58,Debit Card
5710,2026-07-10 21:54:04,UPI
1016,2025-04-26 21:56:51,Credit Card
2915,2026-04-01 18:20:52,Cash
3771,2025-10-08 22:22:53,Cash
1309,2026-07-09 08:46:15,Credit Card
1007,2025-08-23 06:21:05,Cash
2277,2025-08-03 18:28:35,Net Banking
2320,2024-10-24 02:30:37,UPI
3669,2026-02-07 10:08:13,Net Banking
3688,2025-09-28 21:47:14,Credit Card
1267,2026-03-18 12:35:25,UPI
2372,2025-05-22 23:53:56,UPI
2537,2026-04-26 16:07:35,Credit Card
5228,2026-04-24 03:50:10,Net Banking
3531,2026-01-18 14:37:42,Cash
1793,2024-09-18 10:17:31,Cash
5684,2024-09-30 21:13:28,UPI
5807,2025-07-28 06:53:22,Net Banking
5178,2026-07-27 11:29:57,UPI
3567,2025-09-14 05:49:55,UPI
4261,2025-06-06 23:17:53,Debit Card
3446,2024-12-01 21:28:30,Net Banking
5683,2025-01-10 16:57:41,Credit Card
1996,2024-12-25 20:12:01,Debit Card
2233,2025-04-02 17:19:26,Credit Card
3741,2026-03-09 20:50:04,UPI
3599,2025-03-01 19:27:39,Debit Card
2551,2026-05-25 17:01:46,Credit Card
4898,2024-11-15 16:43:06,UPI
1750,2024-09-07 06:15:12,Net Banking
4002,2025-06-04 20:01:11,Net Banking
5021,2026-03-20 01:42:58,Cash
1742,2024-11-24 20:37:48,Net Banking
3714,2025-02-21 00:03:34,UPI
1353,2025-09-25 00:22:01,Credit Card
5673,2025-03-14 14:13:01,Cash
5563,2025-08-31 14:13:06,Cash
3575,2024-11-09 08:22:13,Net Banking
2659,2025-11-29 23:32:02,Cash
1885,2025-09-12 23:04:39,Net Banking
2810,2026-06-26 08:36:45,Cash
4891,2026-01-09 22:43:26,Debit Card
1801,2025-02-22 18:37:16,Cash
2438,2025-05-14 13:11:33,Credit Card
4118,2026-03-10 18:13:16,UPI
1357,2026-01-31 09:27:32,Debit Card
1472,2024-10-09 23:26:20,UPI
4652,2025-11-01 09:21:43,Credit Card
4113,2025-04-16 16:01:08,Debit Card
5826,2025-02-18 14:02:45,Debit Card
3859,2025-06-02 15:00:31,Cash
2396,2026-08-05 17:55:29,Net Banking
2361,2026-01-16 21:43:40,Debit Card
5882,2024-11-09 23:32:01,Cash
3982,2024-12-06 23:43:31,Net Banking
4118,2026-01-10 15:36:09,UPI
1722,2024-10-27 13:06:01,Debit Card
4045,2025-02-15 12:15:07,Debit Card
4404,2025-10-15 06:48:25,Cash
4502,2025-03-06 21:37:52,Cash
3430,2026-06-25 21:17:28,Cash
2521,2026-05-08 05:14:30,Debit Card
5169,2024-09-09 15:30:46,Credit Card
5129,2026-02-16 06:44:02,Credit Card
5344,2025-07-15 03:35:03,Debit Card
4813,2024-10-08 16:03:14,UPI
3410,2026-03-10 07:22:11,Cash
4017,2025-02-21 13:45:11,UPI
4357,2024-08-07 18:29:22,Debit Card
3162,2025-05-23 14:13:48,Debit Card
2541,2026-03-01 00:19:58,Net Banking
5665,2024-10-11 08:33:17,Cash
1645,2026-08-01 12:53:02,UPI
1291,2026-04-24 20:26:15,Debit Card
2405,2026-07-24 14:43:38,Debit Card
1471,2026-04-25 08:15:39,Debit Card
2884,2025-03-08 16:33:25,UPI
3400,2024-10-17 23:05:23,Credit Card
2667,2025-12-06 17:51:44,UPI
2820,2026-06-20 06:43:56,UPI
5514,2025-09-03 23:02:38,Cash
2565,2025-01-05 22:51:27,Debit Card
5324,2026-08-02 00:52:01,Net Banking
2429,2026-06-06 09:37:34,Credit Card
3554,2025-11-20 15:20:34,Debit Card
1718,2026-03-19 06:09:48,UPI
2017,2025-05-21 20:37:33,Net Banking
2646,2025-08-03 16:07:52,UPI
1017,2024-11-28 08:00:05,Credit Card
3115,2026-05-30 12:54:54,Credit Card
4996,2026-05-07 15:40:08,Credit Card
1975,2025-07-16 04:21:15,UPI
4934,2026-05-20 11:25:09,Cash
3976,2024-12-09 23:44:10,UPI
1005,2025-11-08 14:43:24,Debit Card
4580,2025-05-06 10:16:37,Debit Card
1157,2024-08-17 10:54:13,Debit Card
2502,2025-02-19 19:13:39,Net Banking
3991,2025-03-24 01:31:28,Cash
1181,2025-07-10 05:40:34,Debit Card
4602,2026-01-25 12:11:31,UPI
4718,2024-08-13 13:09:53,Debit Card
2691,2025-09-14 20:17:12,Cash
1117,2025-09-22 22:49:24,UPI
4526,2025-06-24 10:03:19,UPI
1086,2024-12-26 15:46:48,Cash
1494,2026-07-07 04:15:32,Debit Card
1633,2024-12-13 14:51:52,Cash
4831,2025-10-11 17:13:03,UPI
5836,2025-10-20 00:26:36,Credit Card
2328,2026-06-17 08:15:51,Debit Card
1674,2025-02-06 05:44:35,UPI
3130,2025-05-14 07:47:19,Cash
4275,2025-10-17 10:16:11,Net Banking
2526,2026-02-17 13:07:08,Cash
4888,2026-04-24 09:30:07,Debit Card
1781,2025-10-08 18:24:33,Cash
1057,2025-06-15 22:42:23,Debit Card
2762,2024-09-13 13:59:49,Debit Card
1991,2026-03-26 21:33:52,UPI
5576,2025-03-07 20:17:47,Cash
5389,2025-08-22 18:40:18,Net Banking
5636,2025-04-14 13:25:15,Debit Card
5666,2025-06-23 10:14:04,Cash
5832,2026-01-10 10:30:31,UPI
5659,2024-12-23 08:07:15,Credit Card
4983,2026-06-14 20:27:49,UPI
1626,2025-01-14 13:18:15,Credit Card
4808,2026-03-15 12:27:51,UPI
2013,2025-01-20 14:40:44,UPI
1514,2025-06-14 02:20:59,Cash
3225,2025-10-16 00:28:35,Net Banking
3416,2025-06-22 01:52:48,UPI
3038,2025-02-21 18:54:50,UPI
2836,2025-03-26 08:04:18,Net Banking
1613,2024-08-10 11:00:53,Cash
3093,2026-04-05 07:26:12,Debit Card
1424,2024-12-11 14:51:18,UPI
1350,2026-01-01 13:19:01,Credit Card
5463,2024-08-26 18:33:52,Credit Card
1416,2026-04-18 12:46:26,Debit Card
1309,2026-06-23 22:05:41,Credit Card
1717,2025-08-23 14:28:19,Debit Card
2529,2026-04-25 18:15:29,Net Banking
5744,2024-11-21 17:00:10,UPI
2513,2025-06-13 05:30:22,Debit Card
2717,2025-06-28 18:15:14,Net Banking
3741,2026-03-14 12:59:25,Cash
4858,2025-10-31 01:58:28,Debit Card
5059,2025-09-10 14:06:20,Credit Card
2449,2025-03-17 02:16:59,UPI
3661,2025-12-07 02:01:05,Debit Card
1677,2025-07-29 06:12:52,Net Banking
1529,2026-03-26 21:10:03,Cash
5179,2026-04-17 23:14:03,Cash
4421,2025-08-13 13:03:51,Cash
2058,2025-10-14 07:16:34,Credit Card
1733,2024-12-08 11:32:21,Credit Card
1467,2026-01-19 22:23:45,UPI
4976,2026-07-16 13:06:41,Net Banking
2054,2026-04-07 14:01:40,Credit Card
4282,2026-05-19 19:44:00,Debit Card
4343,2025-05-30 07:56:48,Cash
4117,2024-12-16 09:11:14,Debit Card
2321,2026-03-02 06:10:42,Debit Card
4678,2025-06-10 12:48:46,UPI
5646,2025-11-14 17:49:52,UPI
1185,2025-03-05 00:51:58,Cash
3593,2026-06-28 04:45:31,UPI
2820,2025-03-16 06:26:48,Debit Card
2734,2025-07-20 08:18:13,Debit Card
1224,2025-11-22 15:46:49,Credit Card
5139,2025-08-24 15:28:15,Cash
5130,2026-07-27 07:46:05,UPI
2032,2026-01-06 03:41:44,Cash
3392,2024-11-08 04:45:16,Net Banking
5007,2024-12-12 22:50:03,Debit Card
1457,2026-06-28 20:48:49,UPI
2710,2025-03-07 10:02:45,UPI
2198,2025-07-25 08:23:47,Debit Card
3218,2025-01-29 20:33:21,Debit Card
2681,2025-11-12 10:54:36,Cash
1991,2024-11-06 14:36:07,Debit Card
3654,2026-01-22 05:05:56,UPI
5656,2026-03-07 22:15:03,UPI
5391,2026-04-27 22:53:11,Credit Card
3038,2025-07-24 16:24:26,UPI
2263,2025-04-17 03:38:32,Credit Card
5835,2025-05-13 03:12:01,Cash
5213,2026-06-19 04:45:24,Net Banking
4536,2025-01-27 07:19:43,Net Banking
4523,2026-06-26 23:51:31,Cash
3549,2024-08-29 17:36:52,Debit Card
2172,2026-03-12 05:19:07,Debit Card
1511,2025-12-08 11:41:15,Cash
3783,2025-10-03 05:23:47,UPI
3700,2026-07-09 11:15:57,UPI
2950,2025-06-16 23:51:30,UPI
2277,2024-08-16 08:20:56,UPI
1028,2025-01-18 16:00:55,Credit Card
3192,2024-11-26 23:57:09,Net Banking
4920,2026-01-02 05:44:28,Net Banking
1889,2024-09-29 07:02:06,Debit Card
1426,2026-02-17 18:34:29,UPI
5284,2025-03-04 21:40:53,Cash
2923,2025-08-19 13:53:22,UPI
3207,2024-09-24 04:00:12,Debit Card
1115,2026-01-22 04:30:15,Credit Card
1995,2026-01-05 08:07:23,UPI
2050,2026-06-06 08:28:03,Net Banking
3848,2024-10-15 05:55:49,Net Banking
2972,2026-03-08 16:11:01,Cash
2213,2025-11-02 03:17:35,Net Banking
5932,2026-03-08 13:12:36,UPI
5486,2025-08-08 00:49:14,UPI
2969,2025-11-18 10:50:52,Debit Card
4644,2025-07-16 14:01:37,Credit Card
4520,2026-07-22 20:56:43,Cash
1158,2025-10-24 07:32:57,Debit Card
5309,2025-11-05 18:37:43,Credit Card
2396,2026-07-06 09:07:07,Net Banking
5006,2025-09-05 16:39:46,Credit Card
4753,2024-10-20 02:31:41,Cash
5477,2025-07-17 11:59:36,Debit Card
3133,2025-12-06 06:54:50,Credit Card
5777,2025-09-26 10:18:07,Cash
1466,2025-07-02 16:42:50,Cash
1083,2025-07-18 07:53:38,Debit Card
1992,2024-12-26 01:49:53,UPI
3694,2025-07-13 05:16:43,Cash
3725,2024-12-07 16:24:04,Net Banking
4756,2025-02-02 03:21:43,UPI
5563,2024-10-15 15:34:07,UPI
2182,2026-03-01 20:45:53,Cash
1829,2025-05-03 08:05:13,UPI
5789,2025-03-24 03:42:54,Credit Card
3451,2025-07-19 10:46:19,Debit Card
5148,2024-11-05 10:35:51,Cash
4095,2025-06-09 17:45:54,Credit Card
1960,2026-06-09 04:17:28,Net Banking
3508,2026-06-17 08:30:42,Credit Card
2984,2025-02-07 21:50:53,UPI
3642,2026-03-31 10:46:50,Debit Card
3703,2025-10-12 11:59:46,Debit Card
1079,2025-12-07 16:57:12,Credit Card
3789,2025-10-03 06:39:19,Credit Card
5801,2024-12-01 15:13:21,Debit Card
1362,2024-08-22 23:26:53,Cash
2681,2025-07-30 13:10:14,Net Banking
5265,2025-02-12 04:45:38,Debit Card
4084,2025-12-20 12:35:45,Net Banking
4608,2025-11-12 14:10:43,Cash
3720,2025-04-06 17:56:36,Credit Card
5598,2025-05-18 01:02:08,Cash
2698,2026-04-14 07:24:35,Cash
5099,2026-05-29 21:35:48,Cash
3655,2024-09-18 17:42:54,Cash
3000,2026-06-29 17:16:15,Cash
5875,2025-03-07 19:57:04,Net Banking
3194,2024-08-24 00:32:57,Debit Card
4409,2024-10-06 01:09:14,Credit Card
1649,2026-07-14 06:24:37,UPI
3185,2024-08-27 17:33:16,Credit Card
2395,2024-08-12 16:36:26,Debit Card
2525,2026-05-25 05:51:07,UPI
3126,2024-09-11 12:33:54,UPI
3671,2025-08-17 18:38:00,Net Banking
5672,2024-08-22 17:45:27,Net Banking
2404,2026-06-28 22:04:57,Debit Card
2365,2025-11-15 22:26:55,Debit Card
2476,2025-05-12 00:39:06,Net Banking
3352,2024-11-05 18:16:45,Cash
3412,2025-02-08 13:12:32,Debit Card
1820,2026-07-28 21:26:46,Credit Card
3683,2026-04-17 21:36:54,UPI
4095,2025-08-18 07:16:47,UPI
5297,2026-07-28 13:35:11,Net Banking
2332,2026-06-07 13:42:43,Debit Card
2672,2025-09-26 03:04:42,Cash
1687,2025-11-23 07:01:25,Credit Card
1023,2024-09-01 22:39:56,Debit Card
4435,2026-05-09 02:31:39,UPI
3041,2026-01-31 02:46:23,Debit Card
3265,2025-01-22 15:25:07,Cash
1009,2026-05-27 03:50:38,Net Banking
2403,2026-03-19 08:40:22,Credit Card
4988,2024-09-17 02:13:49,Credit Card
5802,2026-02-04 21:04:58,Credit Card
1823,2026-04-15 23:09:08,Net Banking
5255,2025-04-15 08:39:51,UPI
1926,2026-07-06 02:55:57,Credit Card
4258,2026-07-22 23:23:28,Debit Card
5106,2025-12-09 22:24:30,Credit Card
2555,2024-08-24 08:15:54,Net Banking
3677,2024-12-06 11:51:43,Cash
1741,2025-04-01 17:59:59,UPI
1981,2026-04-15 19:23:22,UPI
1338,2024-09-27 14:28:39,Credit Card
5811,2025-08-25 06:02:43,UPI
1084,2026-04-30 17:03:23,Cash
4040,2025-08-25 18:27:18,UPI
3389,2026-05-24 17:35:07,Cash
5988,2026-01-12 11:28:18,Debit Card
1033,2026-03-20 19:08:38,Net Banking
2050,2026-01-20 18:29:07,Cash
1468,2026-08-07 11:22:31,Net Banking
1767,2025-01-09 17:05:01,UPI
2969,2025-05-08 10:56:10,Debit Card
2300,2025-01-12 18:16:58,UPI
2613,2025-07-05 05:26:06,UPI
2595,2025-05-24 16:42:28,UPI
3825,2025-12-17 05:49:58,Cash
1027,2025-05-21 00:43:24,Credit Card
4099,2025-01-08 17:54:28,Credit Card
2143,2025-09-26 16:34:41,Cash
3512,2025-11-29 14:16:35,Debit Card
1831,2025-01-10 02:05:32,UPI
3500,2025-11-14 07:34:31,Debit Card
2801,2026-06-10 20:46:12,Cash
4606,2025-07-04 06:44:33,Credit Card
3405,2026-04-28 02:19:26,Debit Card
1296,2026-05-06 23:54:16,UPI
5946,2025-01-05 08:48:37,Debit Card
2457,2024-09-29 14:28:45,Debit Card
3387,2025-07-12 13:08:53,Credit Card
2112,2024-11-11 07:17:20,UPI
5391,2025-07-24 17:17:29,Cash
2256,2025-12-01 15:32:49,Credit Card
3346,2024-09-26 22:37:50,Net Banking
5875,2025-04-08 20:39:32,Net Banking
4685,2024-09-22 11:46:00,UPI
2563,2025-08-23 19:39:42,Net Banking
1325,2026-01-04 12:52:34,Net Banking
4197,2024-12-19 18:10:41,Credit Card
5235,2025-11-03 20:45:26,UPI
5543,2026-04-20 07:57:29,Net Banking
3005,2025-12-07 05:47:08,UPI
2342,2025-07-23 20:31:31,Credit Card
1920,2026-03-09 15:16:09,Credit Card
1810,2025-04-05 11:31:52,Net Banking
4527,2026-06-02 20:00:34,Net Banking
5451,2026-02-05 10:14:31,Debit Card
5237,2026-05-26 09:20:32,Cash
3043,2025-07-30 09:28:12,Net Banking
1931,2025-09-02 15:45:28,Credit Card
4584,2024-12-22 08:26:38,UPI
4360,2025-03-31 09:53:52,Net Banking
5201,2025-06-04 00:17:00,Debit Card
5211,2024-08-10 11:06:29,Net Banking
1952,2025-06-26 10:05:46,Net Banking
1337,2026-03-25 10:30:18,Debit Card
2087,2024-11-01 00:37:40,UPI
4987,2026-05-14 11:18:17,Cash
3187,2026-05-21 17:27:20,Debit Card
3712,2025-02-14 12:38:03,Cash
4644,2025-01-04 00:13:18,Credit Card
3608,2025-03-16 03:46:50,Cash
5530,2025-12-03 05:32:26,Credit Card
2794,2024-10-26 14:37:39,Cash
3815,2024-10-20 18:33:09,Debit Card
4544,2024-09-04 04:53:05,UPI
2078,2025-07-11 02:47:58,Credit Card
4399,2025-06-03 03:21:21,Net Banking
3782,2024-08-26 00:55:14,Cash
4523,2024-11-24 11:08:31,Debit Card
4135,2025-10-19 20:37:44,Cash
2283,2025-08-25 03:44:04,Credit Card
4108,2025-10-24 15:02:57,Cash
1696,2025-05-27 08:28:08,Debit Card
5899,2026-06-23 03:53:25,Debit Card
3864,2026-03-12 16:25:39,Credit Card
2815,2025-09-30 00:11:51,Credit Card
5010,2026-04-16 17:01:17,UPI
1837,2024-11-23 22:09:49,Debit Card
1057,2026-05-27 10:04:04,Cash
2564,2025-09-14 03:34:26,Debit Card
2643,2025-09-11 19:19:09,Net Banking
5067,2026-02-01 11:59:02,Credit Card
3504,2026-07-06 02:03:46,UPI
4292,2025-01-31 08:37:52,Debit Card
4108,2024-10-24 01:47:19,Cash
1411,2026-07-01 15:30:22,UPI
4753,2024-09-19 06:09:42,UPI
5696,2025-09-20 07:34:16,Credit Card
3077,2026-01-20 08:10:18,UPI
1850,2024-08-21 15:02:15,UPI
2675,2026-05-18 23:09:52,Net Banking
3408,2026-06-08 10:22:29,Credit Card
4352,2025-04-08 07:35:03,Net Banking
5343,2026-06-01 17:03:39,Credit Card
2812,2025-02-02 19:54:38,Net Banking
2730,2026-05-06 12:45:47,Cash
5017,2024-09-22 01:18:09,Debit Card
5036,2025-05-06 05:05:36,UPI
1688,2026-06-18 18:43:29,Cash
2891,2025-03-31 03:43:48,Net Banking
4639,2026-02-26 02:59:10,Cash
3901,2024-09-10 09:32:57,Cash
4558,2025-08-11 22:11:26,UPI
2592,2025-06-03 14:16:46,UPI
3172,2026-01-01 22:41:29,Cash
5632,2026-07-13 17:55:43,Debit Card
1729,2024-11-14 22:49:30,Credit Card
5850,2025-05-06 13:08:55,Cash
2862,2024-11-05 04:30:07,Credit Card
4787,2026-03-23 13:03:11,Debit Card
4588,2025-12-08 07:07:42,Net Banking
3992,2025-02-21 13:51:03,Net Banking
5077,2025-12-12 08:07:27,Net Banking
2869,2026-03-04 15:22:12,Net Banking
4041,2025-11-22 15:33:20,UPI
4083,2024-08-16 02:30:22,Cash
5072,2025-12-11 03:26:42,Credit Card
5950,2024-11-12 21:00:46,Net Banking
5053,2025-10-01 00:29:46,UPI
4881,2025-09-13 06:49:10,Debit Card
1796,2025-01-23 09:22:31,Net Banking
5964,2024-10-11 04:16:03,Net Banking
3881,2026-02-24 18:21:44,UPI
1879,2026-06-17 20:19:54,Credit Card
1672,2025-06-14 08:03:08,Net Banking
5851,2025-12-05 20:10:45,Net Banking
5460,2025-05-24 13:25:29,UPI
5291,2024-08-11 04:05:56,Debit Card
1846,2024-08-11 18:41:22,Debit Card
3290,2025-04-21 03:24:13,Debit Card
4589,2025-12-05 22:51:47,Credit Card
4816,2024-09-28 09:06:59,Cash
2936,2026-04-29 11:16:04,Net Banking
2115,2025-04-11 11:53:37,Net Banking
1438,2025-06-19 14:56:54,UPI
1957,2024-11-10 08:24:54,Debit Card
1267,2025-01-19 07:35:47,UPI
1478,2025-07-14 21:52:22,Debit Card
4901,2026-04-16 23:47:23,Credit Card
5408,2025-06-21 16:27:29,UPI
3272,2026-02-27 02:55:03,UPI
1492,2026-07-05 15:08:51,Cash
3145,2025-08-29 22:27:55,Credit Card
3383,2025-04-18 10:00:37,Cash
3647,2024-08-29 02:54:10,Cash
2876,2026-06-05 09:47:06,Debit Card
4414,2025-12-04 04:32:03,UPI
2140,2025-09-14 11:15:07,Cash
3251,2025-04-13 10:27:19,UPI
5849,2025-07-17 11:16:00,Debit Card
4540,2025-08-30 13:08:35,Debit Card
5031,2026-05-08 02:52:08,Net Banking
5870,2025-03-04 17:18:43,Net Banking
4400,2026-01-21 00:43:02,Net Banking
3505,2025-08-09 18:09:13,Debit Card
5199,2025-08-12 23:02:47,Net Banking
5819,2025-02-11 07:22:34,Credit Card
4602,2025-09-17 22:32:51,UPI
2343,2025-03-09 10:22:55,UPI
1562,2024-10-29 02:36:08,Debit Card
1697,2024-08-15 22:40:01,Debit Card
5185,2024-08-21 23:57:30,UPI
4172,2025-08-06 03:40:49,Net Banking
1525,2024-09-25 21:49:43,UPI
5906,2025-11-09 22:38:51,UPI
1834,2025-10-20 06:49:07,Credit Card
3587,2025-10-31 22:02:01,Credit Card
4720,2025-03-22 08:55:01,Net Banking
4818,2025-08-30 05:11:52,Debit Card
4425,2025-11-22 01:40:08,Cash
5978,2025-10-12 21:23:21,Credit Card
2620,2025-09-03 18:41:14,Cash
4142,2025-11-16 08:35:21,UPI
5211,2026-01-27 20:05:34,Cash
1937,2026-07-06 02:32:36,UPI
2095,2025-11-25 18:54:42,Credit Card
3862,2024-10-15 17:24:20,Debit Card
3528,2024-11-06 21:57:59,Credit Card
4837,2024-10-06 06:46:27,Debit Card
2357,2025-08-15 21:09:56,Net Banking
5876,2025-08-17 21:10:21,Cash
5772,2024-12-25 05:09:04,Debit Card
4494,2025-03-11 10:17:56,Credit Card
3719,2025-12-23 02:41:56,UPI
3499,2025-04-08 13:45:34,Debit Card
3980,2025-05-25 18:49:43,Cash
4412,2024-08-18 06:37:37,UPI
2745,2026-06-30 04:11:03,UPI
2991,2025-03-12 05:25:34,Cash
2582,2026-02-21 04:13:57,Net Banking
5071,2025-06-17 13:57:35,Debit Card
5135,2026-01-12 02:51:14,Net Banking
2719,2026-04-12 11:25:23,Debit Card
1294,2025-11-27 13:21:08,Net Banking
2190,2025-03-23 10:34:39,Debit Card
1458,2026-01-10 23:17:43,Debit Card
4006,2025-01-22 03:56:41,Credit Card
3533,2024-09-30 22:52:18,Debit Card
4932,2025-08-22 15:41:37,Credit Card
4808,2025-11-07 13:08:01,UPI
3140,2026-06-06 17:41:22,Cash
4425,2026-03-05 13:45:19,Credit Card
1496,2024-08-17 18:20:00,Debit Card
4971,2026-04-04 12:59:46,Net Banking
1556,2025-05-19 23:25:33,UPI
2725,2024-11-15 02:21:35,UPI
4526,2025-06-14 18:24:53,Debit Card
2654,2025-02-20 11:53:18,Net Banking
3317,2025-01-21 10:42:07,Debit Card
4975,2024-12-14 21:13:12,Credit Card
2373,2026-08-05 23:22:30,Cash
3763,2025-05-29 09:56:11,Net Banking
2661,2025-01-06 21:53:27,Debit Card
1181,2026-07-06 06:41:33,Cash
5212,2025-09-25 01:28:59,Net Banking
4580,2024-12-06 00:53:49,Credit Card
2230,2025-08-30 05:59:11,Debit Card
2941,2025-01-15 20:08:57,Cash
1571,2024-10-15 09:17:33,Credit Card
3230,2025-09-11 14:23:21,UPI
5699,2026-03-02 15:28:03,Net Banking
5507,2025-10-10 23:46:35,Debit Card
4765,2026-04-16 05:39:31,Net Banking
1870,2024-12-11 01:39:21,Net Banking
5678,2026-05-15 18:36:33,UPI
1240,2025-01-08 12:44:41,Debit Card
2085,2026-04-16 20:46:23,Credit Card
4281,2025-04-15 01:55:30,UPI
5169,2025-04-24 05:43:28,Debit Card
4507,2026-04-20 11:35:13,Credit Card
1428,2025-04-03 07:10:45,Net Banking
2563,2025-11-29 13:13:36,Cash
1364,2026-01-13 23:17:32,Net Banking
1445,2025-03-27 01:51:55,Net Banking
1167,2025-08-24 04:30:24,Cash
3790,2024-09-14 16:46:27,UPI
2154,2025-10-01 21:12:37,Credit Card
5989,2025-12-31 07:58:41,Net Banking
3984,2025-12-10 23:42:34,Credit Card
4927,2025-01-01 21:51:43,UPI
2340,2026-02-18 06:06:06,Cash
4201,2026-03-16 13:41:15,UPI
1107,2025-10-13 21:23:14,Net Banking
4164,2025-10-02 20:04:26,Cash
3839,2024-08-17 16:49:33,Debit Card
5964,2025-02-26 23:28:13,Cash
3456,2025-10-24 04:46:41,UPI
3334,2026-02-17 11:50:50,Cash
4139,2025-12-26 00:20:25,Debit Card
2055,2024-10-11 13:23:48,Net Banking
5594,2025-10-25 11:12:13,Debit Card
4025,2026-06-17 11:28:17,UPI
4024,2026-04-26 12:49:28,Net Banking
1776,2026-07-01 20:14:17,Debit Card
3374,2025-02-11 13:54:53,Net Banking
4567,2024-08-31 03:27:34,Credit Card
3125,2025-02-20 07:06:31,Net Banking
5631,2026-03-09 23:06:10,Net Banking
3663,2026-02-22 13:38:43,Net Banking
4047,2025-05-08 02:54:49,Net Banking
1266,2024-12-11 08:36:32,Debit Card
3834,2025-06-20 06:01:09,UPI
2866,2025-04-07 21:49:24,Credit Card
2972,2024-09-11 18:08:47,Debit Card
1429,2025-09-29 03:26:29,Debit Card
1294,2024-08-17 17:57:13,Net Banking
2374,2025-04-02 00:22:54,Debit Card
4461,2026-04-29 18:48:54,Net Banking
2780,2025-05-15 16:16:32,Cash
4942,2024-11-19 09:44:24,Net Banking
4321,2024-10-19 16:56:27,Debit Card
2614,2024-11-18 09:21:01,UPI
2763,2025-01-24 15:40:38,Net Banking
2430,2026-03-25 19:08:45,Net Banking
3475,2024-12-14 23:50:36,UPI
1399,2024-09-04 23:45:22,Debit Card
1372,2025-06-19 01:38:33,Debit Card
3949,2025-08-26 02:22:58,Net Banking
5226,2026-03-26 20:21:25,Net Banking
5895,2026-07-31 02:22:05,UPI
1110,2025-01-04 21:59:19,UPI
1564,2025-12-28 01:14:48,UPI
4773,2025-09-09 06:55:17,Net Banking
3411,2025-03-29 07:18:00,Cash
5620,2025-07-21 07:44:32,Net Banking
2858,2024-08-28 16:39:41,Credit Card
1826,2024-10-15 19:37:08,UPI
1544,2024-12-11 14:21:21,Cash
2402,2025-04-19 20:11:25,Credit Card
3256,2026-07-29 16:35:57,UPI
3497,2025-01-02 06:27:38,Debit Card
5942,2025-10-22 22:45:01,Credit Card
3474,2026-06-09 03:42:49,Debit Card
2967,2025-03-17 05:57:52,Credit Card
3280,2026-07-20 08:34:52,UPI
5636,2025-09-17 21:15:45,UPI
1978,2025-09-13 14:41:29,Credit Card
2631,2025-07-18 03:11:37,Credit Card
2871,2025-11-22 05:27:43,Net Banking
1808,2024-10-08 12:51:51,Cash
1431,2025-11-21 00:44:50,Debit Card
2038,2025-05-31 13:00:33,Cash
5647,2026-03-23 06:28:50,Cash
2396,2024-10-12 23:47:35,Cash
4188,2025-04-10 18:07:06,UPI
5355,2025-05-23 09:31:42,Debit Card
5652,2024-09-08 13:58:28,Cash
1487,2026-04-29 15:21:00,Debit Card
1329,2025-09-12 19:31:10,Cash
1936,2025-09-30 02:04:25,Net Banking
1207,2026-05-28 23:54:17,Credit Card
1602,2025-06-21 01:36:07,Net Banking
3755,2025-09-20 20:09:25,UPI
5978,2025-06-26 11:21:09,Cash
1903,2026-04-23 00:18:29,Net Banking
5569,2025-12-16 10:33:03,Debit Card
4067,2026-05-27 17:29:05,Net Banking
5772,2025-09-25 23:28:27,Debit Card
4082,2026-02-26 08:39:18,UPI
5177,2025-05-27 22:29:09,Debit Card
1023,2025-06-17 03:23:43,Net Banking
5814,2026-02-28 13:30:29,UPI
2678,2025-08-09 12:54:19,Cash
1344,2025-02-25 08:54:13,Credit Card
5651,2026-01-31 19:33:44,Cash
1907,2024-08-13 21:59:46,Net Banking
2718,2026-03-28 22:44:44,Debit Card
5322,2025-08-16 19:33:16,Net Banking
5062,2025-04-25 13:00:03,UPI
3213,2024-08-09 06:34:02,Net Banking
5087,2025-09-27 18:27:21,Credit Card
4874,2025-02-11 22:24:23,Debit Card
3870,2024-11-26 16:55:06,UPI
3011,2025-02-26 09:01:12,Net Banking
5884,2025-08-01 04:50:25,Net Banking
4270,2024-10-29 16:47:09,Net Banking
3815,2025-05-31 19:52:30,UPI
1623,2025-07-19 07:11:46,Net Banking
3411,2024-09-23 10:32:41,Cash
3720,2026-01-15 12:11:08,Net Banking
1093,2026-07-27 00:25:14,Credit Card
4284,2024-12-01 23:49:41,Net Banking
5372,2025-06-15 00:42:16,Debit Card
5962,2025-05-20 08:46:29,Cash
2940,2024-12-30 09:29:38,Credit Card
3443,2024-12-31 02:27:13,Credit Card
3918,2026-04-08 08:47:40,UPI
5445,2025-07-08 21:31:37,Cash
2278,2025-05-15 06:08:38,Net Banking
5779,2025-04-17 11:30:00,Debit Card
3805,2025-08-20 19:22:49,Net Banking
1243,2025-11-02 10:33:36,Credit Card
1909,2025-08-12 19:15:51,UPI
4252,2025-02-17 07:06:28,Cash
4212,2026-04-10 09:16:24,Cash
4531,2024-10-20 22:22:28,Credit Card
3685,2026-03-04 20:26:24,Credit Card
3033,2024-09-06 23:24:21,Credit Card
2746,2026-01-29 00:15:33,Credit Card
2101,2024-12-17 10:36:43,Cash
5902,2025-09-02 00:51:43,Credit Card
5560,2025-07-23 01:51:35,Credit Card
1696,2025-06-11 11:27:22,Debit Card
2716,2025-02-18 08:25:16,Credit Card
4924,2024-10-30 21:02:49,Debit Card
5977,2026-08-04 04:18:40,UPI
2744,2025-10-22 08:58:31,Cash
2581,2024-09-15 22:12:41,Credit Card
4024,2025-10-19 05:00:54,Cash
2789,2026-07-15 11:30:14,Credit Card
5949,2026-06-09 06:41:44,Credit Card
5693,2026-02-24 13:53:23,Cash
3328,2026-07-17 15:16:11,UPI
2943,2026-01-23 06:56:25,Debit Card
5916,2025-06-02 08:07:25,UPI
1921,2025-01-06 03:43:52,Credit Card
5120,2025-07-23 16:43:51,Net Banking
1892,2024-11-16 23:54:17,Credit Card
5052,2025-01-03 18:01:36,Credit Card
3048,2026-01-14 01:23:10,Cash
1792,2026-07-11 21:29:11,UPI
5447,2025-11-30 07:20:34,Cash
5491,2026-05-02 17:14:30,UPI
2559,2026-04-24 13:22:49,Credit Card
2640,2026-02-20 16:45:01,Cash
4557,2025-09-20 02:28:02,Debit Card
2634,2025-07-23 19:30:20,Net Banking
3873,2026-03-24 10:52:25,UPI
5619,2026-02-07 21:05:44,Debit Card
3666,2026-01-09 04:20:21,Debit Card
1404,2026-08-04 09:50:48,UPI
1128,2026-07-02 21:30:34,UPI
3579,2025-09-12 02:17:16,Debit Card
3485,2025-08-07 01:47:40,Cash
5705,2025-10-22 15:08:30,Credit Card
2016,2024-08-28 07:31:56,Net Banking
3241,2025-12-29 22:13:36,Cash
1128,2024-09-19 13:56:53,UPI
3591,2026-04-17 16:13:21,Debit Card
1416,2026-07-28 03:08:32,Net Banking
5294,2025-01-10 18:28:15,Cash
1522,2025-02-17 17:01:07,Debit Card
5422,2026-05-06 14:34:34,Debit Card
3394,2024-08-24 16:41:36,Credit Card
5623,2025-03-28 21:41:44,UPI
5815,2026-06-22 03:46:20,Cash
4953,2026-02-05 22:17:25,Credit Card
3674,2024-11-16 18:52:48,UPI
4790,2026-04-30 23:55:56,Credit Card
2032,2025-02-15 15:43:16,Net Banking
5869,2024-11-10 01:08:19,UPI
3700,2025-06-04 23:37:12,Credit Card
2022,2026-01-20 18:51:32,Credit Card
1203,2025-02-04 09:05:20,Credit Card
1480,2024-12-23 08:17:42,Credit Card
1153,2025-09-06 09:18:53,Debit Card
5242,2026-05-08 16:34:33,Credit Card
3969,2025-11-15 02:59:44,Cash
4017,2026-06-30 05:42:35,Cash
1594,2025-06-21 08:33:43,UPI
4288,2024-09-16 11:44:18,Credit Card
1339,2026-03-02 08:12:16,Debit Card
1886,2025-11-28 21:09:51,Cash
1845,2025-09-17 13:50:05,UPI
5208,2026-03-06 03:36:19,Debit Card
1518,2025-03-24 21:43:14,Cash
5698,2026-02-23 07:36:54,Credit Card
1130,2025-09-01 21:34:01,UPI
1416,2025-11-11 16:48:47,Cash
2759,2024-11-27 22:57:25,Cash
4095,2026-01-30 23:50:48,Cash
3369,2024-10-04 03:28:19,Cash
1832,2025-10-27 16:10:33,Net Banking
4809,2024-12-27 09:46:55,Debit Card
4865,2025-04-18 14:06:14,Net Banking
5853,2025-01-28 21:38:28,Credit Card
3664,2024-08-29 19:08:14,Credit Card
1126,2025-08-05 13:39:20,Net Banking
5477,2026-02-27 07:12:53,Debit Card
1123,2024-09-10 13:45:13,UPI
2857,2024-09-15 02:19:59,Cash
2745,2024-10-11 20:59:00,UPI
1338,2026-03-10 16:46:14,UPI
1669,2025-05-31 14:28:57,Cash
1002,2025-12-06 17:08:46,Cash
5371,2025-08-17 21:11:12,Net Banking
5091,2026-02-20 10:00:04,Cash
3187,2026-06-04 20:49:06,UPI
2368,2024-10-19 17:06:13,Net Banking
5142,2025-12-05 00:30:04,Debit Card
3760,2025-08-23 15:14:55,Credit Card
2699,2025-08-01 10:56:25,UPI
1606,2025-09-20 20:50:03,UPI
4248,2024-10-31 02:40:28,Net Banking
2311,2025-08-21 01:18:22,UPI
2729,2026-04-06 08:47:12,UPI
2203,2026-05-16 10:48:48,Debit Card
3368,2026-02-15 22:30:40,UPI
5256,2024-09-14 08:35:04,Cash
1263,2025-05-21 06:35:23,Credit Card
4575,2024-10-13 02:25:43,Net Banking
1672,2025-03-18 13:26:05,UPI
2264,2025-11-30 06:44:45,Debit Card
4706,2026-02-01 02:19:07,Credit Card
5872,2025-07-25 19:47:03,Credit Card
3189,2026-08-06 23:50:05,Cash
4456,2026-03-06 15:13:02,Net Banking
4462,2026-06-28 16:43:59,UPI
5954,2025-12-17 06:43:05,UPI
1703,2025-04-28 12:43:01,Debit Card
1264,2025-01-23 09:37:41,Net Banking
1422,2025-10-03 17:16:43,Credit Card
4563,2024-09-20 11:47:53,Net Banking
2190,2025-10-28 04:37:50,Net Banking
2897,2026-01-02 03:23:23,Net Banking
1848,2025-05-14 04:43:44,Credit Card
3393,2026-04-14 22:24:28,Credit Card
4340,2026-05-09 13:17:12,UPI
2070,2026-05-17 18:50:36,Cash
2984,2025-05-07 08:51:08,Credit Card
2708,2026-07-15 19:13:59,Cash
4706,2025-12-08 20:57:44,Net Banking
4148,2025-02-23 15:31:56,UPI
3232,2026-07-30 17:57:01,UPI
2787,2025-07-25 02:34:04,Debit Card
5195,2026-06-23 19:07:16,Net Banking
4858,2026-06-29 08:04:51,Net Banking
1636,2025-05-04 00:11:16,Credit Card
1760,2025-05-31 13:16:36,Credit Card
2487,2024-10-02 03:06:19,UPI
1512,2026-02-16 07:25:14,UPI
2310,2025-10-11 21:00:29,Debit Card
4825,2026-01-21 06:50:18,Net Banking
2705,2025-10-30 05:18:19,Debit Card
5402,2026-05-22 07:17:15,UPI
4359,2026-02-26 15:41:06,UPI
5873,2026-01-10 22:45:11,Credit Card
1716,2024-09-07 13:26:38,Credit Card
4544,2024-11-18 07:59:35,UPI
2995,2025-05-01 21:46:58,UPI
1018,2025-12-09 22:51:09,Debit Card
2880,2024-09-24 05:49:04,Net Banking
3204,2025-03-10 15:08:12,UPI
1162,2024-11-02 21:01:03,Cash
4535,2024-12-06 11:56:08,Cash
3007,2024-11-11 07:20:58,Debit Card
3209,2024-10-05 15:48:02,UPI
1615,2025-04-07 09:24:32,Net Banking
2709,2025-11-27 04:56:17,Debit Card
3988,2025-10-31 00:32:02,Net Banking
5724,2024-11-13 19:57:13,Credit Card
5716,2025-11-07 06:12:57,UPI
5128,2026-04-26 13:48:04,Cash
1858,2025-04-28 05:52:37,Cash
3990,2025-01-31 03:33:41,Debit Card
1203,2026-01-12 11:14:38,Credit Card
3788,2025-04-08 14:36:55,Net Banking
2772,2025-07-27 16:37:01,Credit Card
4288,2025-04-28 18:11:33,Cash
1450,2025-10-30 09:27:42,Cash
5397,2024-12-20 18:28:10,Debit Card
1601,2025-01-06 17:37:35,Net Banking
4923,2026-05-29 21:55:23,UPI
2333,2026-07-25 08:13:58,Debit Card
3638,2026-08-02 16:03:37,Net Banking
1543,2025-07-10 05:48:22,UPI
3687,2024-12-31 12:21:37,Credit Card
3119,2026-01-12 23:28:12,Net Banking
4888,2025-12-19 07:26:31,Debit Card
4840,2025-04-17 15:29:42,Credit Card
4337,2024-12-29 00:50:33,Net Banking
2315,2025-12-19 07:04:45,Cash
3474,2025-08-30 05:47:35,UPI
2781,2024-12-19 13:58:37,Cash
5881,2026-07-26 14:34:19,Net Banking
4395,2025-02-15 13:33:18,Net Banking
1028,2024-12-07 01:51:08,Cash
1476,2025-06-28 23:26:26,Net Banking
3853,2025-01-10 21:48:42,Net Banking
5335,2025-12-24 06:49:36,Net Banking
5622,2025-04-03 19:45:04,Debit Card
5107,2025-02-24 07:24:17,Credit Card
2481,2026-07-14 17:21:34,Debit Card
3613,2025-08-05 15:15:30,UPI
2638,2024-11-04 02:14:33,Cash
3843,2025-07-17 17:13:36,Debit Card
3504,2026-07-08 15:29:34,UPI
5657,2026-07-28 00:10:12,Cash
3268,2025-12-26 11:24:50,Net Banking
2703,2025-07-27 04:10:08,Cash
3270,2025-05-12 18:00:48,Cash
1386,2026-03-09 13:03:38,Credit Card
5120,2025-02-19 18:14:36,Cash
4364,2025-04-20 09:39:35,Debit Card
1947,2026-03-01 19:43:11,Credit Card
4464,2026-01-21 16:43:08,Debit Card
1257,2025-08-06 21:42:31,Credit Card
4304,2025-12-29 02:59:12,Debit Card
3033,2024-10-07 07:11:57,Debit Card
4574,2025-07-02 17:13:20,Credit Card
4560,2026-01-10 00:17:55,UPI
2042,2025-12-22 21:22:22,Credit Card
2417,2025-09-18 02:28:03,UPI
4572,2026-03-27 00:02:08,Debit Card
4045,2025-05-29 02:15:15,UPI
4248,2025-01-29 22:37:34,Net Banking
5199,2026-07-26 10:42:19,Debit Card
4851,2026-04-06 14:11:22,Cash
2299,2026-04-01 17:11:33,Credit Card
2179,2024-09-04 19:46:40,Debit Card
5830,2025-07-09 23:29:55,Debit Card
1725,2025-12-21 03:12:14,Debit Card
4896,2024-12-15 16:55:29,Debit Card
4437,2026-05-07 02:56:04,Net Banking
2984,2026-01-02 03:10:19,Credit Card
3300,2025-05-07 15:27:47,Credit Card
2485,2025-12-26 12:06:40,Net Banking
4321,2025-02-18 07:53:36,Credit Card
4140,2025-07-27 02:25:02,Credit Card
2254,2026-04-01 10:44:00,Cash
5660,2025-02-26 16:23:53,Credit Card
3583,2025-10-06 13:53:44,Cash
2896,2025-09-30 09:08:11,Debit Card
3721,2025-08-09 00:21:21,Net Banking
4605,2026-02-09 23:16:39,Net Banking
5869,2026-01-18 14:53:21,Credit Card
5680,2025-08-16 22:26:13,Credit Card
5984,2026-07-20 19:17:16,Cash
2908,2025-07-28 05:44:42,UPI
1623,2025-04-11 10:37:46,Debit Card
3303,2025-04-01 19:03:00,Debit Card
5922,2025-01-10 15:25:24,Debit Card
1331,2025-08-23 10:41:05,Credit Card
5861,2026-06-02 01:37:43,Credit Card
4037,2025-10-24 06:17:22,UPI
4581,2025-05-02 12:42:13,Credit Card
5431,2025-12-10 12:25:00,Cash
5650,2026-01-24 10:16:44,Debit Card
2549,2025-12-14 12:21:09,Debit Card
4274,2025-11-03 14:15:07,Debit Card
3727,2025-08-09 09:37:32,Cash
4732,2026-02-20 21:58:19,Credit Card
1741,2025-02-21 11:05:08,Cash
4223,2024-12-25 12:24:02,Credit Card
3229,2024-10-08 10:16:49,UPI
1684,2025-04-30 23:47:37,Net Banking
3227,2025-05-25 18:57:06,Cash
4445,2025-07-02 03:06:03,Cash
2391,2026-02-21 09:50:58,UPI
3162,2025-08-06 19:39:17,Credit Card
5763,2025-11-28 01:09:48,UPI
2062,2026-02-09 17:40:45,Cash
2778,2025-10-15 13:35:10,Credit Card
4395,2026-01-28 08:38:09,Debit Card
1208,2025-10-12 18:25:00,Net Banking
1855,2026-08-04 07:16:48,Debit Card
4607,2024-09-06 18:15:02,UPI
3731,2025-02-28 13:41:14,UPI
4328,2025-11-10 12:39:51,UPI
2979,2025-07-18 16:50:10,Net Banking
5935,2025-04-19 20:52:26,Debit Card
5017,2025-12-14 19:22:44,Credit Card
5300,2025-05-16 10:01:31,Debit Card
3712,2026-01-15 07:37:37,Cash
1113,2026-04-22 05:46:21,Cash
4855,2026-03-30 05:44:32,Net Banking
1717,2025-08-03 06:16:09,Debit Card
5113,2024-09-02 06:36:07,UPI
3825,2025-01-26 15:02:04,Debit Card
3905,2025-04-26 12:33:41,Cash
5847,2024-11-11 13:25:57,Cash
4325,2025-03-25 21:43:47,Net Banking
3029,2024-10-22 06:28:09,UPI
4913,2026-07-08 05:21:01,Net Banking
3356,2024-11-26 20:20:09,Credit Card
3657,2025-07-08 21:39:34,Cash
4161,2026-07-13 04:13:49,UPI
4740,2026-04-05 22:31:38,Net Banking
1921,2026-03-25 13:13:51,UPI
4767,2025-10-04 05:45:05,Cash
5290,2026-07-05 15:55:39,Cash
4078,2025-10-27 14:47:44,Net Banking
5993,2025-08-27 09:19:19,Net Banking
4292,2025-12-31 19:38:27,Credit Card
1288,2026-02-25 04:40:08,Cash
5575,2025-09-15 19:10:25,Debit Card
4705,2024-12-06 10:47:33,Debit Card
1743,2025-04-20 09:19:35,Net Banking
5128,2026-02-12 05:29:26,Net Banking
3814,2026-04-03 10:04:01,Cash
5121,2026-03-18 04:16:02,Debit Card
4391,2025-01-11 01:09:32,UPI
1410,2026-06-29 18:12:15,Net Banking
3935,2026-05-23 04:48:09,Net Banking
1992,2026-04-14 01:56:18,Net Banking
5088,2024-12-06 01:43:30,Credit Card
2826,2025-07-16 15:30:07,Credit Card
2320,2025-11-16 03:51:01,UPI
3732,2026-04-16 23:58:21,Credit Card
4996,2026-05-17 17:26:14,Cash
4467,2024-09-19 13:56:00,Debit Card
4630,2026-01-20 22:38:15,Cash
4719,2024-11-14 16:22:57,Cash
5794,2024-09-30 03:24:08,Cash
2663,2026-03-15 02:12:41,Net Banking
1789,2025-05-09 23:51:10,Debit Card
1248,2026-02-12 12:39:22,Credit Card
1720,2025-04-01 22:54:26,Cash
3987,2025-10-24 21:31:10,Net Banking
1825,2024-10-21 22:00:32,UPI
2416,2026-07-15 07:39:34,Debit Card
2726,2024-08-27 10:14:27,Net Banking
4200,2026-07-10 06:02:40,UPI
5287,2026-03-13 09:38:26,Credit Card
3313,2025-02-13 16:35:56,Cash
3182,2024-09-15 18:45:15,Debit Card
3300,2024-12-07 12:44:31,Credit Card
3757,2025-04-25 14:01:52,Debit Card
3326,2024-10-16 18:49:39,Credit Card
5114,2026-05-18 12:56:13,Cash
3082,2025-10-09 13:05:48,Debit Card
4459,2026-03-10 00:30:07,Debit Card
1592,2025-02-06 02:42:20,Net Banking
3411,2024-08-24 18:37:14,Cash
5902,2024-09-25 21:06:04,UPI
4481,2026-07-10 17:04:09,UPI
4567,2025-03-25 07:24:54,Cash
1108,2026-06-06 16:29:38,UPI
2259,2024-09-06 20:03:30,Debit Card
4393,2024-11-20 16:47:41,Credit Card
4607,2025-01-11 19:47:24,Debit Card
4552,2025-01-15 06:05:10,Credit Card
2101,2026-02-08 11:38:23,Cash
5149,2025-10-30 11:22:54,Credit Card
2943,2024-11-09 05:41:33,Net Banking
2435,2025-07-21 09:09:42,Debit Card
5831,2026-03-04 12:27:08,Net Banking
5629,2025-09-19 00:37:05,Credit Card
2006,2026-01-18 23:59:53,UPI
5778,2026-01-11 14:42:55,Net Banking
4088,2025-03-23 12:32:09,Debit Card
4431,2026-04-24 13:04:57,Credit Card
4643,2026-04-26 18:50:56,Net Banking
5205,2025-05-27 02:43:09,UPI
2615,2025-11-23 18:27:37,Net Banking
3653,2026-07-05 10:23:54,Net Banking
3318,2026-04-20 18:18:44,Net Banking
5926,2025-09-13 15:24:03,Debit Card
2110,2024-09-07 19:40:36,Cash
4541,2024-08-08 10:04:20,Cash
4986,2025-04-17 18:55:17,Debit Card
2742,2025-08-22 05:08:28,Net Banking
2416,2024-10-12 19:27:46,Cash
1042,2024-11-28 01:08:38,Net Banking
3061,2026-02-08 16:36:50,Cash
2492,2025-08-11 04:10:13,Debit Card
3989,2024-09-12 04:23:48,Credit Card
5880,2024-10-19 22:42:02,Net Banking
1678,2026-04-30 17:35:28,Credit Card
3626,2025-05-27 14:06:25,UPI
5626,2025-09-04 17:07:35,Cash
2959,2024-11-07 03:42:30,UPI
2339,2026-01-11 00:34:45,Debit Card
5864,2026-08-06 08:14:31,Net Banking
3510,2025-05-09 11:34:40,Cash
3184,2024-10-11 10:51:27,Credit Card
5250,2025-07-29 22:26:20,Debit Card
4551,2026-01-04 04:42:34,Net Banking
5631,2025-04-06 13:06:56,Net Banking
5968,2025-03-24 02:06:48,Cash
2972,2025-05-26 14:06:51,UPI
5170,2025-08-26 08:13:17,Debit Card
1566,2024-11-24 19:14:50,Cash
1280,2024-09-25 03:00:09,Cash
1326,2025-06-07 08:49:08,Cash
5456,2024-08-08 19:02:26,Cash
2787,2024-08-16 06:11:17,Credit Card
5291,2026-05-11 06:23:02,Cash
2533,2026-06-22 19:40:40,Credit Card
4044,2026-07-05 18:29:22,Cash
2838,2025-03-23 18:35:11,Debit Card
1987,2025-06-20 21:47:45,Credit Card
5369,2026-04-01 04:03:39,Debit Card
4627,2025-12-18 23:16:40,Cash
5581,2026-07-22 22:48:16,Credit Card
3017,2026-04-22 20:54:56,Credit Card
1794,2024-12-09 03:38:46,Cash
4247,2025-03-15 12:58:32,Debit Card
1782,2025-03-20 14:08:06,Credit Card
2182,2026-01-08 22:29:43,Credit Card
3268,2026-07-29 01:06:39,UPI
5757,2026-06-13 12:10:33,Credit Card
2109,2025-04-28 07:20:23,UPI
1984,2026-03-27 01:41:09,Debit Card
2685,2026-03-10 16:11:10,Net Banking
3940,2025-09-14 12:19:16,UPI
3153,2025-03-04 08:48:16,UPI
3782,2025-11-18 16:15:15,Cash
3767,2026-05-06 13:55:21,Credit Card
2444,2026-06-19 20:16:00,UPI
2740,2025-11-04 00:29:02,Debit Card
1727,2024-09-23 08:31:43,Cash
2422,2026-01-05 16:19:06,Credit Card
1567,2026-05-09 17:09:12,Cash
3071,2025-08-16 18:26:02,Debit Card
3163,2025-11-24 08:39:03,Debit Card
3771,2025-09-30 23:41:29,Net Banking
4514,2025-07-07 00:36:36,Credit Card
5034,2026-04-13 06:18:53,Net Banking
5906,2025-11-15 16:56:20,Debit Card
1348,2025-02-25 23:28:50,Net Banking
5812,2024-12-05 12:04:17,Debit Card
5245,2025-04-28 18:17:46,Credit Card
3136,2026-05-25 11:04:10,Cash
1765,2024-11-03 05:15:36,Credit Card
2869,2025-10-27 00:30:58,Net Banking
2413,2025-10-11 15:00:20,Credit Card
3180,2024-10-10 07:44:16,Net Banking
2672,2026-04-28 07:52:26,UPI
2258,2025-11-30 21:03:03,Cash
5812,2026-01-26 05:29:33,Net Banking
4584,2026-07-14 03:14:34,UPI
4168,2024-10-18 12:11:28,Net Banking
4797,2024-11-30 21:13:47,UPI
2934,2025-10-29 15:28:50,Debit Card
4816,2026-05-14 17:45:32,Debit Card
5123,2025-07-10 02:24:52,UPI
1980,2024-09-16 20:11:24,Net Banking
3451,2025-01-08 01:23:41,Cash
3941,2025-12-10 17:33:29,Cash
4181,2026-05-06 06:39:02,Cash
2203,2026-07-22 01:35:56,Net Banking
1889,2026-02-11 07:06:05,Cash
3178,2024-12-07 00:34:43,Debit Card
1025,2026-03-29 23:10:44,UPI
1079,2025-04-26 15:39:39,Net Banking
3949,2026-01-05 10:46:05,UPI
1322,2026-03-01 23:52:37,Net Banking
4147,2026-01-15 18:54:08,Cash
1779,2026-06-19 01:27:49,Credit Card
1876,2026-02-01 17:33:39,Cash
2285,2026-06-18 07:36:42,Net Banking
4642,2025-06-30 19:23:07,Net Banking
3912,2025-05-30 20:19:30,Net Banking
2587,2025-08-25 13:57:12,Net Banking
1006,2025-06-30 11:58:45,Debit Card
2673,2024-10-08 06:55:15,Debit Card
4484,2024-08-09 18:09:54,Debit Card
3904,2025-07-14 22:05:00,Credit Card
4406,2025-12-08 23:33:33,Cash
1814,2025-01-05 17:31:55,Credit Card
1058,2025-10-27 08:25:54,UPI
1316,2024-10-16 12:56:29,Cash
5090,2026-01-07 18:47:18,Cash
5120,2025-09-26 13:06:44,Credit Card
3779,2025-01-01 03:29:34,Debit Card
4859,2026-05-04 22:15:18,Net Banking
2144,2024-12-22 10:14:16,Debit Card
1564,2025-11-25 06:53:12,Debit Card
3350,2025-12-19 19:17:40,Net Banking
4828,2024-09-26 08:41:56,Net Banking
4304,2026-03-06 13:19:36,UPI
2151,2026-01-17 14:43:58,UPI
3765,2026-01-19 17:56:24,Debit Card
1209,2025-09-11 17:22:36,Debit Card
4424,2026-03-14 23:12:18,Cash
4154,2025-04-26 20:12:44,Credit Card
3895,2025-02-22 19:52:20,UPI
5713,2025-03-21 20:51:16,Debit Card
4173,2026-02-12 04:09:36,Debit Card
3355,2025-05-19 15:37:27,Debit Card
1064,2024-08-16 13:14:32,Cash
4856,2025-10-30 23:51:08,UPI
5601,2025-09-27 14:55:55,Credit Card
4475,2025-01-07 04:45:37,Cash
2025,2025-01-17 15:13:14,UPI
2058,2026-07-28 20:54:01,Net Banking
4634,2026-02-16 10:26:41,Cash
1225,2026-02-12 16:40:09,UPI
1349,2026-05-13 14:22:19,Net Banking
4357,2025-08-27 07:32:36,Net Banking
1932,2025-01-16 07:25:06,UPI
4568,2026-06-06 06:44:59,UPI
3565,2026-05-29 17:55:04,Cash
1861,2025-05-06 06:06:02,Debit Card
5253,2025-06-21 18:49:15,Cash
4327,2025-03-25 05:19:26,Cash
1619,2026-04-30 19:17:16,Credit Card
1518,2026-02-26 00:00:46,Debit Card
4120,2025-11-20 18:34:10,Cash
3079,2025-12-28 06:07:57,Cash
4294,2025-10-20 04:48:18,Cash
3734,2025-06-29 15:05:25,Net Banking
1834,2024-09-05 05:20:17,UPI
5128,2026-07-17 21:33:29,Credit Card
3295,2025-08-17 09:51:31,Net Banking
2853,2025-07-16 00:56:01,Net Banking
5708,2025-07-15 15:24:40,Debit Card
2119,2026-01-12 09:23:00,Debit Card
4049,2024-10-24 07:32:19,Credit Card
5231,2024-11-13 14:48:44,UPI
3888,2025-06-16 17:55:30,Debit Card
3848,2026-02-05 14:19:42,Net Banking
1947,2024-11-20 13:29:02,UPI
5965,2026-05-05 05:52:11,UPI
4384,2026-01-13 06:48:24,Cash
2755,2025-03-15 23:25:56,Cash
5789,2025-08-30 06:33:14,UPI
1182,2026-05-05 02:39:24,UPI
3435,2024-10-18 00:29:16,Credit Card
1968,2025-09-10 16:14:55,Debit Card
4797,2024-08-30 04:03:19,UPI
2447,2026-03-30 19:59:00,Debit Card
2608,2025-07-17 04:45:36,Debit Card
2827,2025-06-22 00:28:45,Cash
3302,2026-05-16 16:53:46,Debit Card
5878,2026-03-30 03:07:15,Cash
1433,2025-07-03 11:17:16,Net Banking
3947,2025-12-22 08:03:56,Credit Card
4165,2025-09-10 07:03:09,Cash
5614,2025-06-29 19:22:40,Credit Card
3418,2026-02-04 11:46:01,Cash
4218,2025-03-06 09:28:30,Net Banking
5858,2024-08-24 17:45:02,Cash
4142,2025-06-05 18:40:04,Net Banking
3360,2025-02-26 23:30:52,Credit Card
4977,2025-09-05 20:36:19,Cash
3879,2026-02-16 07:39:43,Credit Card
5200,2026-01-27 07:36:36,Net Banking
3794,2024-12-10 22:28:29,Net Banking
2850,2025-01-26 05:28:00,UPI
4078,2025-02-06 13:01:52,Credit Card
5649,2025-08-17 13:46:07,UPI
2355,2025-12-19 03:22:42,Cash
1287,2024-08-23 11:25:33,Credit Card
2880,2026-07-14 06:08:14,Debit Card
3197,2025-02-09 16:21:26,UPI
2907,2025-07-08 09:45:56,Credit Card
3109,2026-02-13 04:38:50,Credit Card
5617,2025-01-07 14:43:10,Credit Card
1439,2026-01-19 09:07:42,UPI
1895,2025-09-26 12:32:49,Credit Card
5436,2025-11-28 20:16:52,Net Banking
1951,2025-06-23 08:03:18,Cash
1994,2026-03-24 08:30:37,Net Banking
3417,2026-08-04 17:18:58,UPI
1054,2024-12-23 10:49:30,Credit Card
3353,2024-09-06 13:44:21,UPI
2470,2025-05-19 00:50:20,Debit Card
2181,2024-11-30 08:02:04,Net Banking
1473,2026-01-16 22:10:50,Cash
2628,2025-01-19 11:49:24,Debit Card
4488,2024-09-28 02:54:52,UPI
2707,2025-05-12 17:49:24,Debit Card
4218,2024-11-06 05:14:58,Cash
3596,2025-09-30 04:25:16,Net Banking
3371,2025-03-16 11:19:13,Credit Card
2884,2025-11-08 01:52:16,UPI
3697,2026-07-01 23:52:26,UPI
4650,2025-01-18 07:15:10,Credit Card
5817,2026-05-28 15:22:58,Net Banking
4293,2024-11-21 03:20:26,Debit Card
4634,2025-12-10 10:00:01,Credit Card
2192,2026-05-05 09:28:14,Cash
4107,2026-07-16 07:44:18,UPI
3468,2024-10-12 13:07:24,Debit Card
5345,2024-09-29 02:01:55,Cash
4174,2025-01-01 20:52:59,UPI
5733,2024-10-04 06:00:59,Credit Card
1257,2026-02-09 14:00:07,Credit Card
5338,2025-11-12 09:22:18,Cash
1323,2025-06-04 11:43:55,Net Banking
1590,2025-05-22 12:47:19,Cash
2632,2025-09-15 11:41:05,Credit Card
2550,2025-07-27 11:35:57,Net Banking
4075,2026-01-09 19:37:39,Credit Card
3308,2024-11-30 12:32:23,Debit Card
5050,2025-02-06 00:00:23,Cash
5909,2026-05-07 11:05:28,Net Banking
5425,2025-04-06 13:50:51,Net Banking
1614,2025-06-21 21:44:29,Cash
4470,2025-08-26 22:58:27,Debit Card
2369,2026-05-03 20:13:50,Credit Card
3042,2025-08-13 10:58:53,UPI
5620,2025-02-16 08:04:10,UPI
1180,2024-11-04 06:46:07,Cash
3800,2025-05-26 18:32:33,Net Banking
5392,2026-04-18 08:39:26,Cash
3982,2024-09-27 15:39:21,Debit Card
4414,2024-10-26 22:06:37,Credit Card
1867,2025-02-27 03:45:39,Net Banking
4584,2025-11-06 09:31:07,Net Banking
3524,2026-03-13 03:13:56,Net Banking
4140,2025-10-26 05:55:29,UPI
2756,2026-02-28 03:28:52,UPI
5983,2026-03-01 17:21:17,Debit Card
3438,2026-08-05 19:06:06,UPI
3301,2025-05-21 00:02:21,UPI
2508,2026-07-08 05:46:16,Debit Card
2721,2024-10-24 16:27:43,Credit Card
1384,2024-08-10 02:52:53,Debit Card
2940,2024-12-28 19:36:12,Debit Card
4941,2025-04-07 19:53:41,Debit Card
5803,2025-06-08 18:24:48,Credit Card
2523,2024-09-09 09:23:47,Net Banking
4648,2026-05-31 13:22:05,Net Banking
4494,2026-06-13 20:13:25,Net Banking
1163,2026-04-09 12:30:42,UPI
1989,2025-04-25 03:46:25,Cash
5784,2025-07-30 21:13:29,Cash
3374,2025-09-08 03:45:22,Credit Card
5027,2025-12-01 06:12:18,Debit Card
1411,2026-05-08 11:01:02,UPI
1873,2025-02-07 20:22:42,UPI
1664,2025-03-26 09:44:16,Debit Card
2685,2025-04-22 21:44:06,Credit Card
1687,2026-04-24 21:30:45,UPI
1145,2025-01-25 22:20:06,Net Banking
5112,2025-06-20 11:53:33,Credit Card
4030,2026-07-13 01:40:37,Net Banking
2374,2025-01-17 05:55:55,Credit Card
3582,2026-05-14 21:03:01,Debit Card
4874,2026-03-04 18:23:27,UPI
2425,2024-12-02 07:50:43,Cash
5840,2024-12-25 16:34:25,Debit Card
1977,2024-09-29 19:22:25,Debit Card
3193,2025-07-18 06:40:41,Net Banking
2490,2026-07-12 02:47:49,Cash
1975,2026-01-21 10:36:45,Credit Card
1714,2025-04-15 23:37:12,UPI
4380,2025-10-03 09:42:38,Net Banking
5689,2025-04-28 21:57:48,Cash
5690,2025-11-16 04:54:06,Cash
5972,2025-02-04 15:16:32,Credit Card
1988,2024-09-10 04:28:23,Net Banking
5697,2026-07-29 10:19:52,Net Banking
3500,2025-11-24 21:07:06,Credit Card
5339,2025-11-08 14:06:23,Debit Card
1985,2025-05-05 02:30:28,Cash
4636,2025-08-31 11:41:10,UPI
3592,2025-10-16 18:38:00,UPI
3193,2026-02-03 15:40:08,UPI
2062,2025-05-02 01:28:01,Cash
2885,2025-08-31 21:26:11,Cash
1174,2026-01-10 22:28:33,Credit Card
3094,2024-11-24 06:10:18,UPI
1974,2024-09-22 12:47:32,Debit Card
3603,2026-05-28 06:09:41,Net Banking
4589,2026-07-21 23:29:06,UPI
4163,2026-02-20 16:00:40,Credit Card
5843,2025-02-18 09:13:47,UPI
4117,2025-06-23 13:42:03,Cash
5814,2026-01-05 02:25:56,Cash
3496,2026-01-25 10:31:13,UPI
3346,2025-09-21 18:07:35,Credit Card
1709,2026-01-29 23:42:52,Net Banking
2731,2026-02-09 14:21:24,Cash
1816,2025-09-11 15:22:20,Cash
3816,2026-07-22 21:03:53,Debit Card
3459,2026-07-24 10:53:45,Cash
4492,2025-11-17 08:49:35,Debit Card
1157,2025-01-13 06:30:57,Net Banking
2909,2024-12-21 21:46:15,Debit Card
1301,2025-02-23 07:40:54,Net Banking
1390,2024-09-14 10:48:16,Credit Card
1002,2026-01-14 11:01:43,Net Banking
1554,2024-12-31 15:23:03,Debit Card
3223,2026-02-18 00:05:55,Cash
1340,2025-12-25 12:09:38,UPI
1487,2024-12-18 06:37:41,UPI
2237,2026-04-26 18:29:19,Credit Card
3764,2025-12-19 04:13:25,Cash
4682,2025-08-25 03:56:44,UPI
5307,2026-02-04 03:51:36,Cash
5691,2026-02-24 17:23:32,Cash
2633,2026-07-17 12:31:02,Debit Card
4401,2026-01-05 00:47:28,Debit Card
2104,2024-09-02 07:36:00,UPI
4029,2025-12-01 08:17:27,UPI
4347,2025-05-07 23:59:20,Cash
2894,2026-01-31 20:29:52,Net Banking
1539,2025-09-09 10:45:33,Cash
1292,2025-03-31 09:49:45,UPI
2562,2025-04-24 12:45:35,UPI
1745,2025-07-09 03:21:34,Credit Card
3617,2026-02-22 23:03:18,Credit Card
4628,2025-09-12 21:23:21,Credit Card
2783,2025-02-16 16:40:16,Net Banking
1303,2025-11-08 14:33:17,UPI
4079,2025-04-09 12:19:05,Credit Card
5668,2026-01-31 06:19:07,Cash
4642,2026-05-18 22:27:56,Debit Card
2069,2025-10-24 18:02:11,UPI
1532,2026-05-06 20:20:04,UPI
4335,2024-08-23 12:31:03,Cash
3647,2025-04-03 05:10:39,Cash
4524,2025-03-30 10:51:16,Credit Card
3244,2026-02-02 23:11:03,Cash
3189,2025-01-26 09:58:16,Cash
2941,2026-02-18 22:28:25,Credit Card
5176,2025-06-17 16:40:11,Net Banking
4672,2026-01-17 15:38:00,Cash
3010,2026-05-09 16:17:18,Net Banking
1313,2026-04-14 07:30:29,UPI
2947,2026-06-07 12:47:09,UPI
2876,2026-03-09 10:00:55,Net Banking
2130,2026-07-03 18:02:03,Cash
3655,2024-09-26 18:00:42,Credit Card
4485,2025-11-24 22:23:30,Net Banking
5961,2025-05-07 11:12:00,Debit Card
2596,2024-12-15 09:35:14,UPI
4981,2026-04-30 05:08:09,Net Banking
5507,2025-08-15 00:04:10,Debit Card
5347,2024-11-12 11:56:55,Debit Card
1363,2026-04-01 16:12:17,UPI
4153,2026-01-06 19:35:06,Debit Card
3412,2025-10-20 23:58:33,Credit Card
1096,2025-05-31 07:06:58,Cash
2981,2026-05-30 08:50:51,Net Banking
3268,2025-03-19 20:46:01,UPI
5177,2025-09-29 17:52:01,Debit Card
3056,2025-04-12 14:13:18,Net Banking
4489,2025-10-02 08:35:53,Net Banking
1432,2025-01-02 02:56:14,Net Banking
2305,2025-07-22 01:05:42,Cash
5516,2026-03-03 00:08:51,Credit Card
1536,2025-09-11 07:04:54,Net Banking
1788,2024-10-01 08:32:36,UPI
3699,2026-07-17 15:48:21,Cash
1530,2026-03-07 00:53:25,UPI
4481,2026-01-16 11:17:52,Cash
3747,2024-10-01 22:56:31,Net Banking
1262,2026-06-04 07:27:30,Net Banking
4878,2025-12-20 09:01:12,Net Banking
4641,2024-10-04 09:22:09,UPI
2508,2026-03-24 19:38:03,Net Banking
3804,2025-01-17 12:00:08,Cash
1059,2025-10-05 21:54:01,Cash
5440,2025-02-10 03:08:23,Net Banking
2601,2024-08-24 13:31:11,Credit Card
2421,2026-03-02 19:42:47,Cash
4430,2024-10-16 07:04:28,Cash
1045,2026-03-12 20:21:05,Debit Card
3280,2026-07-13 01:05:02,Cash
5610,2026-05-26 09:34:09,Net Banking
3399,2025-11-05 06:53:26,Net Banking
2282,2024-11-06 00:35:48,Debit Card
2216,2025-02-16 07:21:33,Debit Card
1105,2026-01-03 23:16:20,Credit Card
4045,2025-12-29 10:58:11,Credit Card
5770,2025-05-17 05:10:51,Credit Card
1049,2026-06-18 12:11:11,Cash
5238,2026-07-24 09:00:41,Cash
3884,2026-03-21 09:29:42,Debit Card
3288,2025-09-04 19:09:03,Net Banking
1588,2026-07-04 06:38:30,Credit Card
4416,2025-05-11 00:25:35,Debit Card
1008,2025-04-21 14:02:49,Net Banking
4026,2025-02-27 13:08:15,Net Banking
4217,2026-04-07 05:23:45,Cash
3849,2024-12-19 20:18:27,Net Banking
3646,2025-01-02 07:53:06,Credit Card
1106,2025-05-04 22:18:58,Credit Card
1986,2025-10-02 01:01:43,UPI
4304,2026-04-08 11:35:33,Net Banking
3310,2025-03-14 17:20:56,UPI
3179,2024-12-10 06:41:47,Debit Card
5179,2025-06-08 01:38:00,UPI
3675,2025-11-26 21:06:01,Net Banking
5395,2024-12-24 07:20:54,Net Banking
3653,2025-04-29 18:13:05,Credit Card
2924,2025-05-03 04:16:52,Cash
5724,2026-08-06 16:03:25,Cash
3373,2024-09-13 10:48:31,Credit Card
5777,2025-07-25 04:29:00,Credit Card
4952,2024-12-04 07:34:05,Debit Card
4652,2025-04-13 05:01:41,Cash
2012,2024-09-24 20:17:40,UPI
2921,2026-03-24 20:50:27,Debit Card
1942,2025-04-14 18:29:01,Credit Card
2182,2025-01-18 08:26:54,UPI
1139,2025-07-22 00:25:14,Net Banking
4417,2025-01-29 09:19:50,Cash
4249,2025-11-28 05:16:16,Credit Card
4793,2026-05-21 11:26:40,UPI
5182,2026-05-08 05:06:30,Cash
2503,2026-02-12 14:04:47,Net Banking
2474,2026-08-04 03:35:52,Cash
2743,2025-08-31 12:18:44,Net Banking
2941,2025-12-25 22:06:44,UPI
2621,2025-02-24 15:12:03,UPI
3546,2024-09-09 11:18:03,Credit Card
5174,2025-09-19 05:49:46,UPI
2222,2026-08-05 22:32:07,Cash
3997,2026-07-23 13:57:52,Credit Card
5592,2024-11-28 11:21:06,Net Banking
4984,2025-01-12 20:18:57,UPI
3353,2026-06-13 15:21:40,Net Banking
4221,2025-01-25 13:07:47,Net Banking
4255,2026-04-22 13:35:18,Debit Card
5941,2025-09-24 11:51:18,Debit Card
1900,2024-11-22 22:22:55,Credit Card
2714,2025-07-31 15:24:56,Net Banking
1468,2025-01-07 23:03:27,Debit Card
3025,2024-12-01 10:43:00,Debit Card
5235,2025-07-21 05:59:47,Credit Card
4573,2025-12-30 02:28:05,Debit Card
4611,2025-02-13 18:13:38,Credit Card
2421,2025-01-24 12:00:29,Net Banking
1836,2025-06-02 20:38:46,Debit Card
2569,2024-12-15 23:17:28,Debit Card
5626,2024-12-06 06:42:18,Credit Card
4188,2025-10-04 17:03:11,Debit Card
2778,2025-10-26 14:53:35,Cash
3218,2024-11-27 10:49:38,Credit Card
5452,2025-11-09 20:30:29,Debit Card
1933,2024-09-23 14:59:40,Cash
3626,2026-05-11 04:43:11,Credit Card
3130,2024-08-13 19:08:26,UPI
5264,2025-04-20 07:01:53,UPI
3379,2024-10-26 05:34:30,Credit Card
2008,2024-10-06 14:11:24,Credit Card
5485,2025-10-30 21:06:20,Credit Card
3044,2025-11-03 10:53:35,Cash
5759,2026-02-13 01:36:52,Net Banking
4676,2026-01-09 20:05:29,Cash
5991,2024-12-28 17:08:20,Cash
2722,2025-02-15 22:57:51,UPI
5681,2026-02-01 07:44:51,Net Banking
3650,2025-10-20 16:41:18,Cash
1152,2026-01-20 06:53:08,Credit Card
1090,2025-07-03 05:37:39,UPI
5764,2024-12-02 05:01:38,Net Banking
3925,2024-10-23 10:31:58,UPI
1446,2024-10-26 18:06:42,Net Banking
1841,2026-06-14 03:38:01,UPI
1078,2024-12-02 17:29:43,Cash
4211,2026-01-07 12:28:28,UPI
3370,2025-02-06 06:43:12,UPI
4161,2025-06-04 12:21:26,UPI
4607,2025-12-17 22:04:37,UPI
2766,2026-02-09 16:04:44,Credit Card
1301,2026-01-09 04:20:24,Cash
3904,2025-12-30 17:32:31,UPI
3279,2025-12-02 06:27:29,Credit Card
1324,2024-09-03 20:11:59,UPI
2356,2024-10-25 03:56:54,Cash
4009,2024-10-11 21:54:01,UPI
3121,2026-01-30 18:14:14,UPI
3856,2024-10-01 07:07:18,UPI
5241,2024-11-27 09:19:01,Debit Card
1054,2025-11-17 01:16:53,UPI
2414,2026-07-04 19:06:44,Cash
1515,2026-07-17 16:48:01,UPI
3489,2026-02-21 20:40:38,Cash
1698,2026-02-06 16:52:59,Net Banking
3258,2025-11-26 14:08:47,Credit Card
4412,2025-03-17 00:09:52,UPI
2058,2025-10-16 18:18:54,Credit Card
5718,2024-11-16 02:51:47,Cash
5788,2025-09-09 18:54:06,Cash
3914,2025-01-26 23:19:44,Credit Card
1332,2024-12-15 02:20:44,Debit Card
1823,2025-03-02 14:21:41,Net Banking
4731,2024-09-08 05:47:13,UPI
4500,2024-11-24 04:40:08,Cash
4130,2025-01-07 03:32:55,UPI
5662,2024-12-28 17:51:02,Cash
5606,2025-07-02 11:40:13,Credit Card
4832,2026-01-24 14:24:52,Debit Card
5133,2026-02-22 21:05:01,Debit Card
1057,2025-09-26 07:52:10,Credit Card
5276,2025-01-17 12:32:44,UPI
2137,2025-01-06 10:59:15,Cash
3814,2025-06-01 15:14:38,Cash
5690,2026-07-25 09:26:36,UPI
5566,2025-10-08 19:31:02,Cash
4402,2025-08-27 19:06:56,UPI
5462,2025-12-19 09:00:20,UPI
2512,2025-06-09 17:41:35,UPI
5779,2026-02-25 13:08:30,UPI
5880,2024-12-05 22:42:21,Credit Card
3464,2026-05-18 23:42:11,Cash
1834,2024-10-07 20:09:28,Cash
3533,2026-06-09 09:11:57,UPI
4396,2025-07-21 18:54:20,Debit Card
3467,2024-10-17 06:40:14,UPI
1244,2026-03-05 02:04:20,Net Banking
2593,2026-01-21 00:04:24,Credit Card
5880,2025-08-10 17:46:13,UPI
3356,2025-12-22 13:28:35,UPI
2212,2025-11-14 01:53:07,UPI
3472,2026-07-05 18:00:43,Cash
3387,2025-03-26 14:03:05,Credit Card
2419,2025-04-06 05:36:20,Net Banking
4495,2025-04-29 11:30:50,Credit Card
2865,2025-05-01 11:27:11,Net Banking
4342,2025-11-11 04:17:21,UPI
4646,2026-07-19 06:28:51,Cash
1681,2026-04-13 07:10:09,UPI
1806,2026-06-05 00:33:45,UPI
1061,2025-05-31 02:45:01,Cash
3972,2025-04-06 06:43:56,Credit Card
4747,2025-09-13 19:53:31,Cash
2536,2024-08-31 11:59:26,UPI
2668,2026-01-01 02:56:50,Cash
1795,2026-02-11 23:44:27,Credit Card
3877,2026-05-08 17:53:17,Cash
4134,2026-03-26 19:50:49,Debit Card
3935,2025-08-16 21:35:08,Debit Card
3085,2024-08-23 13:57:50,Credit Card
1478,2026-02-10 20:16:20,Credit Card
3345,2026-03-09 19:13:23,Net Banking
4960,2026-02-27 14:46:14,Net Banking
4581,2026-01-23 02:51:18,Cash
2526,2024-08-30 04:49:56,Credit Card
3887,2025-11-21 07:05:57,UPI
4406,2025-07-23 12:15:24,Debit Card
5390,2026-04-26 04:37:33,Cash
4154,2025-12-06 03:59:47,Debit Card
3680,2026-04-08 17:45:33,Net Banking
4014,2024-11-24 14:52:59,Debit Card
1409,2025-03-26 17:33:12,UPI
3118,2025-03-27 01:15:20,Debit Card
5026,2024-12-29 04:16:46,Net Banking
5451,2026-02-13 22:03:46,Cash
2008,2024-10-13 13:22:57,Net Banking
1849,2026-03-29 04:49:46,Net Banking
4497,2025-05-05 05:48:07,Cash
1457,2026-02-26 03:19:47,UPI
1987,2024-09-21 04:08:40,UPI
5633,2026-05-24 22:54:31,Debit Card
3083,2024-09-08 16:23:39,Credit Card
3627,2026-03-04 01:34:13,Net Banking
1384,2025-10-11 18:30:24,Net Banking
1773,2025-12-23 20:20:36,Debit Card
4203,2025-04-14 09:14:18,UPI
5135,2025-07-08 03:59:09,Debit Card
3382,2025-05-27 20:31:22,Credit Card
5179,2025-09-17 07:46:32,UPI
4217,2025-04-01 10:12:22,Credit Card
2913,2025-01-04 09:55:24,UPI
3753,2025-09-12 18:47:58,Credit Card
5384,2025-07-01 06:04:54,UPI
1172,2025-08-31 01:43:18,Debit Card
2390,2025-03-09 19:00:51,Credit Card
2209,2025-05-09 06:01:24,Credit Card
1312,2024-09-11 18:15:52,Net Banking
3405,2026-01-25 14:18:41,Debit Card
5239,2025-02-02 20:44:31,Net Banking
4032,2026-05-12 23:22:43,Credit Card
4680,2025-10-10 11:12:20,Credit Card
5651,2026-05-18 04:30:03,Net Banking
4965,2025-06-29 01:46:06,Net Banking
3296,2026-07-24 07:51:05,Cash
4974,2025-01-09 00:00:27,UPI
4781,2024-11-25 05:45:35,Credit Card
5798,2025-08-01 15:59:59,Credit Card
5842,2026-07-18 02:30:10,Cash
1290,2025-03-24 20:52:55,Net Banking
1364,2026-03-16 21:23:34,Net Banking
2722,2026-01-03 01:29:04,Cash
4149,2025-07-04 09:30:51,Credit Card
4308,2024-09-20 05:53:32,Net Banking
5587,2025-09-14 18:49:06,UPI
5327,2025-07-25 08:05:36,Debit Card
5529,2024-10-26 15:01:42,Credit Card
2624,2024-10-22 00:46:36,Net Banking
5443,2024-09-19 19:42:06,Cash
4057,2025-02-27 09:50:42,UPI
5544,2026-07-06 03:01:08,UPI
3547,2025-04-16 15:43:59,Net Banking
3942,2026-01-11 19:41:36,Debit Card
4625,2025-02-12 20:18:53,Net Banking
2167,2025-09-24 17:21:08,UPI
2662,2026-03-19 12:20:01,Cash
1552,2025-03-26 03:37:28,Cash
5288,2025-02-02 09:17:47,UPI
4455,2026-05-13 09:07:35,UPI
5333,2025-01-12 02:44:21,UPI
4038,2025-02-20 21:47:13,Credit Card
3182,2026-06-02 13:51:04,Cash
1093,2025-08-20 07:50:27,Net Banking
2203,2026-05-16 12:38:35,Net Banking
5265,2026-05-21 04:50:15,Debit Card
5351,2025-03-08 03:51:30,Cash
4831,2026-06-28 11:14:24,Credit Card
5237,2024-12-29 23:38:51,Debit Card
3322,2025-05-12 09:32:29,UPI
3953,2026-01-06 03:46:09,UPI
1478,2025-08-30 11:46:36,UPI
5441,2024-09-11 21:01:55,UPI
5606,2025-06-11 15:38:59,Net Banking
3893,2025-07-17 01:43:17,Credit Card
1719,2024-09-21 04:50:14,Net Banking
3139,2025-07-11 10:38:49,Credit Card
2682,2024-11-01 04:59:04,UPI
2228,2026-02-01 09:19:24,Credit Card
1972,2024-11-22 02:23:32,UPI
1859,2025-01-06 10:57:03,Credit Card
2760,2026-01-08 20:48:41,Cash
4185,2024-09-20 09:57:01,Net Banking
5521,2025-06-17 13:50:21,Net Banking
3552,2025-02-10 07:05:40,Cash
4990,2024-12-25 14:50:35,Credit Card
1072,2024-12-22 12:04:28,Debit Card
1788,2025-09-16 12:11:05,Cash
4482,2026-04-27 16:36:58,Debit Card
1773,2026-04-30 06:06:16,UPI
3990,2025-04-05 07:42:35,Debit Card
1792,2025-10-19 12:37:51,Credit Card
2428,2025-01-15 10:05:02,UPI
2694,2024-08-08 00:44:56,Net Banking
4310,2025-03-29 01:08:38,UPI
4582,2026-07-01 15:20:25,Credit Card
2723,2025-09-08 00:09:42,UPI
1289,2025-04-11 00:53:01,Cash
2215,2026-05-25 15:33:39,UPI
2427,2025-12-30 16:32:19,Debit Card
2195,2024-08-09 07:26:43,Net Banking
5375,2026-04-23 14:12:15,Net Banking
1667,2024-12-30 19:13:06,Debit Card
5358,2025-10-16 23:07:24,Credit Card
5678,2026-05-13 19:11:00,Debit Card
5968,2026-05-11 04:57:03,Cash
5232,2025-09-28 21:44:14,Cash
4506,2025-01-16 08:35:07,UPI
1989,2025-11-30 07:06:25,Debit Card
3216,2025-03-04 21:45:02,Debit Card
5772,2025-12-25 17:50:42,Credit Card
1827,2025-02-01 15:46:32,Net Banking
4468,2026-05-15 06:45:53,Debit Card
5786,2025-06-02 21:43:31,Credit Card
1755,2024-09-17 10:31:01,UPI
2787,2025-09-15 22:48:59,Net Banking
5840,2025-11-05 12:50:00,Credit Card
1293,2026-07-15 20:42:07,Cash
3432,2025-05-22 12:08:29,Debit Card
4260,2026-07-27 11:52:13,Net Banking
5263,2025-09-13 22:44:22,UPI
3973,2025-03-07 02:42:05,UPI
1587,2025-03-04 21:40:41,UPI
4876,2025-09-24 17:05:30,Credit Card
5150,2025-06-12 08:46:31,Debit Card
2434,2026-03-05 05:53:22,Cash
2421,2025-04-04 23:20:34,UPI
1032,2025-06-24 20:52:05,Net Banking
1099,2026-08-03 12:26:42,UPI
2351,2024-12-05 01:55:57,UPI
4495,2024-12-21 08:53:22,Net Banking
2597,2025-09-26 03:19:37,UPI
1584,2025-01-25 11:23:17,Cash
2222,2024-09-08 06:51:15,Net Banking
2773,2025-07-10 23:52:31,Credit Card
1415,2026-04-25 18:40:54,UPI
3457,2026-04-24 00:54:44,Cash
5830,2024-10-28 00:47:55,Cash
2366,2025-05-04 10:53:04,Cash
5109,2026-01-29 04:06:00,Credit Card
3316,2026-01-03 04:08:02,Cash
5978,2026-06-15 11:46:52,Net Banking
2109,2024-10-04 06:56:35,Debit Card
2749,2026-01-24 16:54:43,UPI
5917,2025-03-28 11:50:45,Debit Card
4334,2025-11-22 01:33:49,Credit Card
5176,2025-05-08 07:49:19,Credit Card
2819,2025-02-23 14:38:44,UPI
2234,2025-11-20 16:16:11,UPI
4106,2026-02-10 05:50:21,Credit Card
5442,2025-08-25 01:31:41,Net Banking
3113,2025-10-01 03:31:01,Debit Card
5169,2025-02-14 07:59:58,Net Banking
3457,2025-04-20 15:07:40,UPI
4722,2025-03-21 07:15:51,Credit Card
5306,2025-07-26 15:30:38,Net Banking
3862,2026-02-11 05:08:18,UPI
3709,2026-04-04 15:47:09,Cash
2619,2026-07-24 20:23:49,Net Banking
4202,2026-04-20 01:21:14,Net Banking
5207,2026-07-12 21:32:45,Net Banking
3221,2025-11-20 01:42:26,Cash
4085,2026-07-19 12:13:59,UPI
5541,2026-08-05 23:20:00,Credit Card
5498,2025-08-12 15:03:15,UPI
1335,2024-12-26 15:25:54,Cash
5507,2026-04-11 17:59:13,Credit Card
5234,2026-02-02 12:46:10,UPI
5321,2026-07-08 22:51:56,Cash
1776,2025-01-14 15:13:07,UPI
3032,2025-05-22 11:51:45,UPI
5820,2025-01-21 08:42:42,Credit Card
2009,2025-04-20 09:53:55,UPI
5312,2026-06-08 03:11:58,Credit Card
2524,2025-10-17 11:26:18,Credit Card
5464,2025-09-16 19:09:44,Net Banking
2994,2025-02-20 20:29:23,Debit Card
1769,2025-07-20 02:22:02,Net Banking
5560,2025-08-27 21:29:59,Credit Card
4515,2026-04-01 05:09:09,Debit Card
1816,2024-10-14 17:23:32,Credit Card
5852,2025-07-11 01:00:20,Cash
2164,2026-04-02 11:11:47,UPI
4326,2025-08-18 03:57:35,UPI
1499,2025-06-17 11:38:47,Net Banking
3636,2024-08-23 07:04:22,Net Banking
2570,2024-09-19 06:48:42,Cash
1782,2025-10-05 00:24:25,Cash
1672,2025-05-28 15:05:49,UPI
3527,2025-07-20 13:01:45,Debit Card
5143,2025-12-21 00:26:49,Cash
4757,2025-11-12 19:20:35,Net Banking
1713,2026-03-11 09:35:29,Net Banking
5607,2026-03-20 22:17:20,Debit Card
3475,2026-02-05 04:14:12,Debit Card
3395,2025-02-07 12:14:48,Net Banking
4484,2026-07-24 01:51:02,Cash
4795,2025-01-15 06:07:31,Net Banking
1237,2026-06-24 14:11:58,Net Banking
2809,2025-04-06 21:27:52,Credit Card
5051,2025-09-29 23:43:57,Cash
3855,2025-04-05 15:11:28,Debit Card
4243,2025-12-27 23:53:55,UPI
1375,2024-10-13 07:20:17,Net Banking
4430,2026-07-05 20:56:35,Cash
4463,2025-09-30 09:02:58,Debit Card
1827,2026-03-22 01:08:19,UPI
5829,2025-03-27 04:48:49,UPI
4839,2025-05-25 19:50:50,Debit Card
1159,2024-09-04 04:57:17,Cash
5194,2024-08-08 14:01:13,Debit Card
4245,2025-11-02 12:54:40,Debit Card
4954,2026-02-05 12:41:59,Cash
2011,2024-10-10 20:15:43,UPI
3653,2025-05-08 22:57:39,Debit Card
1772,2025-07-06 11:10:21,UPI
1982,2025-07-31 19:35:06,Net Banking
4075,2025-11-30 13:49:04,Debit Card
2187,2026-04-19 12:14:16,UPI
5886,2026-04-18 00:46:15,Net Banking
1010,2024-11-30 11:57:09,Net Banking
1077,2026-05-02 10:29:15,Credit Card
3188,2025-10-04 06:24:51,Cash
3373,2025-10-30 07:32:37,Debit Card
4606,2026-02-12 16:13:02,UPI
2010,2026-02-23 04:12:04,Credit Card
2469,2026-05-14 06:07:41,UPI
4349,2026-06-23 15:17:11,Net Banking
4250,2025-06-10 04:29:42,Net Banking
2024,2026-02-16 20:20:18,Net Banking
4309,2024-08-31 17:40:51,Net Banking
4297,2024-12-22 12:56:30,Debit Card
4248,2026-02-27 11:36:04,Net Banking
4370,2025-07-29 00:53:51,Debit Card
4017,2024-08-17 13:45:29,Debit Card
2792,2026-05-07 14:19:09,Cash
4896,2026-01-10 03:42:50,UPI
2574,2025-09-10 02:00:28,UPI
2287,2026-01-12 22:53:54,Cash
2679,2025-01-23 20:51:23,Credit Card
4058,2024-10-11 22:53:42,UPI
1917,2025-03-22 12:02:30,UPI
2544,2026-02-03 02:11:49,Credit Card
5604,2024-10-25 17:20:03,Debit Card
2252,2025-05-26 01:01:19,Debit Card
5797,2025-04-17 05:01:29,Debit Card
5146,2025-12-15 14:54:14,Credit Card
5417,2025-04-19 19:26:18,Net Banking
2873,2025-06-30 18:09:03,UPI
1041,2025-08-13 09:16:52,Net Banking
4933,2025-12-14 17:31:15,Net Banking
4571,2024-08-28 11:32:49,Cash
4818,2026-02-24 19:19:00,Credit Card
3205,2025-05-22 21:30:36,Credit Card
2305,2025-04-03 12:51:42,Debit Card
4820,2025-02-18 01:28:20,Debit Card
3742,2026-03-17 07:38:50,Debit Card
4124,2026-03-20 18:17:30,Debit Card
5538,2025-09-11 07:09:24,Net Banking
2858,2025-08-11 23:18:37,Credit Card
2911,2025-11-08 18:42:12,Net Banking
1263,2025-05-24 12:08:14,Net Banking
4235,2025-09-22 09:53:11,UPI
5704,2025-03-28 21:43:27,Cash
4248,2024-11-12 11:20:31,Cash
4817,2025-11-24 10:36:58,Credit Card
1895,2026-01-03 17:26:15,Net Banking
3076,2024-11-11 16:20:44,UPI
5210,2025-09-11 15:10:58,Cash
4503,2025-03-31 23:35:23,UPI
1775,2026-02-22 15:53:07,Net Banking
1275,2025-03-14 15:02:13,Net Banking
5671,2026-07-13 06:51:58,Debit Card
5866,2026-07-29 23:53:09,UPI
3304,2026-04-23 14:56:59,Credit Card
5311,2026-02-12 10:24:42,UPI
2762,2025-02-24 22:21:12,Debit Card
1291,2025-06-13 19:34:20,UPI
1976,2025-07-22 05:38:15,Net Banking
5399,2025-12-25 21:53:26,Net Banking
1500,2025-12-31 13:47:09,Debit Card
4282,2024-10-11 17:11:58,Credit Card
2251,2025-08-04 09:19:46,Cash
5764,2025-08-19 01:23:36,UPI
5529,2025-07-30 10:38:55,UPI
4392,2026-01-17 09:48:53,Net Banking
1307,2024-08-10 02:10:06,Cash
1061,2026-05-20 19:49:48,Credit Card
5755,2024-10-04 04:13:23,UPI
4222,2025-08-29 04:33:24,Credit Card
3867,2024-10-19 04:03:57,Credit Card
4747,2025-10-07 19:49:59,Credit Card
3480,2025-01-21 19:13:33,UPI
1427,2025-07-02 21:41:26,UPI
2676,2026-03-13 09:44:50,Credit Card
5442,2025-02-03 14:37:22,Cash
3403,2024-09-24 18:27:35,UPI
4456,2024-10-08 05:08:46,Debit Card
4691,2026-01-22 17:18:06,Credit Card
3681,2025-01-07 02:05:56,Net Banking
2111,2025-09-15 09:51:18,UPI
4847,2025-03-13 10:33:20,UPI
3852,2025-04-02 15:52:34,Credit Card
5870,2025-12-22 22:11:08,Debit Card
4717,2026-03-25 17:47:16,Net Banking
3400,2025-01-06 19:00:39,UPI
5277,2025-11-14 09:34:14,UPI
3245,2026-01-25 06:26:37,Net Banking
5447,2026-01-01 21:03:02,Cash
2879,2025-01-31 08:55:23,Credit Card
1706,2024-12-22 05:58:06,Cash
5838,2024-12-26 01:42:20,Net Banking
4059,2025-06-04 17:13:57,Credit Card
3924,2025-10-04 23:38:08,UPI
5944,2026-02-18 17:54:37,Net Banking
5414,2024-09-17 08:25:40,Net Banking
1550,2024-09-19 10:40:55,Debit Card
2826,2025-01-23 10:27:46,Credit Card
3093,2024-11-19 02:12:26,UPI
1933,2026-04-06 03:55:15,Debit Card
2368,2025-12-14 11:37:43,Net Banking
5908,2024-10-18 22:36:57,Debit Card
3014,2024-08-24 15:29:06,UPI
5227,2025-07-09 10:13:53,Net Banking
5838,2024-12-28 05:23:05,Credit Card
5078,2026-01-05 13:16:44,Debit Card
5266,2025-08-17 23:24:39,Debit Card
4570,2024-10-22 05:34:21,Credit Card
2936,2025-10-20 05:44:30,Credit Card
3710,2025-01-03 02:09:45,Net Banking
5202,2025-02-05 17:59:40,Net Banking
1500,2025-10-19 01:35:38,UPI
3291,2025-09-19 11:54:13,Cash
4607,2025-10-17 01:32:19,Credit Card
2430,2026-03-03 06:38:59,Credit Card
4600,2025-02-24 09:31:33,UPI
1954,2025-11-27 12:59:41,Net Banking
2193,2026-04-25 06:37:11,Net Banking
5833,2025-07-01 22:13:54,Debit Card
1353,2024-09-11 14:49:30,UPI
3808,2025-11-18 21:03:28,Credit Card
5755,2024-09-01 15:49:26,Net Banking
3352,2026-07-18 20:23:59,Credit Card
1697,2024-10-11 04:29:17,Net Banking
5219,2025-12-22 16:49:27,Net Banking
1747,2024-12-05 13:36:32,Credit Card
2875,2026-02-24 04:28:49,UPI
4725,2026-05-29 11:02:21,Cash
2670,2025-09-17 12:07:59,Cash
3797,2024-10-24 08:55:18,Credit Card
5115,2026-07-18 04:54:28,Net Banking
1107,2024-08-24 06:57:46,Debit Card
3774,2025-12-24 21:09:19,Debit Card
2168,2025-09-27 19:11:44,Cash
2534,2025-01-02 13:53:25,Credit Card
5037,2024-12-26 20:04:50,Debit Card
1909,2025-03-01 11:02:43,Cash
2571,2025-07-18 05:59:40,UPI
4008,2025-02-28 20:45:30,Net Banking
2668,2026-03-06 13:46:25,UPI
2042,2025-07-19 14:41:01,Cash
2215,2026-01-16 08:12:20,Credit Card
1715,2026-04-17 15:13:25,UPI
3879,2025-01-25 20:33:21,Debit Card
4879,2025-07-22 13:58:25,Credit Card
2841,2025-03-29 07:25:48,Credit Card
1248,2025-04-19 21:40:16,Credit Card
4327,2026-02-13 06:40:31,Debit Card
4613,2026-02-09 23:26:00,Cash
4401,2024-10-18 20:03:32,Cash
3422,2026-05-02 10:28:35,Net Banking
5163,2025-09-15 00:12:32,Debit Card
3903,2025-03-16 00:32:54,Credit Card
3110,2024-08-31 20:50:19,Credit Card
5899,2026-05-19 07:35:58,Debit Card
5451,2025-12-03 05:21:17,UPI
5806,2024-11-09 19:20:07,UPI
2521,2025-03-14 10:10:09,Credit Card
1136,2026-07-12 10:41:33,UPI
4580,2025-11-15 02:07:31,Cash
5705,2026-05-22 18:00:47,Credit Card
5912,2025-06-13 18:33:52,Cash
5664,2025-09-07 10:17:40,Credit Card
2619,2026-06-05 04:52:41,Debit Card
3964,2025-08-14 18:16:59,Debit Card
1844,2024-09-29 05:04:06,Net Banking
4626,2025-12-05 12:25:23,Debit Card
3500,2026-06-16 10:08:58,Cash
2849,2025-12-10 03:38:46,Cash
1334,2026-05-01 02:19:26,Net Banking
2726,2026-08-03 19:53:39,UPI
5909,2026-04-01 04:50:22,Net Banking
3671,2025-05-22 20:41:30,Debit Card
2026,2025-06-16 17:00:29,Credit Card
4225,2024-12-02 21:36:29,Debit Card
1739,2025-07-24 13:30:53,UPI
4210,2024-10-30 08:55:25,Debit Card
1874,2025-08-09 05:38:08,Cash
4345,2024-08-16 04:00:47,Debit Card
1743,2026-03-09 10:14:11,Net Banking
4796,2026-02-21 19:13:43,Net Banking
4853,2024-12-21 09:11:31,Cash
1791,2024-08-08 06:19:12,UPI
2291,2024-11-25 08:47:38,Cash
2378,2025-02-19 14:26:50,Net Banking
2719,2025-02-17 04:19:35,Net Banking
3628,2026-06-13 17:11:37,Net Banking
5685,2025-12-15 05:17:53,Net Banking
3691,2025-05-07 09:19:36,Debit Card
5946,2025-06-26 02:22:43,Debit Card
3258,2025-04-21 09:07:33,Debit Card
2749,2025-04-23 15:47:00,Debit Card
3559,2026-03-19 08:43:32,UPI
3223,2025-09-07 09:47:57,UPI
2715,2025-02-07 02:17:37,Cash
2200,2025-10-11 14:32:23,Cash
1706,2026-03-12 21:59:29,UPI
1635,2026-08-03 19:24:16,Net Banking
2269,2025-09-03 07:45:59,Net Banking
3029,2025-05-16 05:48:05,UPI
3040,2025-12-16 02:18:46,Debit Card
4652,2025-12-22 22:31:49,Cash
1601,2026-06-08 22:41:16,Cash
1531,2025-01-14 06:26:10,Credit Card
1698,2026-04-27 12:10:47,UPI
3304,2025-08-24 23:15:18,UPI
3178,2025-09-23 00:36:17,UPI
3016,2024-09-06 08:14:24,Debit Card
4409,2026-07-20 16:14:29,Cash
1706,2024-11-04 13:58:06,Cash
2817,2026-05-19 06:52:47,Credit Card
4066,2025-02-08 11:44:59,UPI
4802,2024-11-26 20:11:31,Net Banking
1697,2025-05-04 07:24:34,Debit Card
4985,2024-08-24 05:51:30,UPI
3176,2024-08-27 22:15:01,Credit Card
4835,2025-07-12 15:15:54,UPI
1806,2025-10-02 14:49:48,Net Banking
2898,2024-09-10 07:04:21,UPI
4992,2025-10-25 19:24:42,Debit Card
2223,2026-04-13 14:01:28,Cash
5213,2026-01-08 03:22:55,Cash
4350,2026-06-06 08:08:27,UPI
5754,2025-10-28 23:22:21,Cash
3724,2024-08-31 12:11:30,Credit Card
4654,2026-05-05 18:58:25,UPI
3026,2024-09-17 15:35:31,Debit Card
1796,2026-01-08 01:16:46,Credit Card
5861,2026-07-29 00:29:40,UPI
5202,2025-04-25 06:35:12,Cash
4449,2026-01-09 18:22:08,Debit Card
1185,2026-06-16 04:38:07,Credit Card
2443,2025-01-28 03:48:54,Cash
1164,2025-11-03 07:35:18,Debit Card
1844,2025-03-11 13:06:40,Cash
1795,2026-02-23 15:02:17,Cash
2818,2025-11-01 10:53:00,Debit Card
4398,2026-02-19 11:39:00,Credit Card
3614,2025-04-14 03:37:32,Credit Card
1492,2025-10-24 08:17:54,Net Banking
1960,2025-05-25 07:23:59,Credit Card
5339,2025-10-06 10:21:52,Cash
1886,2026-05-31 03:57:52,UPI
5325,2025-08-19 16:02:04,Debit Card
2271,2025-01-07 06:39:48,Cash
5980,2026-06-10 04:57:02,Cash
2632,2026-02-13 11:17:27,UPI
3737,2025-04-16 09:58:31,Debit Card
1616,2025-05-07 07:38:39,UPI
4900,2026-07-11 18:52:07,UPI
5331,2025-11-11 10:43:33,Net Banking
5479,2025-03-15 22:41:01,Debit Card
4792,2026-05-14 11:38:30,Cash
1386,2026-05-02 16:06:31,Cash
5534,2024-09-17 11:35:27,UPI
4050,2025-11-24 01:12:32,Cash
5873,2025-02-07 16:02:51,Debit Card
4364,2026-05-04 00:45:31,UPI
1495,2024-10-26 02:55:17,Credit Card
1570,2024-10-16 04:13:34,UPI
2281,2024-11-20 16:30:50,Cash
1065,2024-12-29 15:02:57,Credit Card
3118,2024-11-26 03:59:20,Debit Card
2095,2024-12-18 07:47:43,Net Banking
2782,2025-12-13 18:19:50,UPI
2370,2024-10-12 20:27:47,Cash
1188,2026-04-15 04:39:22,Debit Card
3528,2025-07-14 04:01:25,UPI
3485,2025-07-06 04:17:23,Debit Card
4520,2024-08-14 21:01:53,Net Banking
4770,2026-05-15 20:33:42,Debit Card
1684,2026-07-23 19:01:06,Credit Card
2604,2026-03-16 20:28:58,Debit Card
2479,2026-01-13 07:47:34,Cash
5872,2024-12-04 08:14:28,Cash
2136,2026-03-28 19:01:00,Cash
5749,2024-11-13 21:20:49,Net Banking
2006,2026-07-08 09:12:14,UPI
4475,2025-02-09 06:43:08,Debit Card
1386,2025-08-22 21:55:57,Credit Card
4390,2026-07-10 02:10:14,Debit Card
3235,2024-08-18 02:47:02,Debit Card
3065,2025-11-11 17:15:29,Net Banking
5733,2024-09-27 10:34:30,Net Banking
4480,2024-09-12 20:34:40,Net Banking
4923,2025-05-02 21:45:57,Cash
3218,2025-03-30 04:45:58,UPI
1370,2024-08-29 16:50:21,UPI
2704,2025-12-10 00:00:01,Net Banking
3720,2026-01-07 16:41:01,Debit Card
2457,2026-02-10 18:56:42,Cash
2114,2026-07-17 01:53:24,Net Banking
3994,2025-09-23 00:51:05,Debit Card
2914,2026-07-02 07:42:25,Credit Card
1754,2025-10-06 19:39:00,Net Banking
4176,2025-05-07 06:04:34,Net Banking
1116,2026-02-18 06:30:19,UPI
1224,2025-07-10 05:31:48,UPI
3813,2025-07-19 07:26:23,Debit Card
5354,2025-01-18 07:14:37,UPI
2589,2025-05-01 18:23:29,Net Banking
3849,2026-04-04 00:55:39,Cash
3944,2025-06-06 07:56:23,UPI
1791,2026-05-15 15:03:18,UPI
1951,2024-08-17 13:14:37,Net Banking
4484,2025-02-07 06:15:34,Net Banking
2837,2026-06-02 13:20:03,Cash
2122,2025-07-26 20:40:22,UPI
5047,2025-12-08 04:45:23,Net Banking
1773,2025-03-05 19:11:21,Cash
1928,2026-07-25 19:25:28,Cash
5187,2026-01-27 10:04:08,UPI
2808,2025-10-30 21:47:07,Cash
1957,2026-06-21 05:14:13,Net Banking
1817,2024-11-15 10:22:50,UPI
3306,2025-08-12 04:11:18,Net Banking
2516,2025-03-06 00:45:17,Cash
1009,2025-08-09 17:29:25,Debit Card
3131,2024-08-13 02:58:22,Net Banking
3664,2026-05-09 20:23:43,Cash
4071,2024-12-13 21:41:48,Cash
3138,2025-07-02 03:35:59,Net Banking
1297,2024-09-17 15:16:50,UPI
1697,2026-04-29 08:42:14,Debit Card
3575,2026-03-20 16:12:15,Debit Card
4508,2025-03-09 09:20:38,Net Banking
2992,2026-05-29 08:44:12,Net Banking
4953,2025-03-01 20:19:24,Cash
4292,2024-08-31 20:56:30,Cash
4237,2026-07-26 19:05:12,Debit Card
4428,2024-10-02 03:17:12,Debit Card
4444,2025-10-09 13:54:02,Debit Card
5330,2026-01-22 23:41:51,Cash
5817,2025-08-29 01:51:05,Credit Card
3603,2025-10-12 02:02:10,Cash
2686,2026-07-17 02:36:31,Net Banking
5866,2026-03-30 14:30:58,Net Banking
2427,2025-10-29 20:17:53,UPI
4516,2026-03-04 13:41:24,UPI
1929,2024-09-23 23:51:16,Net Banking
5658,2025-06-16 20:07:43,Debit Card
5194,2025-02-10 12:52:00,Credit Card
1456,2026-04-25 23:50:56,UPI
2755,2025-11-14 17:14:11,Credit Card
1438,2025-07-16 10:35:26,Debit Card
3872,2025-01-12 02:54:40,UPI
5453,2025-08-28 04:31:22,Net Banking
3517,2024-11-05 10:56:27,Debit Card
3270,2025-02-21 18:40:59,Net Banking
4105,2025-12-11 13:32:55,Debit Card
5620,2026-08-05 21:35:51,Cash
4694,2025-01-20 05:23:16,UPI
4498,2024-10-21 07:45:00,Debit Card
2303,2026-06-09 20:24:21,UPI
5983,2024-09-23 16:35:50,Debit Card
2977,2024-09-07 18:07:29,Credit Card
4470,2025-06-01 19:44:12,UPI
2009,2025-02-21 07:00:51,Debit Card
5534,2025-01-26 05:15:42,Cash
5796,2024-11-11 19:24:26,Credit Card
3000,2024-08-11 05:39:30,Debit Card
3866,2026-01-01 17:21:48,UPI
5674,2026-05-12 18:27:14,Cash
3728,2025-02-14 22:36:16,Credit Card
3927,2025-11-08 08:27:02,Cash
5516,2024-11-29 17:12:08,Net Banking
2236,2025-08-16 22:18:36,Net Banking
4687,2026-04-21 17:24:28,Cash
2532,2025-06-17 14:33:23,Net Banking
5571,2025-09-24 14:58:23,Debit Card
5232,2024-12-05 04:48:18,Credit Card
3869,2026-06-13 20:43:06,Net Banking
1048,2024-10-19 22:14:47,Net Banking
2215,2025-01-01 20:34:25,Cash
1693,2025-05-15 13:42:40,Credit Card
4831,2026-01-02 20:50:53,Credit Card
5512,2026-04-24 03:04:38,Net Banking
5336,2025-06-01 16:44:04,Net Banking
4672,2025-06-21 14:51:00,Credit Card
4285,2024-11-25 17:42:25,UPI
5462,2024-10-23 02:11:11,Cash
3401,2025-10-14 12:09:22,Cash
5513,2025-04-15 01:58:10,Debit Card
4865,2026-05-03 00:43:27,Cash
3628,2026-01-03 16:42:12,Debit Card
4410,2025-12-17 00:11:04,Net Banking
2860,2025-01-16 15:36:21,UPI
2243,2025-10-18 23:14:17,UPI
2252,2025-06-25 22:45:12,Net Banking
4691,2025-08-13 15:02:39,Cash
4881,2025-01-09 21:57:39,Debit Card
2619,2026-03-10 01:53:49,Net Banking
1235,2026-07-20 00:39:14,Debit Card
4026,2025-10-30 12:23:28,Cash
3661,2025-06-15 17:37:49,Cash
4767,2025-03-05 23:16:07,Credit Card
5776,2026-06-21 15:29:48,UPI
1927,2025-09-06 01:04:52,Debit Card
1294,2025-05-02 20:25:42,Credit Card
3108,2025-10-23 09:13:53,Net Banking
5662,2024-10-23 21:41:10,Net Banking
1597,2026-02-24 01:21:24,Debit Card
3814,2026-03-18 03:08:04,Credit Card
3445,2025-09-13 13:50:57,Credit Card
1203,2026-06-11 21:22:00,Debit Card
3609,2026-01-10 15:57:52,Cash
5860,2026-04-01 15:10:04,UPI
2406,2025-12-17 00:00:24,Cash
5178,2026-01-21 10:30:18,UPI
5091,2025-02-01 21:40:45,UPI
1358,2024-10-20 16:05:19,Credit Card
3663,2025-12-18 11:32:10,Cash
1106,2026-02-16 18:20:29,Cash
4448,2026-07-27 13:27:50,Debit Card
1226,2025-03-15 07:21:35,UPI
1399,2026-06-22 12:45:59,Cash
3988,2026-03-18 10:04:09,UPI
4007,2024-08-30 22:39:20,UPI
3327,2024-12-11 11:15:49,UPI
2445,2026-02-07 15:35:42,Net Banking
2301,2025-01-14 11:47:30,Cash
3756,2026-06-15 16:34:57,UPI
3567,2026-04-02 03:51:33,UPI
2272,2026-06-16 00:52:29,Cash
5446,2024-10-12 15:52:39,Debit Card
2465,2026-05-21 05:41:13,Net Banking
5538,2025-12-01 17:20:58,Cash
5706,2025-02-27 05:10:39,UPI
5452,2024-09-30 09:15:19,UPI
2126,2024-10-16 10:09:42,UPI
3960,2026-06-01 01:10:19,UPI
2304,2025-01-10 02:44:09,Cash
1984,2025-08-12 02:16:24,UPI
4159,2026-07-16 10:32:36,Cash
3401,2024-09-19 20:16:58,Net Banking
4546,2025-01-31 03:58:13,Cash
2293,2024-11-08 04:34:20,Credit Card
2868,2026-02-14 07:17:52,Debit Card
5790,2024-08-12 04:51:30,Debit Card
2174,2026-02-28 21:08:26,Net Banking
1821,2024-08-27 00:09:42,Net Banking
3052,2026-03-05 06:51:52,Debit Card
4813,2025-03-04 14:49:22,UPI
3692,2024-10-11 07:53:43,Cash
1728,2025-07-22 10:46:00,Credit Card
2167,2025-12-27 09:20:18,UPI
5512,2024-10-21 08:22:29,Debit Card
1787,2024-09-25 04:20:03,UPI
1609,2026-08-06 07:32:16,Credit Card
2335,2026-04-21 01:09:14,UPI
3286,2024-10-05 20:41:56,Credit Card
2536,2025-07-01 01:41:12,UPI
2660,2025-11-24 07:36:14,Debit Card
1728,2026-07-21 15:16:37,Debit Card
5764,2025-01-27 07:40:40,UPI
2239,2025-02-16 21:59:59,Cash
2509,2024-12-17 10:06:29,Net Banking
4361,2025-11-03 22:01:36,Debit Card
3531,2026-05-31 20:49:05,UPI
2387,2025-11-18 21:21:36,UPI
5797,2024-12-16 00:41:44,UPI
5584,2025-11-04 06:09:38,Credit Card
4036,2026-01-12 07:18:26,Net Banking
2360,2024-09-23 02:03:46,Debit Card
1700,2025-12-20 13:58:01,Net Banking
5398,2025-03-30 12:58:22,Net Banking
3352,2025-08-23 01:58:13,Debit Card
1154,2025-10-09 22:56:54,Cash
2751,2026-05-10 03:08:43,Credit Card
4301,2025-08-06 08:37:34,Cash
2094,2025-08-23 11:13:27,Net Banking
3780,2024-10-15 18:22:00,Net Banking
4974,2026-03-25 21:23:21,UPI
1463,2024-09-09 04:51:58,Credit Card
2103,2026-07-05 14:04:21,UPI
5125,2026-07-29 05:19:42,Credit Card
3298,2025-06-30 14:12:39,Cash
4919,2026-08-01 06:08:33,UPI
5200,2025-12-26 10:03:34,Cash
1760,2025-01-17 07:55:49,Cash
5136,2024-11-04 18:22:45,Debit Card
3886,2025-04-30 20:02:30,Debit Card
5030,2025-04-09 16:24:44,Credit Card
1233,2026-03-05 23:17:50,Cash
4531,2024-12-26 11:00:16,Cash
1682,2025-07-04 10:19:43,Debit Card
1068,2025-11-21 13:09:47,Debit Card
4677,2024-11-17 06:47:49,Net Banking
3120,2024-11-01 09:32:39,UPI
2693,2025-10-25 21:27:25,Credit Card
2490,2026-05-17 14:47:42,Debit Card
2516,2026-01-11 19:31:06,Net Banking
2229,2026-03-10 05:31:23,Net Banking
4594,2026-06-27 01:44:47,Debit Card
1443,2025-10-12 23:13:07,UPI
2301,2024-09-25 21:42:06,Credit Card
4961,2025-04-16 13:19:27,UPI
5176,2026-07-12 12:59:07,Credit Card
4773,2025-10-23 02:10:34,Cash
2044,2025-04-24 11:44:48,Cash
1280,2024-08-22 04:21:33,Net Banking
2235,2026-03-11 09:24:22,Debit Card
1214,2025-01-07 16:50:03,UPI
3684,2025-01-09 01:38:21,Debit Card
4512,2025-05-28 18:58:15,Credit Card
2729,2025-01-21 14:38:06,UPI
4135,2025-10-01 17:27:04,Cash
2653,2025-08-31 17:52:11,Cash
4014,2024-09-02 05:44:25,Net Banking
4618,2026-04-18 10:22:11,Net Banking
4575,2026-03-11 14:43:19,Net Banking
1163,2025-11-19 18:48:12,Credit Card
4663,2026-05-12 00:41:27,UPI
1114,2025-01-22 04:40:35,Debit Card
2505,2026-01-24 01:43:34,Cash
2277,2026-01-03 06:11:18,Debit Card
2366,2024-08-21 03:38:11,Cash
3966,2026-07-18 00:38:07,Credit Card
2379,2025-07-05 20:12:42,Credit Card
2185,2025-05-22 18:53:21,Debit Card
2760,2024-09-29 08:46:35,UPI
1765,2025-03-02 14:31:15,UPI
3788,2026-03-08 22:36:04,UPI
3803,2025-11-22 16:52:18,Debit Card
2427,2025-12-03 18:52:43,Credit Card
1818,2025-07-13 01:58:00,Credit Card
5329,2025-10-29 08:37:17,Credit Card
3330,2026-05-30 11:18:13,Debit Card
5118,2025-07-31 15:35:33,Cash
4351,2025-09-26 14:22:17,Net Banking
5428,2026-06-16 10:08:23,Credit Card
3175,2024-11-15 20:48:51,Credit Card
2993,2026-07-12 05:41:00,Net Banking
3565,2025-10-09 00:47:08,Debit Card
3996,2025-10-14 09:47:58,Net Banking
1954,2025-01-10 13:48:31,Debit Card
5744,2024-08-26 00:35:36,Debit Card
4974,2025-10-02 06:33:48,Debit Card
2370,2026-07-06 00:07:21,UPI
5853,2025-02-08 04:01:08,Credit Card
3653,2026-04-03 15:03:54,Cash
1212,2025-07-08 03:36:11,Cash
4469,2025-05-01 21:49:26,Credit Card
1522,2026-06-23 16:03:44,Debit Card
4945,2026-05-06 21:40:20,Net Banking
1419,2026-01-03 19:27:47,Cash
1354,2024-11-13 17:10:38,UPI
5584,2026-07-04 03:19:18,Net Banking
5969,2026-07-08 06:42:40,Credit Card
1220,2026-07-17 01:33:23,Cash
4455,2025-03-03 20:34:42,Cash
4260,2024-08-15 07:12:44,Net Banking
3329,2025-07-22 17:47:35,Net Banking
1992,2025-09-06 23:07:34,Debit Card
4570,2024-12-07 20:18:13,Net Banking
2517,2025-03-01 22:20:07,Net Banking
1836,2025-08-15 05:14:02,Debit Card
4437,2024-09-27 16:10:57,Net Banking
5243,2026-06-04 08:18:20,Cash
4167,2025-08-24 05:43:54,Net Banking
4739,2025-12-18 00:33:28,UPI
2924,2025-05-14 21:39:20,Debit Card
4077,2026-06-30 02:38:17,UPI
5009,2025-11-18 18:00:05,Debit Card
2588,2024-09-03 18:43:13,Debit Card
1605,2025-01-22 18:30:08,Debit Card
3727,2025-11-08 01:21:47,UPI
1271,2025-03-08 07:19:40,Net Banking
4933,2026-03-13 02:56:30,Debit Card
2680,2026-03-14 11:41:28,Net Banking
1742,2025-09-12 18:10:48,Debit Card
2303,2025-06-17 15:08:20,UPI
1987,2026-05-11 17:42:16,Net Banking
2505,2025-12-07 09:31:08,Credit Card
2206,2024-10-26 05:34:34,Net Banking
1049,2025-06-03 23:20:42,Cash
2961,2025-04-03 09:55:13,Net Banking
4063,2024-11-07 14:06:44,UPI
2956,2026-03-25 17:57:22,Net Banking
2259,2026-04-25 08:25:34,Cash
3794,2026-05-27 14:22:04,UPI
5974,2025-11-18 05:05:45,Net Banking
2348,2025-12-01 16:32:00,Credit Card
5735,2025-06-12 08:11:53,Net Banking
2721,2025-11-30 01:14:09,Cash
1250,2026-06-13 04:55:14,Credit Card
1235,2025-09-10 14:49:36,Debit Card
5343,2025-08-13 18:03:30,Credit Card
2576,2024-11-24 17:49:24,Cash
2385,2026-01-28 19:03:38,Debit Card
1082,2025-12-23 20:38:56,Credit Card
2482,2025-03-04 04:43:31,UPI
2225,2026-07-16 13:46:46,Debit Card
1769,2026-04-24 13:13:23,Debit Card
3438,2024-08-08 15:37:50,Cash
2852,2026-07-30 03:49:26,Net Banking
2254,2024-11-21 07:33:16,Net Banking
2844,2025-04-19 20:37:13,Credit Card
2683,2026-05-23 10:38:41,Debit Card
5494,2024-10-29 22:31:37,Debit Card
3369,2025-11-22 06:40:52,Debit Card
1520,2025-04-17 01:04:33,Net Banking
1474,2025-01-11 20:57:33,UPI
5132,2026-05-29 09:53:01,Debit Card
2397,2026-07-12 23:17:36,Credit Card
1650,2026-06-03 19:20:13,Net Banking
4531,2025-02-20 05:24:56,Net Banking
4246,2025-01-19 04:20:58,Cash
5910,2026-07-06 04:22:16,Net Banking
2684,2026-01-10 09:14:33,UPI
3968,2026-06-18 14:56:33,Net Banking
4778,2026-04-24 01:21:46,Cash
3932,2025-05-23 06:12:55,Credit Card
2882,2025-10-05 04:15:05,Cash
3828,2026-03-18 20:55:40,Credit Card
3676,2026-04-11 20:29:21,Cash
1551,2025-12-23 14:50:25,Net Banking
3121,2025-08-03 03:40:46,Credit Card
2089,2025-09-13 19:06:38,Credit Card
2639,2026-02-07 00:38:36,UPI
4283,2024-10-20 20:24:09,Debit Card
4793,2026-07-29 12:25:39,UPI
1381,2025-11-28 04:44:59,UPI
2286,2026-05-03 05:49:08,Net Banking
5713,2025-05-02 15:18:32,Cash
1481,2025-01-27 20:14:39,UPI
4680,2026-07-02 14:45:58,UPI
4801,2024-08-17 22:09:47,Debit Card
2022,2026-01-04 05:21:34,UPI
3719,2025-03-31 04:37:04,UPI
5494,2026-05-09 06:52:39,Debit Card
3884,2026-01-26 20:41:52,Cash
3832,2025-03-04 02:00:56,Debit Card
1456,2026-03-28 06:21:13,UPI
5066,2024-10-14 04:17:50,Debit Card
5849,2025-03-22 11:30:35,Credit Card
3851,2024-08-23 20:30:16,Cash
2418,2024-11-17 07:07:56,Net Banking
3411,2025-06-23 15:39:27,UPI
3134,2025-11-24 04:09:52,Debit Card
3875,2026-05-01 12:54:57,Net Banking
2736,2025-09-10 02:07:34,UPI
3421,2026-06-14 23:26:01,Net Banking
3809,2025-08-10 04:02:51,Net Banking
3448,2026-03-31 08:44:32,Credit Card
4235,2025-02-11 16:42:06,Net Banking
1416,2026-08-03 10:33:04,Debit Card
1931,2025-01-06 03:40:46,UPI
4715,2025-03-15 21:46:57,UPI
4061,2025-05-13 18:23:29,Cash
3207,2025-10-04 07:23:12,Debit Card
3368,2024-11-26 23:21:17,Debit Card
2046,2026-03-23 13:35:14,Debit Card
5265,2024-09-26 06:54:39,Net Banking
2011,2024-09-20 05:47:15,Debit Card
5329,2026-07-23 05:43:45,UPI
1567,2024-12-01 16:34:10,Net Banking
2377,2026-01-31 10:25:40,Debit Card
5680,2025-11-14 01:45:28,Cash
2332,2024-10-16 22:40:04,Debit Card
5395,2026-05-25 14:06:34,UPI
2219,2024-12-08 10:03:43,Cash
5868,2026-01-10 03:54:06,Credit Card
4699,2025-08-30 07:00:20,UPI
3623,2025-10-28 06:45:32,Credit Card
3091,2025-12-12 04:58:48,Debit Card
3291,2025-11-28 01:07:44,Debit Card
3955,2026-06-12 01:43:38,Cash
2805,2026-01-29 13:23:46,Cash
1015,2025-01-16 19:50:21,Cash
2365,2026-07-24 11:38:06,Net Banking
3947,2025-05-17 10:56:55,Debit Card
4204,2025-07-11 06:25:51,Cash
5167,2025-10-31 17:50:04,UPI
3127,2024-09-05 19:50:37,Credit Card
5761,2025-12-30 20:33:17,Credit Card
2661,2026-03-01 09:54:38,Credit Card
1026,2025-09-29 20:44:33,Cash
5700,2026-04-15 10:48:03,Cash
1967,2025-05-10 05:57:22,Debit Card
2719,2025-09-01 20:20:50,Debit Card
4498,2026-05-12 08:47:57,UPI
1994,2025-05-11 14:15:31,UPI
3661,2025-12-11 03:26:04,Credit Card
1661,2025-03-14 12:49:12,Credit Card
5502,2026-05-06 12:51:21,Debit Card
4311,2026-04-21 23:39:28,UPI
1260,2025-08-21 21:12:57,Debit Card
3675,2024-11-14 05:52:02,Debit Card
4056,2025-04-25 09:04:54,Credit Card
2080,2025-08-11 11:32:50,UPI
4587,2025-06-05 03:08:53,UPI
4908,2026-07-03 23:42:47,Debit Card
5247,2026-04-16 18:01:24,Debit Card
2100,2025-05-17 06:52:53,Cash
4580,2025-07-09 20:14:37,Cash
2827,2025-10-04 11:07:36,Credit Card
4024,2025-07-11 13:54:43,Net Banking
3194,2025-02-23 18:43:06,Credit Card
1216,2025-01-01 12:24:19,Cash
5267,2026-05-29 02:51:10,Credit Card
3530,2026-02-19 22:35:08,Cash
5245,2024-12-09 22:37:43,Cash
4735,2025-05-21 17:04:45,UPI
3486,2025-07-16 13:54:32,UPI
1692,2025-07-31 04:32:40,UPI
3293,2024-10-13 04:29:40,Debit Card
5633,2026-06-26 23:46:48,Debit Card
5003,2026-07-30 03:26:08,Cash
5869,2025-07-28 19:36:10,Credit Card
2004,2024-09-25 18:59:45,Credit Card
5946,2026-01-15 08:20:51,Credit Card
1033,2025-04-04 07:59:17,Cash
5429,2026-03-30 12:35:21,Net Banking
1881,2024-10-14 07:44:10,Debit Card
2475,2026-07-22 16:54:33,Cash
3326,2025-04-14 22:08:02,Credit Card
4908,2026-02-14 03:32:43,Cash
1605,2025-09-16 02:13:28,UPI
2486,2024-12-04 13:07:17,Cash
5223,2024-09-16 06:06:20,Net Banking
3910,2025-11-01 04:36:22,UPI
2546,2025-06-04 15:53:58,Debit Card
5545,2025-01-19 11:51:28,UPI
2773,2026-06-26 09:27:05,Cash
3588,2024-10-31 05:22:29,Cash
3093,2025-04-06 02:43:51,Cash
5888,2026-05-28 07:03:00,UPI
2131,2024-11-15 10:54:04,Credit Card
4580,2025-02-26 11:51:14,Debit Card
3269,2025-03-08 02:19:43,Net Banking
3138,2025-01-02 02:57:40,UPI
3672,2025-11-08 20:49:36,Debit Card
4198,2024-08-08 07:04:20,Credit Card
5302,2025-08-15 12:41:44,UPI
1584,2025-02-14 22:37:20,Net Banking
1005,2026-02-28 13:56:19,Cash
5646,2026-07-25 22:24:56,Credit Card
2381,2026-01-08 21:04:33,Net Banking
3648,2025-02-18 17:45:36,UPI
2954,2025-10-08 14:14:06,Credit Card
3405,2025-02-17 20:12:58,Net Banking
3950,2024-10-11 13:24:22,UPI
1695,2025-04-12 19:01:50,Debit Card
2673,2024-12-07 03:19:46,Credit Card
2061,2025-07-16 12:38:49,UPI
1334,2025-12-21 12:05:36,UPI
5980,2024-12-17 09:15:41,Credit Card
4455,2026-05-26 07:16:06,Credit Card
1221,2025-07-14 13:24:44,Cash
3319,2026-05-24 22:00:25,Debit Card
3047,2025-11-06 10:50:34,Net Banking
2394,2026-07-13 15:52:34,Debit Card
4957,2025-08-27 11:39:31,Debit Card
3779,2024-11-28 23:12:43,Net Banking
4293,2025-04-17 21:15:25,Net Banking
5263,2025-03-17 04:41:50,Debit Card
4963,2025-09-29 15:26:48,Credit Card
1023,2025-08-04 08:24:53,UPI
3726,2024-08-24 01:51:29,UPI
2017,2026-04-21 13:54:47,Debit Card
5873,2026-07-15 01:02:38,Debit Card
4620,2026-02-17 11:21:39,Net Banking
3578,2026-05-03 03:51:18,UPI
5419,2024-10-13 19:57:32,UPI
3905,2026-04-03 13:53:28,Net Banking
2495,2025-07-31 20:01:03,Credit Card
1254,2026-06-23 12:43:50,Cash
4152,2025-01-19 02:46:10,Credit Card
2024,2024-09-26 13:03:31,Debit Card
5335,2026-06-17 02:30:02,Debit Card
5610,2024-10-18 21:25:16,Debit Card
5044,2026-04-27 17:53:07,Credit Card
1522,2024-09-02 23:09:58,UPI
4882,2025-09-19 12:26:22,Net Banking
5036,2025-11-22 20:11:37,Cash
4931,2025-07-13 10:24:59,UPI
1200,2025-07-06 23:47:28,Net Banking
5776,2024-08-08 08:51:25,Debit Card
2917,2026-07-27 21:35:03,Debit Card
1296,2024-09-06 01:39:16,Cash
3097,2024-11-11 13:29:33,Debit Card
2374,2026-07-30 11:08:22,Cash
3129,2024-12-17 10:44:19,Net Banking
2183,2024-12-16 17:42:27,Credit Card
4875,2025-09-26 13:55:47,Debit Card
3462,2025-06-10 06:32:54,Net Banking
4722,2025-08-10 08:14:21,Cash
1183,2025-03-06 01:23:19,Debit Card
4148,2025-09-18 21:17:57,Credit Card
2395,2025-07-31 02:47:03,Net Banking
3725,2025-04-13 22:37:41,Net Banking
5963,2026-07-11 08:04:09,Cash
3170,2025-04-26 11:08:36,Credit Card
4486,2025-09-24 07:18:04,Credit Card
4460,2025-01-17 05:41:51,Cash
1722,2025-06-27 15:42:31,Credit Card
1816,2025-11-09 13:31:16,Net Banking
5347,2025-12-16 15:43:58,UPI
5375,2026-07-19 13:37:47,Credit Card
1372,2025-10-04 15:35:26,Net Banking
4410,2024-08-17 21:48:41,Debit Card
2152,2025-10-12 17:45:33,Net Banking
1437,2024-10-08 04:32:31,Cash
4503,2025-03-04 05:01:32,Credit Card
5741,2025-02-12 12:13:58,Net Banking
3155,2025-08-30 17:33:32,Credit Card
4921,2026-03-23 02:34:25,Debit Card
1451,2025-04-30 15:19:25,Cash
5832,2025-08-28 12:43:42,Debit Card
4548,2026-03-11 10:16:54,Net Banking
4528,2025-09-27 05:47:10,Credit Card
3345,2025-11-12 12:43:04,Net Banking
1413,2025-10-13 14:09:14,Debit Card
1011,2025-03-08 15:11:42,UPI
3900,2025-04-25 00:39:35,UPI
2567,2025-11-27 23:25:14,Debit Card
3343,2025-09-25 15:54:30,Credit Card
4520,2025-02-25 19:47:15,Credit Card
3297,2025-05-27 19:53:41,Debit Card
3210,2025-04-14 18:01:07,Net Banking
1880,2025-12-18 15:15:35,Cash
3060,2025-01-25 06:55:55,Cash
2046,2025-09-01 09:02:27,Credit Card
3564,2025-06-09 09:58:55,UPI
5528,2026-06-14 21:08:14,Debit Card
2675,2024-09-12 08:28:51,Debit Card
4450,2025-07-16 14:42:26,Debit Card
2423,2025-12-29 08:00:09,UPI
3732,2025-03-09 14:28:49,Debit Card
3269,2025-04-02 14:03:47,Net Banking
4078,2024-09-01 20:08:28,Debit Card
4845,2025-08-17 13:21:15,Credit Card
2218,2025-04-19 15:03:13,UPI
3519,2024-11-16 03:08:21,Cash
4276,2025-11-11 02:53:04,Cash
2949,2025-11-04 20:11:29,UPI
2125,2024-10-27 03:41:47,Credit Card
5946,2025-01-24 07:25:18,Debit Card
5091,2025-04-21 08:59:05,Cash
1328,2025-10-28 05:42:54,Debit Card
1723,2024-08-25 10:01:21,Cash
4293,2025-11-23 20:53:38,Debit Card
2359,2026-02-05 17:16:19,Cash
1101,2025-06-19 07:54:32,Cash
3387,2025-07-13 03:07:36,Net Banking
3500,2025-03-27 19:03:31,Net Banking
2745,2025-05-30 19:26:22,Credit Card
2067,2026-07-31 02:09:39,UPI
3032,2024-11-13 13:37:21,Cash
2721,2025-12-14 20:16:46,Net Banking
4478,2026-05-29 11:04:21,Cash
4457,2025-12-07 14:56:17,Credit Card
4218,2025-06-15 01:42:16,Cash
4136,2026-04-29 12:12:17,Net Banking
4064,2026-04-15 12:56:37,Net Banking
1875,2025-01-27 15:13:44,Cash
2553,2025-10-05 17:48:08,Debit Card
2038,2025-12-10 10:53:12,Credit Card
2875,2025-12-28 10:42:18,Net Banking
3033,2025-04-10 17:14:29,UPI
4128,2025-10-21 21:49:20,Net Banking
1550,2024-11-19 23:47:41,Net Banking
4494,2026-02-07 01:38:22,Debit Card
3919,2024-09-27 08:38:02,Debit Card
5499,2025-10-07 06:34:30,UPI
4695,2024-11-13 23:45:57,Net Banking
5320,2025-12-29 04:24:02,UPI
5499,2025-11-14 18:35:52,Net Banking
5566,2025-01-06 06:40:22,Credit Card
2104,2025-01-05 00:08:18,Cash
5705,2026-05-25 22:25:41,Net Banking
4894,2024-10-03 11:07:57,Net Banking
3553,2026-03-08 09:10:00,Debit Card
3279,2025-04-12 22:14:12,Cash
3462,2025-04-15 13:53:18,Cash
3853,2026-06-10 09:36:20,Net Banking
2432,2026-05-04 19:35:28,Debit Card
2094,2024-12-21 04:57:16,Cash
4244,2025-06-19 07:37:04,Cash
2587,2025-05-27 00:57:23,Credit Card
5729,2025-07-25 08:07:14,Credit Card
2977,2025-01-07 16:47:29,Net Banking
3352,2026-07-01 06:13:41,UPI
2895,2025-12-27 07:14:25,Cash
2769,2025-08-17 17:23:33,Net Banking
1054,2025-05-05 07:28:13,UPI
1840,2025-10-05 03:39:46,Credit Card
5834,2025-03-16 16:07:54,Cash
5794,2026-06-27 13:34:59,Net Banking
4612,2025-06-09 13:59:20,Net Banking
2291,2026-04-10 10:41:04,Debit Card
1324,2025-01-06 04:44:53,Debit Card
1231,2026-04-17 23:19:31,Net Banking
5331,2025-12-16 08:38:50,Credit Card
3244,2025-04-17 22:19:25,Net Banking
1019,2026-07-02 10:19:24,Net Banking
1402,2026-06-01 19:41:55,UPI
3036,2026-06-06 19:52:24,Debit Card
4396,2026-04-27 16:02:26,Credit Card
2886,2025-02-21 17:56:14,Cash
5150,2026-03-11 07:33:59,Net Banking
5839,2025-05-24 05:20:21,Cash
5631,2026-03-13 09:20:52,Debit Card
3844,2025-03-27 01:45:56,Debit Card
1442,2026-02-20 03:05:30,UPI
1801,2025-05-09 12:42:06,Cash
3954,2025-05-06 23:50:13,Cash
5227,2026-06-02 02:44:45,UPI
4620,2024-08-25 19:45:21,Credit Card
1770,2025-10-29 13:03:06,Debit Card
2663,2025-09-22 08:28:10,Credit Card
4184,2026-04-01 18:56:35,Debit Card
5070,2025-12-29 10:53:43,UPI
4140,2026-05-28 11:52:38,Debit Card
1618,2026-01-25 09:54:22,Debit Card
4864,2025-01-03 18:14:56,Cash
4018,2025-01-05 15:01:36,Cash
1121,2025-01-17 10:05:00,Credit Card
5291,2026-08-05 11:55:42,UPI
4408,2026-06-08 08:31:25,Cash
3427,2026-01-03 07:23:11,Credit Card
5481,2025-09-11 00:32:45,Cash
3293,2025-06-16 04:45:42,Credit Card
1587,2025-02-17 23:06:26,Net Banking
2500,2026-02-20 01:02:42,Debit Card
4357,2026-04-04 00:59:03,Credit Card
1027,2026-05-10 07:41:53,UPI
1850,2026-02-22 08:11:45,UPI
5215,2025-10-07 12:47:59,Debit Card
5924,2025-12-28 16:44:42,Debit Card
3000,2025-05-01 20:16:12,Net Banking
4149,2024-10-14 16:13:56,Net Banking
4574,2025-09-03 21:17:54,Net Banking
1088,2024-12-24 01:04:50,Cash
4860,2026-02-17 22:59:59,Net Banking
2935,2026-06-04 14:33:57,UPI
3276,2025-10-02 15:34:27,Debit Card
1073,2024-09-13 00:47:38,Debit Card
3891,2025-05-25 02:52:27,Debit Card
5357,2024-11-29 10:43:39,Credit Card
5627,2025-12-03 13:52:35,UPI
3671,2024-10-25 01:41:00,Cash
4756,2024-09-11 02:09:55,Cash
2966,2026-06-22 01:11:46,Net Banking
4495,2026-02-18 17:13:16,Cash
1416,2026-01-05 01:50:44,Net Banking
2520,2025-12-17 09:17:53,UPI
5523,2026-06-27 10:44:35,UPI
1589,2026-04-06 21:11:06,UPI
3466,2025-08-12 10:29:10,Credit Card
3213,2026-03-16 21:29:07,Cash
1722,2024-09-11 13:11:36,Cash
3651,2024-10-14 17:56:44,Credit Card
4661,2026-04-27 02:40:53,Cash
3304,2025-12-30 01:22:11,Net Banking
5081,2026-03-16 20:28:44,Debit Card
4898,2026-07-23 00:23:59,Credit Card
5271,2025-11-21 12:57:05,UPI
3883,2026-04-06 10:58:14,Credit Card
3410,2024-12-28 23:27:56,Cash
3080,2025-04-22 15:00:18,Debit Card
3296,2026-04-11 09:01:42,Debit Card
5277,2025-09-26 07:23:25,Credit Card
3986,2026-01-10 02:26:47,Credit Card
2277,2025-10-07 23:25:21,Net Banking
1149,2025-10-21 23:56:07,Credit Card
3338,2026-04-01 17:34:47,Debit Card
2047,2026-01-15 10:47:45,Cash
5720,2025-12-17 11:28:02,Cash
3462,2026-01-29 08:46:51,Net Banking
1844,2024-09-28 22:10:57,UPI
3365,2026-07-05 19:28:28,Net Banking
3005,2025-09-05 19:09:55,Cash
1429,2026-07-03 18:19:18,Net Banking
5714,2025-03-27 15:40:29,UPI
3437,2026-06-02 01:29:36,Debit Card
5451,2025-10-10 15:20:59,UPI
4463,2026-02-11 05:00:54,Net Banking
1794,2026-07-19 20:20:56,Cash
5807,2024-12-22 08:43:53,UPI
2111,2025-04-27 13:10:48,Credit Card
4380,2026-05-26 03:11:19,UPI
2557,2026-03-22 07:31:01,Debit Card
1886,2026-02-25 05:31:44,Net Banking
3099,2026-04-13 05:11:54,Net Banking
1303,2024-10-31 08:57:10,UPI
3102,2025-07-27 03:32:53,Net Banking
5416,2024-10-13 21:12:05,Net Banking
4620,2025-02-27 02:28:43,Credit Card
2322,2025-03-22 09:38:32,Net Banking
5777,2025-12-08 10:08:28,UPI
2593,2025-05-27 20:24:28,Credit Card
5350,2025-07-09 00:25:13,Debit Card
2852,2026-07-16 10:06:02,Net Banking
4523,2026-06-24 12:25:21,Cash
3293,2025-05-28 04:34:31,Credit Card
4624,2026-02-18 00:12:07,Cash
2780,2024-11-13 06:46:24,Net Banking
2506,2024-10-21 17:25:49,Credit Card
4640,2026-06-23 08:57:02,UPI
5077,2024-09-25 03:29:48,Net Banking
2728,2025-12-31 07:41:24,Debit Card
5408,2025-11-29 11:54:41,Cash
5071,2026-03-21 07:31:25,Credit Card
4239,2024-11-07 22:05:49,Credit Card
5017,2026-02-21 14:46:51,Credit Card
5336,2026-04-20 02:23:08,Credit Card
3697,2024-10-16 13:52:15,Credit Card
6000,2025-01-11 08:30:02,Debit Card
4367,2025-02-17 15:18:18,Net Banking
2129,2025-02-12 19:27:56,Credit Card
3310,2025-02-13 05:18:47,Debit Card
4944,2025-11-15 20:10:59,Cash
1140,2026-02-04 03:46:32,Cash
1831,2025-10-04 01:46:25,Net Banking
4954,2025-12-27 02:25:21,Credit Card
2871,2024-10-01 07:44:25,Debit Card
4383,2025-12-08 06:07:57,UPI
4765,2025-02-05 10:54:39,Debit Card
5685,2025-07-30 14:16:04,Cash
5967,2025-10-25 15:09:30,Net Banking
2654,2026-05-26 16:26:12,Credit Card
5370,2025-02-09 18:25:02,Debit Card
2971,2026-05-27 10:54:54,Credit Card
2717,2025-11-10 19:57:10,Cash
1190,2025-02-09 02:07:42,Credit Card
2463,2026-05-07 07:44:23,Cash
2773,2025-05-04 07:50:07,Cash
5618,2025-10-06 01:44:58,Debit Card
5963,2024-08-20 21:20:54,Credit Card
5843,2025-01-20 20:04:44,UPI
3402,2025-08-27 18:24:08,Cash
1021,2024-10-15 17:50:23,Credit Card
4535,2026-01-07 08:34:48,Debit Card
3520,2025-04-30 15:49:14,Net Banking
1710,2024-09-17 15:54:42,UPI
5385,2025-09-16 17:56:13,Debit Card
4403,2025-08-24 11:34:44,UPI
5915,2026-05-30 21:15:17,Cash
5255,2024-09-07 02:20:10,Net Banking
2812,2025-10-06 15:40:18,UPI
1374,2025-03-06 06:55:47,UPI
4042,2024-08-10 08:01:18,Net Banking
5659,2025-05-11 14:05:23,Credit Card
5624,2026-01-03 01:58:16,Debit Card
4546,2025-11-29 06:36:33,Credit Card
4670,2026-07-04 00:56:42,Cash
5074,2025-06-13 15:41:04,Net Banking
2707,2025-02-13 09:06:19,Debit Card
4550,2024-10-13 20:01:41,Debit Card
1098,2025-01-18 13:15:15,UPI
3886,2026-06-06 03:18:12,Net Banking
4328,2026-05-07 12:53:33,Net Banking
3349,2025-10-12 23:33:57,Net Banking
2036,2025-05-07 01:07:06,Net Banking
5361,2026-04-18 11:07:55,Credit Card
5189,2025-01-16 01:54:41,UPI
3222,2025-08-12 18:30:30,UPI
5782,2025-03-30 07:36:19,Debit Card
5648,2026-03-25 13:54:07,Credit Card
4838,2025-04-05 08:21:37,UPI
2385,2024-09-20 23:17:21,Cash
4707,2026-04-02 04:30:55,Net Banking
3747,2026-01-19 23:10:10,Net Banking
2855,2025-09-11 17:14:39,UPI
5652,2025-09-20 20:38:18,Debit Card
3563,2026-04-22 05:30:36,Net Banking
2051,2025-10-17 02:50:43,UPI
2201,2025-08-01 03:49:26,Credit Card
5162,2026-01-02 11:02:52,Debit Card
4739,2024-09-17 17:45:31,Debit Card
4276,2026-06-14 15:02:09,Debit Card
3284,2024-08-27 08:42:40,Cash
2358,2025-10-31 19:12:25,Net Banking
2656,2025-12-03 08:02:12,Net Banking
4630,2026-06-10 02:50:24,Credit Card
1138,2026-01-22 02:09:12,UPI
3261,2024-11-05 13:50:48,Debit Card
3864,2024-11-19 11:53:12,UPI
4074,2026-03-28 11:40:15,Cash
1482,2025-11-28 15:21:32,UPI
5932,2024-10-12 21:08:05,Cash
4518,2024-09-29 02:28:05,Credit Card
5283,2025-05-27 05:48:14,Credit Card
1132,2025-03-20 20:06:59,Debit Card
5157,2026-07-08 17:58:56,UPI
3443,2024-11-22 07:39:47,Net Banking
2354,2025-11-19 18:17:22,Net Banking
4548,2026-03-31 21:40:44,Credit Card
1700,2026-06-23 01:51:39,Credit Card
3512,2025-11-13 20:57:16,Cash
4805,2025-03-30 02:06:27,Credit Card
4310,2026-08-03 07:29:57,Credit Card
4441,2025-04-16 01:59:55,UPI
5163,2024-12-15 12:45:13,Net Banking
2377,2026-03-12 15:37:11,Cash
1872,2025-08-06 02:47:57,Credit Card
5156,2025-04-18 02:11:51,Credit Card
4926,2025-06-03 08:35:21,Debit Card
5263,2025-11-28 05:46:32,Debit Card
2947,2024-08-28 17:39:30,Debit Card
5490,2025-01-21 01:55:56,UPI
2866,2026-08-02 06:33:23,UPI
4591,2026-01-12 21:23:06,UPI
5753,2024-09-05 02:21:40,Debit Card
4707,2026-05-12 18:12:28,Cash
5651,2025-02-08 14:30:41,Net Banking
5100,2025-07-04 23:29:59,Net Banking
3949,2025-07-04 18:47:53,Credit Card
3382,2024-11-28 10:29:56,Debit Card
1801,2025-12-21 22:42:53,Debit Card
4904,2025-04-17 20:32:23,Debit Card
2010,2026-06-27 08:50:24,Net Banking
4101,2025-04-14 06:40:22,Debit Card
5375,2026-04-24 18:20:34,Net Banking
2739,2026-04-21 22:44:06,Cash
2870,2025-03-20 16:42:13,Cash
5275,2025-09-13 08:03:56,Debit Card
1431,2025-08-06 06:33:57,UPI
5867,2025-07-06 16:34:38,Net Banking
4779,2025-11-10 20:45:02,Net Banking
4636,2026-06-03 08:28:58,Credit Card
1217,2026-06-29 20:07:38,Net Banking
4980,2026-04-21 14:44:31,Debit Card
3052,2025-07-28 11:33:30,Net Banking
1672,2025-02-01 17:49:00,Cash
5179,2026-07-31 12:41:17,Debit Card
4742,2026-03-12 08:26:07,UPI
1865,2025-05-21 15:38:26,Credit Card
5877,2025-06-25 22:47:47,Net Banking
4328,2026-04-08 16:59:26,Cash
5432,2026-08-04 04:28:10,Debit Card
1692,2025-03-21 08:22:49,Debit Card
1992,2025-07-16 19:56:59,Credit Card
2706,2024-11-21 13:46:57,UPI
4226,2025-05-11 09:22:09,Cash
1499,2025-12-20 11:20:40,Cash
1296,2024-11-06 06:06:28,UPI
2450,2025-10-21 03:48:26,Cash
2218,2026-03-24 11:24:22,Credit Card
5732,2025-07-18 21:32:20,Debit Card
1130,2024-11-18 11:02:52,Credit Card
1936,2025-08-11 16:08:47,Debit Card
5080,2025-06-29 12:30:53,UPI
4010,2026-01-15 22:37:56,Cash
5303,2026-03-19 11:29:45,Cash
2195,2025-08-10 18:33:27,UPI
1896,2024-12-19 14:44:01,Cash
2340,2025-10-06 07:27:44,Cash
2938,2025-09-11 22:19:53,Cash
4262,2026-05-22 12:02:49,Debit Card
3215,2025-08-08 12:12:30,Cash
5499,2025-10-23 14:00:02,Debit Card
2271,2024-12-27 12:24:30,Debit Card
5786,2026-02-25 13:04:00,Debit Card
4655,2026-03-31 20:22:31,Credit Card
4237,2025-05-18 07:28:59,Debit Card
3352,2025-05-29 13:25:14,Cash
1897,2025-05-06 01:22:36,Credit Card
2940,2026-01-06 19:27:02,Cash
3880,2025-08-29 11:16:41,Net Banking
3680,2024-09-20 22:44:55,Cash
2042,2024-09-23 01:40:00,Credit Card
3687,2025-10-20 23:49:41,Cash
4093,2024-08-08 00:12:35,Net Banking
4221,2026-07-03 14:59:50,Cash
3274,2026-03-15 20:50:05,Debit Card
2460,2026-02-24 14:51:33,Net Banking
2290,2025-06-10 11:54:20,UPI
4533,2026-07-29 12:23:36,Cash
5230,2026-01-30 21:04:33,Credit Card
1856,2025-05-29 17:12:03,Credit Card
5609,2025-07-19 08:29:31,Net Banking
1143,2025-06-18 04:32:13,Debit Card
5105,2025-04-04 20:45:08,Net Banking
1219,2024-08-10 14:18:00,Cash
3028,2024-09-24 14:58:38,Net Banking
1931,2025-03-27 04:17:24,Debit Card
4703,2025-01-06 19:06:11,Cash
2962,2025-06-30 05:20:14,Credit Card
3507,2025-02-05 11:49:34,Credit Card
1284,2024-12-25 09:11:51,Net Banking
5202,2026-05-07 12:54:46,Credit Card
1503,2024-10-27 03:46:49,UPI
1943,2026-06-18 18:30:10,UPI
4042,2026-03-21 10:26:56,Credit Card
2022,2025-06-14 00:42:09,Credit Card
2952,2025-07-25 14:55:42,Net Banking
1313,2026-08-06 07:18:51,Credit Card
4922,2024-12-31 14:23:58,Credit Card
3542,2025-02-03 08:05:56,Debit Card
4202,2024-11-19 19:58:34,UPI
2110,2025-06-20 06:45:08,UPI
4675,2025-09-23 10:18:16,Debit Card
3629,2025-11-01 18:37:12,Net Banking
5815,2025-08-15 23:03:07,UPI
3895,2024-12-26 03:21:19,Debit Card
1135,2024-12-16 14:45:33,Credit Card
4602,2025-05-17 13:04:03,UPI
1649,2024-11-01 00:40:02,UPI
5654,2026-03-19 23:35:13,Debit Card
5736,2025-08-07 09:13:38,Net Banking
1656,2025-06-25 23:39:31,Credit Card
2602,2024-10-08 00:33:06,Credit Card
1329,2025-01-22 12:35:37,Debit Card
1005,2026-04-29 07:24:11,Net Banking
4247,2024-10-05 15:38:36,Debit Card
2041,2025-09-28 10:39:16,Credit Card
2843,2025-08-31 23:09:36,UPI
3865,2025-03-29 07:56:44,Debit Card
4745,2026-02-24 01:48:42,UPI
4082,2026-07-23 08:38:28,UPI
2125,2025-04-21 11:23:51,Net Banking
4612,2024-09-30 07:05:13,Debit Card
3887,2026-06-06 18:44:13,Cash
4958,2026-07-09 10:59:10,UPI
2209,2025-02-13 06:58:33,Net Banking
4647,2026-06-28 01:44:12,UPI
3898,2025-01-20 10:08:22,Cash
1878,2026-05-22 15:34:55,Cash
3059,2025-12-11 01:07:47,UPI
2702,2025-03-08 05:44:58,UPI
4880,2026-07-06 22:22:56,Net Banking
5676,2024-12-12 18:55:24,Cash
1645,2025-07-30 04:40:14,UPI
5419,2025-01-06 19:05:21,Net Banking
1210,2024-12-16 20:29:25,Debit Card
1430,2025-11-30 04:36:07,Credit Card
1812,2025-08-30 19:34:51,Debit Card
4373,2026-02-06 06:52:55,Credit Card
3207,2025-03-18 14:13:41,Cash
2594,2025-07-30 12:41:53,UPI
4836,2025-06-16 12:09:01,Cash
3439,2025-02-05 04:15:31,Cash
4568,2026-05-22 12:57:54,UPI
2684,2025-05-29 11:05:13,Credit Card
2743,2026-02-19 15:03:10,Cash
3459,2025-09-17 16:58:05,Credit Card
3143,2026-04-11 12:23:22,Debit Card
1589,2025-03-25 14:30:46,UPI
2522,2025-10-23 01:55:53,Cash
1479,2025-03-06 20:48:40,Net Banking
3386,2025-11-10 00:17:58,Net Banking
5997,2026-07-28 12:22:54,Credit Card
1193,2025-12-15 15:00:07,UPI
4855,2024-08-10 04:55:32,Credit Card
2047,2024-12-12 21:19:33,Debit Card
2631,2026-02-26 14:10:17,Cash
3062,2026-05-14 05:28:07,Debit Card
3529,2025-08-31 05:57:16,Credit Card
2091,2024-11-03 14:02:29,Net Banking
2609,2026-03-16 11:09:38,UPI
5957,2024-11-29 14:53:53,Debit Card
5675,2026-06-10 14:54:21,Credit Card
5046,2026-04-10 07:41:06,Net Banking
3795,2025-08-22 20:48:01,Net Banking
2948,2025-04-25 16:00:35,Net Banking
3816,2025-10-06 19:44:11,UPI
2607,2025-04-30 07:50:47,Debit Card
4874,2025-12-21 17:28:27,Cash
2860,2026-07-17 20:34:22,Cash
3434,2026-08-06 10:33:00,Cash
4263,2024-12-21 01:13:49,UPI
5125,2026-01-28 23:50:37,Cash
5272,2025-01-03 03:37:13,Net Banking
3428,2024-09-16 05:02:03,Cash
1613,2026-04-11 09:52:06,Credit Card
5942,2025-05-14 23:12:35,Debit Card
5422,2026-06-02 13:47:53,Debit Card
2035,2026-03-23 01:51:03,Credit Card
2809,2025-10-22 11:58:27,Credit Card
2113,2025-12-25 09:45:52,Cash
3593,2025-09-04 00:25:36,Credit Card
5275,2026-02-27 13:14:20,Credit Card
2825,2026-04-10 20:24:23,Debit Card
4885,2025-10-06 17:44:23,UPI
4317,2026-02-21 07:32:38,Net Banking
1035,2026-04-04 10:58:54,Net Banking
3685,2026-04-25 10:11:27,Credit Card
1282,2026-04-15 00:36:25,UPI
1991,2026-03-24 06:05:10,UPI
2780,2025-02-01 23:19:27,Debit Card
4105,2025-04-11 05:13:32,UPI
1146,2026-03-02 01:22:22,Credit Card
1757,2025-09-11 10:50:18,Cash
1475,2026-01-18 21:56:53,UPI
1786,2026-01-12 09:11:58,Debit Card
1628,2026-02-22 17:11:03,Net Banking
2706,2025-06-20 02:25:14,Cash
1799,2024-09-28 15:42:50,Credit Card
4083,2025-12-06 19:36:21,Credit Card
5906,2026-08-07 14:21:44,Cash
1482,2026-01-18 00:56:22,Net Banking
3791,2026-01-18 11:37:01,UPI
4449,2025-01-04 04:33:28,UPI
2803,2026-06-04 12:10:46,UPI
5183,2025-01-23 02:41:40,Credit Card
3265,2025-05-12 20:47:09,Cash
2508,2025-11-03 04:28:24,Cash
4805,2025-12-06 12:17:11,Cash
2073,2024-11-13 04:17:18,Debit Card
3136,2026-02-03 09:39:07,Credit Card
2631,2026-03-24 22:57:38,Cash
2372,2026-07-16 16:39:04,Debit Card
3951,2025-02-24 22:40:39,Net Banking
3017,2025-06-27 20:44:28,Cash
2262,2024-09-20 12:34:30,Credit Card
1973,2025-05-03 03:25:52,Debit Card
5607,2025-09-30 13:10:52,UPI
1681,2025-06-28 22:48:03,Cash
2190,2024-11-16 12:27:56,Cash
2520,2025-10-05 19:26:20,Credit Card
3214,2024-11-30 03:30:35,Credit Card
4153,2024-09-03 10:55:39,Net Banking
5423,2025-07-26 02:02:02,Credit Card
5995,2025-03-01 19:22:52,Debit Card
3035,2026-04-09 22:01:58,UPI
3498,2026-05-20 03:53:04,Net Banking
2427,2025-01-17 19:46:49,Net Banking
2018,2025-01-23 05:13:09,Net Banking
3644,2026-04-17 07:24:00,Debit Card
2800,2026-04-07 05:36:29,Net Banking
3909,2026-05-16 21:13:14,Credit Card
5153,2025-10-05 17:51:40,UPI
4261,2025-07-30 06:36:47,Net Banking
4237,2026-04-08 05:14:17,Credit Card
4469,2024-11-21 03:24:58,Debit Card
2506,2024-09-17 20:04:49,Credit Card
5549,2024-09-09 13:47:39,Cash
3635,2025-10-17 16:39:58,Debit Card
1757,2025-10-04 17:46:03,Cash
5004,2026-02-11 03:25:06,UPI
3104,2025-10-05 09:51:22,Cash
1365,2025-10-28 18:06:13,Net Banking
2739,2025-09-10 08:17:22,Cash
3856,2026-03-08 16:41:54,Cash
1174,2024-08-15 21:26:27,Credit Card
5847,2026-06-02 20:57:39,Cash
2096,2025-02-28 02:15:09,Cash
2530,2024-10-25 07:45:19,Debit Card
2737,2024-12-31 08:20:05,Debit Card
5667,2025-06-26 03:36:57,Credit Card
5493,2026-07-25 05:17:26,Cash
3181,2026-02-13 17:44:56,Debit Card
5078,2024-10-15 07:38:55,Net Banking
4815,2026-01-28 19:05:30,Net Banking
2722,2025-05-30 09:17:14,Credit Card
3991,2026-07-12 22:51:54,Net Banking
4699,2026-05-04 02:24:17,Debit Card
2599,2026-02-15 22:04:27,Net Banking
5282,2024-09-18 16:32:49,UPI
1657,2025-09-26 00:21:59,Net Banking
2193,2026-03-20 01:07:41,Net Banking
2940,2025-04-17 10:11:57,Cash
2089,2025-12-23 07:40:23,Cash
3607,2025-02-26 02:41:09,Debit Card
4157,2026-05-14 00:06:25,UPI
3391,2025-08-09 21:07:12,Net Banking
4514,2026-01-23 21:23:49,Credit Card
5561,2026-03-29 00:37:41,Net Banking
2013,2024-11-12 08:36:29,UPI
2222,2025-08-11 07:55:05,Credit Card
5281,2025-08-06 02:07:29,Credit Card
5795,2025-09-29 15:16:16,Credit Card
3008,2025-05-21 19:29:13,Debit Card
4483,2024-09-22 15:08:47,Debit Card
4478,2025-01-21 04:13:27,UPI
1178,2026-02-24 21:23:57,UPI
5759,2024-12-01 05:28:22,Debit Card
1913,2024-09-03 12:39:35,Debit Card
3921,2025-09-23 07:38:41,Net Banking
2517,2024-12-14 21:44:30,UPI
2464,2024-12-08 11:11:50,Cash
4238,2025-04-15 17:44:57,Credit Card
1067,2025-07-20 07:01:53,UPI
1516,2026-03-17 05:57:31,Net Banking
1338,2025-03-05 12:55:13,Credit Card
5038,2025-07-30 22:09:08,UPI
2109,2026-06-09 04:37:35,UPI
3216,2024-10-25 09:51:27,Cash
4377,2025-06-20 18:59:48,Net Banking
1782,2025-07-13 03:41:08,Debit Card
1163,2025-05-11 02:43:57,Debit Card
4873,2025-04-11 17:10:08,UPI
1971,2026-06-07 20:33:49,Net Banking
5345,2026-05-06 04:28:13,Net Banking
3409,2024-10-25 02:50:11,Net Banking
1153,2025-01-28 20:05:00,Net Banking
2018,2024-09-03 05:43:57,Debit Card
3866,2026-01-04 19:45:16,UPI
4100,2026-07-31 01:03:09,UPI
5803,2026-01-31 12:21:49,Credit Card
4449,2025-02-17 12:05:11,UPI
4137,2025-08-02 22:38:16,Cash
5199,2026-06-02 13:27:58,Debit Card
3900,2024-11-13 21:04:52,UPI
1538,2025-12-29 13:30:58,Cash
3521,2026-02-06 00:45:44,Debit Card
2346,2025-11-20 22:02:30,Cash
3284,2026-03-23 02:56:41,Credit Card
4853,2024-12-17 14:54:02,Cash
1506,2025-03-11 10:26:54,Net Banking
3526,2025-01-02 08:36:50,Credit Card
2318,2025-12-25 00:21:10,Credit Card
5245,2025-01-29 11:53:08,Net Banking
2470,2025-08-27 15:34:02,UPI
2527,2024-09-09 17:53:51,Net Banking
3674,2024-11-04 17:28:15,Net Banking
2774,2026-04-01 05:18:13,Credit Card
5472,2025-09-20 22:55:56,Credit Card
5615,2025-04-12 11:47:13,UPI
2517,2025-07-19 07:01:38,Credit Card
3289,2024-11-14 06:41:46,Debit Card
4645,2026-03-04 16:02:07,Cash
5914,2025-04-27 13:28:15,UPI
4776,2026-03-09 07:48:25,Net Banking
5729,2025-11-25 10:58:45,Credit Card
4829,2026-07-11 14:20:58,Cash
2096,2025-11-02 10:50:30,UPI
4196,2025-01-29 08:00:26,Net Banking
5908,2024-08-10 03:43:52,Net Banking
2778,2026-01-25 02:34:57,Debit Card
2849,2024-09-20 19:38:48,Credit Card
4959,2026-03-02 13:29:27,Cash
4792,2026-04-02 20:14:51,UPI
3234,2026-04-06 02:41:57,UPI
2800,2024-12-26 15:56:48,Cash
1822,2025-05-04 01:33:52,Credit Card
5422,2024-11-17 12:03:54,UPI
4580,2026-04-15 13:11:21,Debit Card
3613,2025-04-27 20:39:12,UPI
5224,2025-09-29 02:13:20,Cash
4870,2025-07-25 23:45:59,Net Banking
1277,2025-06-08 09:09:12,UPI
4114,2025-07-31 12:49:10,Debit Card
3194,2024-08-10 16:06:39,Debit Card
3192,2025-07-02 06:10:27,Debit Card
3952,2024-09-24 02:08:12,UPI
2996,2025-09-12 13:56:16,Debit Card
3455,2025-06-26 18:03:31,Cash
5611,2025-10-06 14:56:16,Credit Card
2053,2025-05-01 22:05:25,Credit Card
3134,2026-03-16 08:56:37,UPI
4109,2025-06-12 06:47:10,Net Banking
4412,2024-08-27 13:40:23,Debit Card
1271,2026-08-04 22:03:35,Cash
3473,2025-07-23 17:54:32,Debit Card
4465,2025-05-09 14:18:38,UPI
5886,2024-11-07 22:18:12,UPI
5391,2024-09-27 23:42:53,UPI
2920,2025-01-20 16:22:01,Net Banking
1789,2025-07-06 01:54:43,Cash
5840,2026-06-29 02:25:54,Debit Card
4134,2025-08-01 13:21:46,Cash
2502,2026-06-07 07:10:59,Debit Card
3541,2025-07-28 11:46:05,Debit Card
4519,2025-08-09 15:28:37,UPI
2843,2024-10-31 10:40:34,UPI
1938,2025-02-27 21:22:15,Debit Card
2980,2024-12-17 19:53:07,Cash
1489,2025-02-19 23:27:54,Cash
4225,2026-01-21 15:24:32,Debit Card
2045,2025-02-02 06:47:23,Cash
2862,2025-03-09 00:10:24,UPI
1043,2024-12-21 19:42:47,Net Banking
3158,2025-12-30 21:50:04,Debit Card
1895,2025-06-12 16:10:46,Debit Card
3391,2026-03-15 07:57:00,Net Banking
2611,2024-11-05 03:45:09,Debit Card
2782,2025-11-09 00:50:55,Credit Card
2311,2024-12-10 23:25:46,Credit Card
4523,2024-09-13 11:36:24,Cash
5731,2024-10-16 16:16:22,Net Banking
5665,2025-10-01 01:40:16,Debit Card
5170,2025-06-06 17:18:42,Cash
4261,2026-01-08 15:27:20,Net Banking
4034,2024-12-10 09:34:03,Debit Card
1124,2025-06-21 06:35:01,UPI
3908,2026-04-24 04:20:16,Credit Card
4247,2026-04-13 16:34:59,UPI
4181,2026-03-05 11:05:12,Credit Card
2393,2026-05-13 18:20:36,Debit Card
3894,2026-05-04 08:57:57,Cash
3598,2025-08-17 20:10:45,Cash
2346,2025-05-30 19:11:38,UPI
4614,2026-03-20 14:17:29,UPI
1387,2024-09-24 10:24:40,Net Banking
1839,2026-01-15 21:30:11,UPI
5931,2026-04-26 23:29:10,UPI
3475,2026-04-23 09:24:49,Credit Card
2549,2024-09-02 00:35:46,Credit Card
4705,2024-08-12 10:56:10,UPI
3036,2025-01-13 08:49:07,Debit Card
3834,2025-12-23 09:10:05,Cash
3322,2024-12-06 21:59:11,Debit Card
4822,2026-05-26 23:27:22,UPI
5860,2026-02-26 05:47:52,Debit Card
5900,2026-04-27 21:37:42,Cash
3804,2026-02-16 16:50:47,UPI
2974,2025-08-03 14:26:54,Debit Card
5571,2024-11-10 01:46:14,UPI
3998,2025-12-30 14:09:44,Cash
3940,2026-04-03 17:16:22,Debit Card
1037,2024-09-15 02:39:47,UPI
5280,2024-10-27 01:29:49,UPI
2368,2024-11-30 01:24:22,Credit Card
1749,2024-08-30 09:22:04,Net Banking
1160,2026-02-26 08:11:59,Net Banking
1472,2024-08-18 19:00:24,Credit Card
5290,2024-12-29 20:38:55,Debit Card
2831,2024-08-23 23:33:48,Debit Card
1468,2025-07-10 16:40:36,Credit Card
3543,2026-03-16 02:28:57,Cash
3867,2025-11-05 06:44:42,Cash
1749,2025-12-07 00:04:20,Debit Card
1204,2025-03-03 10:21:05,Debit Card
2490,2026-02-18 01:46:28,Cash
2030,2024-12-10 20:30:14,Net Banking
4374,2026-07-15 16:59:56,Net Banking
1908,2026-03-05 19:42:43,UPI
1359,2025-02-11 13:55:39,Cash
5764,2025-07-02 18:14:35,Debit Card
3220,2025-05-16 19:57:22,Cash
2185,2025-12-04 22:16:13,Debit Card
4742,2025-09-28 11:00:14,Cash
5005,2025-06-09 23:28:17,Credit Card
1240,2024-11-16 18:15:38,Cash
5691,2026-06-17 02:21:40,Net Banking
4316,2024-08-25 14:20:38,Credit Card
3390,2026-06-23 21:38:49,Cash
2888,2026-02-02 03:15:51,Debit Card
2587,2025-06-03 09:33:20,Cash
2525,2026-04-08 21:37:50,UPI
1396,2025-06-08 20:29:16,UPI
4613,2026-02-13 01:33:52,Credit Card
1647,2025-08-23 08:59:17,Cash
1584,2026-02-05 20:22:59,Debit Card
5826,2024-08-26 14:33:55,UPI
3974,2026-07-14 05:05:59,Net Banking
3367,2025-01-30 20:38:08,Credit Card
5773,2024-11-08 15:05:16,Credit Card
1423,2025-08-27 11:25:50,UPI
4074,2025-09-07 02:58:26,UPI
3589,2025-02-01 05:06:27,Net Banking
2411,2025-07-10 09:28:25,Net Banking
1687,2025-11-04 21:38:54,Cash
2839,2025-07-18 01:10:53,Net Banking
4772,2024-10-04 01:14:00,UPI
5769,2026-07-02 13:38:22,UPI
5493,2026-05-04 22:28:30,Credit Card
5163,2024-08-24 19:20:58,Net Banking
1089,2025-05-23 09:56:36,Credit Card
2499,2025-10-12 13:30:33,Debit Card
3231,2024-11-02 15:25:32,Debit Card
3580,2025-04-05 16:41:57,UPI
4058,2025-02-16 04:02:42,Debit Card
2372,2025-04-24 11:54:01,Net Banking
5765,2025-11-12 02:37:21,Debit Card
1695,2026-07-07 16:54:37,Debit Card
5214,2025-12-29 16:59:41,Credit Card
1495,2025-09-01 05:39:38,Credit Card
4210,2026-03-03 00:43:12,UPI
5859,2025-04-02 05:20:27,UPI
3498,2026-01-12 08:11:58,Debit Card
2112,2025-01-24 01:19:14,UPI
3745,2025-02-27 09:35:47,Credit Card
5317,2025-05-07 08:19:07,Cash
4928,2025-09-16 17:58:22,Net Banking
3943,2025-08-21 08:01:54,Credit Card
2474,2026-04-06 12:52:25,Credit Card
1892,2026-03-27 14:17:30,Credit Card
1703,2025-12-10 05:32:34,Debit Card
5632,2025-04-12 15:58:16,Cash
3706,2026-01-21 16:56:10,Cash
4235,2025-04-17 03:26:37,Net Banking
4992,2024-10-11 18:29:43,Debit Card
4487,2025-08-05 17:20:38,Cash
5494,2025-09-30 00:56:20,Debit Card
4241,2026-06-30 02:34:28,Debit Card
5537,2025-10-10 00:08:42,Credit Card
5852,2024-11-23 09:07:49,Debit Card
1204,2025-03-22 14:08:04,Credit Card
4444,2026-01-26 14:57:53,Net Banking
4279,2025-03-23 01:31:08,Credit Card
2818,2025-03-17 15:03:44,Debit Card
4340,2024-12-15 21:31:19,Cash
2913,2026-01-14 01:56:00,Debit Card
1552,2025-01-18 16:18:41,Credit Card
5314,2025-08-02 06:10:33,Cash
5037,2026-03-31 06:44:34,Debit Card
2586,2025-01-06 12:51:51,Debit Card
2510,2026-03-19 17:22:29,UPI
4122,2025-05-08 09:38:37,Net Banking
2541,2025-04-07 05:41:16,Credit Card
1671,2025-08-02 11:42:08,Credit Card
3492,2025-02-12 01:09:47,Cash
1381,2025-05-05 19:29:08,Cash
4443,2024-10-09 14:38:52,UPI
2478,2026-01-29 21:35:08,Credit Card
1604,2025-09-26 00:54:36,Net Banking
4856,2026-06-03 20:58:43,Debit Card
3083,2026-03-21 10:26:03,Credit Card
2448,2025-04-10 12:46:35,Cash
5127,2026-07-02 06:22:34,Cash
4807,2026-07-22 08:52:48,Debit Card
2293,2024-11-13 03:07:04,UPI
5309,2024-09-23 09:21:29,Cash
2224,2024-11-29 22:32:50,Debit Card
4337,2026-03-17 20:18:26,Debit Card
1171,2026-04-11 20:12:51,Net Banking
2179,2024-09-25 06:21:02,Cash
3339,2025-11-16 06:18:53,Net Banking
3481,2025-08-30 08:40:49,Cash
1307,2025-10-12 20:08:21,Credit Card
3568,2024-10-16 15:00:19,Cash
4802,2025-09-21 18:07:57,Credit Card
4070,2025-08-27 05:48:07,UPI
2024,2024-08-12 13:35:39,Credit Card
1281,2025-02-04 05:58:29,UPI
4139,2025-04-06 04:27:16,Cash
5016,2026-04-02 17:49:58,Credit Card
3537,2025-05-26 05:53:41,Credit Card
5994,2025-08-06 09:24:49,Debit Card
2544,2025-05-22 09:44:21,Cash
5571,2025-12-08 15:56:14,Credit Card
4122,2025-01-20 08:35:18,UPI
2032,2025-08-17 22:46:13,Cash
4485,2026-01-11 13:21:27,Cash
3209,2025-08-22 08:03:14,UPI
4796,2025-09-27 12:13:35,Credit Card
5316,2025-04-06 20:20:15,Net Banking
4508,2025-01-02 14:07:29,Net Banking
3547,2025-07-19 22:24:45,Cash
3287,2025-01-07 15:00:56,Net Banking
3070,2025-06-26 17:35:59,Debit Card
5686,2024-11-02 23:29:39,UPI
4746,2025-01-09 04:02:27,Net Banking
4130,2026-03-02 05:36:31,Cash
4321,2024-10-30 11:07:19,Credit Card
2131,2025-01-31 07:17:12,Cash
5380,2026-04-19 08:34:15,Cash
2036,2025-02-10 22:12:30,Cash
1921,2025-08-10 04:34:45,Net Banking
4901,2026-03-02 22:01:48,Credit Card
3432,2024-12-22 08:35:33,Cash
2287,2024-08-14 20:32:52,Net Banking
2788,2024-10-30 02:44:42,Debit Card
3561,2026-07-26 06:16:10,Cash
5484,2025-10-26 11:09:05,UPI
4835,2026-02-22 13:20:29,Cash
4973,2025-10-19 00:59:26,UPI
2234,2026-03-07 19:04:31,Cash
5349,2024-10-16 02:50:24,Net Banking
2697,2025-05-14 08:03:00,Net Banking
1634,2026-04-10 15:15:10,Credit Card
3568,2025-05-01 11:11:42,Net Banking
5383,2024-08-24 15:47:31,Cash
1149,2025-05-15 12:23:34,Debit Card
3171,2025-01-22 17:21:12,Cash
5198,2024-12-12 22:58:54,Debit Card
1468,2026-05-26 20:26:05,Debit Card
2352,2024-08-07 19:59:16,UPI
1861,2024-12-20 23:00:25,Cash
1897,2025-04-10 12:27:21,Credit Card
4991,2025-05-28 02:39:20,Debit Card
5754,2025-12-05 21:51:16,Net Banking
5977,2024-09-29 06:03:21,Credit Card
3230,2025-06-26 07:52:21,Net Banking
3167,2025-10-18 18:48:12,UPI
3988,2026-01-05 00:10:11,Debit Card
4543,2024-10-29 20:55:48,UPI
4316,2024-10-14 15:34:34,Net Banking
4411,2024-08-14 23:46:38,UPI
1610,2025-05-23 16:39:36,Credit Card
1649,2025-02-07 19:22:07,Net Banking
1690,2025-11-08 17:45:25,Debit Card
5643,2025-04-14 20:49:29,Net Banking
3151,2026-04-12 20:24:17,UPI
4304,2025-03-03 14:04:17,Cash
4846,2024-11-02 17:21:26,Net Banking
5395,2026-02-04 09:15:27,Credit Card
4170,2026-01-26 13:38:11,Net Banking
3954,2025-11-10 20:01:31,Credit Card
3159,2025-11-08 22:45:54,Cash
2345,2024-10-14 03:02:02,Net Banking
3406,2024-10-20 18:50:57,Net Banking
1165,2026-07-12 15:38:26,Credit Card
2241,2025-07-03 15:03:13,Net Banking
2350,2026-01-29 11:25:56,Cash
2195,2026-06-16 22:07:47,Credit Card
2971,2025-05-25 23:12:39,Cash
5771,2025-11-02 04:31:39,Credit Card
2319,2025-09-15 20:52:55,UPI
4274,2025-06-24 04:21:01,Credit Card
1225,2025-04-21 18:51:19,UPI
2811,2026-06-17 14:14:19,Debit Card
1662,2026-05-14 04:42:01,Net Banking
4266,2025-03-28 14:09:49,Cash
4774,2026-01-08 12:01:10,UPI
1061,2025-01-23 05:24:41,Cash
2151,2025-02-20 23:17:42,Debit Card
4164,2025-08-07 03:27:43,Debit Card
4761,2025-06-17 02:46:05,Debit Card
2163,2026-04-26 12:15:30,Credit Card
5492,2026-04-19 21:08:12,Cash
5249,2025-09-13 22:15:11,Net Banking
5262,2025-09-12 12:30:46,Debit Card
5437,2025-03-24 01:08:42,Debit Card
4130,2026-05-05 13:08:06,UPI
4509,2024-11-06 00:14:54,Net Banking
1365,2025-09-12 07:27:12,Credit Card
5107,2025-04-19 09:31:55,Cash
5050,2025-09-21 11:00:15,Cash
2520,2025-03-31 06:10:56,Cash
2693,2026-05-24 17:29:23,Cash
2822,2025-02-11 23:55:46,Debit Card
2646,2026-03-25 12:54:38,Net Banking
4633,2026-04-20 18:39:35,Credit Card
4205,2025-06-26 21:06:47,UPI
2415,2025-09-02 23:55:43,Net Banking
4792,2024-10-09 14:34:11,Debit Card
3615,2025-01-28 01:37:56,Net Banking
1237,2024-08-12 19:18:05,Credit Card
2942,2025-11-10 10:07:31,Debit Card
5818,2025-05-19 20:43:29,Net Banking
4681,2024-09-19 17:29:46,Net Banking
1288,2025-03-24 23:56:41,Credit Card
1794,2024-10-22 11:35:27,Net Banking
5722,2026-02-26 01:19:42,Debit Card
4076,2025-10-14 11:46:26,Cash
4507,2026-04-07 03:56:23,Net Banking
3938,2026-05-21 18:49:25,Net Banking
2620,2025-04-29 10:32:46,UPI
4379,2025-06-10 10:30:56,UPI
5026,2024-08-08 10:56:21,Debit Card
1394,2025-02-08 15:08:34,Credit Card
4887,2025-06-11 08:38:32,Cash
3874,2024-08-21 11:37:09,Debit Card
1406,2024-10-24 04:30:06,Net Banking
5937,2025-12-02 17:50:44,Cash
4644,2024-09-01 05:29:26,Debit Card
1669,2025-04-19 23:55:29,Cash
2579,2025-04-21 02:39:27,Credit Card
3209,2025-08-13 12:03:40,UPI
2172,2026-06-22 03:10:48,Credit Card
4450,2025-01-29 20:25:04,Cash
5488,2025-05-14 15:09:15,Cash
1253,2026-07-25 00:13:08,Cash
1992,2025-10-06 07:24:55,UPI
3308,2025-05-11 22:06:18,Net Banking
5034,2024-08-22 07:22:03,Net Banking
1873,2026-04-15 02:42:32,Net Banking
3454,2025-04-15 04:06:32,Debit Card
2889,2025-01-30 08:42:52,UPI
5853,2025-12-16 19:29:44,UPI
1136,2026-05-01 16:10:36,Cash
1634,2026-07-20 07:05:31,Debit Card
4012,2026-07-19 20:07:19,Cash
1458,2025-02-06 13:54:39,Credit Card
5117,2024-12-28 14:42:39,Credit Card
5613,2025-10-14 17:22:36,Debit Card
1797,2025-08-01 01:41:08,Debit Card
4478,2025-11-04 16:11:15,Credit Card
2865,2025-01-18 06:07:20,Cash
4606,2025-10-21 15:37:27,Credit Card
4879,2024-10-29 07:12:48,Debit Card
2374,2025-10-21 20:39:38,Net Banking
4235,2024-10-17 13:41:57,Cash
5248,2025-10-19 20:00:44,Debit Card
2462,2026-02-21 18:59:28,Net Banking
2273,2025-05-14 18:08:17,Cash
2026,2026-02-11 06:03:25,Credit Card
5974,2025-07-08 03:16:25,Net Banking
1382,2024-12-15 18:44:29,Debit Card
4856,2026-06-21 16:41:29,Credit Card
3378,2024-08-13 10:07:29,Credit Card
2318,2025-03-13 09:42:50,Credit Card
4747,2026-03-18 03:52:25,Credit Card
3983,2024-11-27 08:17:45,Debit Card
5992,2026-04-07 22:35:50,UPI
3576,2025-01-05 11:56:45,Credit Card
1266,2024-12-09 01:59:06,Net Banking
1221,2024-09-07 04:05:34,Cash
4924,2025-02-05 16:42:16,Debit Card
3519,2026-05-10 00:30:11,Net Banking
1567,2026-04-26 04:11:27,Debit Card
5542,2025-04-03 18:47:21,Cash
3570,2025-09-08 06:24:27,UPI
4169,2025-10-27 02:24:21,Debit Card
3650,2026-07-25 03:44:18,Credit Card
5914,2026-05-21 07:22:39,UPI
2364,2024-10-30 01:33:36,Debit Card
2276,2025-12-31 18:13:23,Net Banking
2482,2025-05-02 13:04:01,Net Banking
1822,2025-02-13 21:03:16,Credit Card
2727,2025-09-11 01:02:17,Cash
4163,2026-01-24 19:05:21,Net Banking
2526,2025-12-27 06:56:14,Credit Card
3973,2025-01-24 08:39:19,UPI
4642,2025-08-09 17:26:07,UPI
2919,2025-04-05 06:35:01,UPI
2685,2026-04-05 00:45:48,UPI
2785,2026-01-18 06:34:24,Net Banking
4731,2025-11-26 21:00:02,Debit Card
4158,2025-08-25 14:35:44,Cash
1106,2024-09-06 14:11:02,Cash
2672,2025-06-23 16:22:06,Debit Card
3323,2025-12-13 07:21:47,Net Banking
5992,2024-10-02 23:20:36,Net Banking
5958,2025-10-06 11:35:59,UPI
1728,2025-12-13 09:10:04,Debit Card
1605,2024-09-19 22:33:26,Debit Card
3566,2024-11-21 11:49:09,Credit Card
5713,2025-11-12 06:25:55,Net Banking
5291,2025-03-27 20:21:53,Debit Card
5220,2026-04-01 23:13:19,UPI
2182,2025-11-16 22:17:47,Debit Card
3761,2025-09-22 20:42:34,Credit Card
2890,2024-10-20 21:14:15,Debit Card
1649,2025-11-24 21:36:28,UPI
5955,2024-09-23 15:46:24,Net Banking
5752,2026-03-18 17:28:42,Debit Card
5102,2026-07-06 18:58:43,Net Banking
3457,2026-03-10 12:28:15,Net Banking
2923,2026-03-10 00:50:55,Cash
5538,2026-07-06 06:39:19,Net Banking
4532,2025-07-13 11:37:34,Cash
4824,2025-08-22 02:34:28,Debit Card
5759,2025-01-07 01:25:38,UPI
1153,2024-10-07 21:54:48,Debit Card
4513,2024-11-07 15:11:26,Credit Card
4941,2026-04-02 21:05:53,Net Banking
5384,2024-08-08 02:31:15,UPI
3181,2025-08-07 16:29:42,Credit Card
1020,2025-12-30 13:20:39,Credit Card
4054,2025-03-22 03:10:38,UPI
1522,2026-02-20 11:00:43,Cash
4076,2026-02-09 11:52:37,Credit Card
3748,2026-05-27 17:28:17,Net Banking
5185,2026-04-19 15:16:58,Net Banking
2869,2025-04-19 09:07:12,Credit Card
2688,2024-08-28 20:20:23,Net Banking
1384,2024-12-25 01:48:25,UPI
1993,2025-05-23 18:45:12,Net Banking
3434,2025-01-21 09:21:25,UPI
2838,2026-03-05 10:15:30,Cash
2317,2024-09-18 07:32:27,Cash
2981,2024-11-09 11:54:58,UPI
3802,2024-11-28 17:56:46,Credit Card
4077,2025-04-21 18:59:59,UPI
3231,2026-08-04 17:23:35,Net Banking
3663,2024-10-23 19:50:32,Cash
5292,2025-12-21 20:26:32,Credit Card
4192,2026-08-05 12:40:44,UPI
5272,2026-07-14 08:38:11,Cash
1896,2025-11-18 14:09:32,UPI
4160,2025-04-26 04:28:05,Debit Card
1965,2026-07-21 21:40:45,Net Banking
3876,2024-08-19 00:37:30,UPI
3990,2024-10-20 21:02:49,Cash
3358,2024-11-25 19:05:37,Net Banking
1167,2025-12-09 16:01:53,Net Banking
5196,2025-09-13 13:17:55,Cash
4953,2025-02-16 11:01:41,Debit Card
1715,2025-05-24 21:45:35,UPI
1505,2024-10-14 18:05:36,Credit Card
4748,2025-07-13 09:53:01,UPI
2384,2025-11-09 22:05:05,Credit Card
3601,2026-01-02 01:10:02,UPI
2808,2024-10-08 15:57:10,Net Banking
5626,2025-05-28 23:27:15,UPI
5591,2025-12-22 00:30:35,Net Banking
2455,2026-06-26 00:18:17,Credit Card
1306,2025-09-04 22:25:01,UPI
4416,2025-12-17 02:22:51,UPI
4759,2025-01-15 19:30:49,Credit Card
1951,2025-06-02 07:12:42,UPI
5287,2024-10-20 18:00:48,Credit Card
3625,2025-10-21 05:47:44,UPI
5288,2025-10-06 20:54:04,Debit Card
1049,2025-06-28 20:16:12,Cash
4669,2026-07-18 23:32:20,UPI
3758,2024-12-26 05:05:06,Debit Card
2170,2025-09-14 21:22:40,Debit Card
3657,2025-07-26 15:43:31,Credit Card
1180,2025-03-09 17:05:56,Debit Card
1139,2026-01-04 13:27:30,Net Banking
1640,2024-11-18 01:32:46,Cash
4380,2026-03-25 22:46:58,UPI
2077,2026-03-18 16:10:01,Cash
3325,2024-08-18 03:32:15,Cash
4797,2026-01-04 22:41:27,Cash
1955,2026-01-08 12:59:28,Cash
4048,2025-10-05 04:06:50,Cash
2244,2025-06-02 17:42:41,Credit Card
2156,2026-07-18 09:50:02,Credit Card
1174,2024-10-13 21:03:32,Net Banking
1119,2026-02-12 07:22:43,Debit Card
3065,2026-04-18 23:32:34,Credit Card
4213,2026-03-09 02:25:29,UPI
4691,2025-04-10 19:45:40,Debit Card
1479,2026-01-09 03:08:56,Net Banking
1213,2025-05-21 17:59:04,UPI
5416,2025-05-26 07:58:29,Net Banking
3538,2025-06-30 10:29:15,Credit Card
5109,2025-05-11 11:02:16,Debit Card
5018,2026-07-16 21:08:31,Net Banking
3586,2024-12-28 03:44:37,Credit Card
1719,2024-12-13 13:36:39,Debit Card
5627,2025-05-06 22:17:07,Cash
3450,2026-04-28 18:31:22,Cash
2419,2025-06-19 02:39:19,Credit Card
2731,2025-04-14 19:48:11,UPI
1787,2025-02-28 18:32:46,UPI
5257,2025-12-03 11:51:54,Net Banking
1409,2025-11-01 04:36:14,UPI
4172,2025-10-06 19:44:21,Net Banking
3212,2026-08-06 11:36:17,UPI
1007,2025-07-05 09:35:12,UPI
1873,2025-05-15 13:54:28,Debit Card
2928,2025-10-24 08:47:01,Debit Card
5209,2024-08-12 17:44:49,UPI
5525,2025-06-20 08:57:17,UPI
5488,2025-12-12 13:38:20,UPI
3137,2026-05-24 08:44:55,Debit Card
4984,2026-02-09 19:53:04,Debit Card
4730,2024-10-26 10:21:50,Net Banking
1271,2025-04-10 14:26:27,Debit Card
5623,2024-10-21 11:24:48,Net Banking
2903,2025-07-09 17:40:02,Cash
3537,2024-09-07 13:37:10,UPI
2520,2026-05-05 07:18:01,Cash
3969,2026-03-19 01:18:32,Net Banking
3679,2026-07-11 01:06:48,Net Banking
1690,2024-10-03 04:30:35,UPI
1019,2026-07-28 07:14:15,Credit Card
2570,2025-07-26 22:58:36,Cash
2959,2024-08-20 21:32:08,Debit Card
1647,2025-01-21 06:28:20,Cash
1747,2026-01-21 15:40:05,Cash
3223,2026-01-18 14:09:29,Net Banking
4109,2024-10-16 18:40:03,Net Banking
3683,2025-05-04 02:38:47,UPI
5785,2026-03-17 03:59:57,Debit Card
5096,2025-08-21 06:25:55,UPI
3692,2026-03-02 05:00:14,UPI
1274,2025-10-18 04:07:42,Credit Card
2989,2025-10-20 12:40:44,Cash
5133,2025-03-31 09:15:33,Cash
1345,2025-09-17 11:08:20,Net Banking
2483,2025-09-29 14:15:24,Net Banking
5761,2026-01-07 11:27:22,Cash
5006,2026-05-19 12:47:42,Debit Card
1076,2025-03-23 01:33:41,Cash
5874,2025-11-15 12:52:11,Debit Card
4460,2026-05-12 23:53:22,Credit Card
2188,2025-06-05 01:08:42,Debit Card
1861,2024-12-16 02:35:56,Cash
3345,2026-01-21 05:18:13,Debit Card
1450,2026-07-23 14:14:56,UPI
2297,2025-02-19 14:00:53,Credit Card
5847,2026-03-04 18:23:58,Cash
5797,2025-11-22 15:08:38,Debit Card
2243,2025-02-23 13:45:24,Debit Card
2010,2025-03-11 19:39:42,UPI
4358,2026-02-28 16:51:29,UPI
5607,2025-04-03 21:33:53,UPI
4909,2026-02-26 04:00:33,Debit Card
3195,2025-07-22 16:26:37,Debit Card
4266,2026-02-13 03:33:14,Cash
5691,2026-03-13 20:51:26,UPI
3905,2026-03-22 12:10:51,UPI
1731,2024-12-03 20:23:10,UPI
1148,2025-10-15 07:30:29,Credit Card
5173,2026-04-15 20:57:58,Cash
2042,2026-06-10 14:28:16,Net Banking
5678,2025-02-19 02:40:48,Credit Card
3055,2024-11-19 11:52:32,Credit Card
4528,2025-07-24 15:03:33,UPI
4112,2025-03-25 17:13:06,UPI
4584,2026-06-19 06:54:09,Credit Card
5582,2024-10-30 21:08:22,Credit Card
1872,2026-01-06 22:05:30,Credit Card
2706,2024-12-10 01:14:54,Credit Card
4385,2026-03-12 01:05:15,Net Banking
5370,2025-06-09 17:42:13,Credit Card
4786,2025-10-13 21:27:54,Credit Card
2794,2026-06-20 23:41:19,Cash
3623,2025-03-22 18:52:57,Net Banking
5711,2025-09-13 21:02:47,Cash
1481,2024-09-05 08:57:28,UPI
4965,2024-08-09 21:42:31,Cash
3181,2025-05-12 10:11:31,Net Banking
1817,2025-05-04 10:08:28,Net Banking
4059,2026-02-28 17:23:50,Cash
1164,2025-12-18 08:10:23,UPI
2712,2025-02-21 12:17:47,Credit Card
2288,2026-06-05 02:49:57,Credit Card
4633,2025-11-25 09:53:33,Cash
4588,2025-06-14 18:32:31,Credit Card
4253,2024-10-25 14:08:31,Cash
4272,2024-10-01 15:50:12,Cash
5175,2024-10-24 12:33:40,Credit Card
1429,2025-01-10 05:04:43,Debit Card
2922,2025-11-30 03:10:04,Debit Card
2851,2026-02-25 16:22:29,Credit Card
1628,2025-11-17 08:21:37,Debit Card
3992,2024-12-21 05:42:42,Net Banking
3567,2025-11-13 09:13:20,Credit Card
3833,2024-11-25 21:29:25,Credit Card
4119,2025-12-11 03:46:33,UPI
2066,2025-10-27 02:21:53,Net Banking
3924,2025-06-22 09:29:25,UPI
5147,2024-08-24 12:53:45,UPI
5907,2026-05-26 06:49:34,Net Banking
4833,2025-03-05 19:33:14,Debit Card
2727,2025-05-01 18:54:10,UPI
4983,2024-11-01 12:09:03,UPI
1058,2025-07-17 01:20:31,Net Banking
4009,2024-12-11 22:49:00,Debit Card
1688,2026-05-27 13:05:39,Net Banking
1325,2025-09-17 13:18:13,Cash
5966,2025-11-20 02:51:57,UPI
2599,2025-06-13 23:07:03,UPI
2819,2025-08-15 01:11:50,Cash
2239,2024-10-26 08:26:10,Cash
4893,2024-11-18 07:38:09,Debit Card
2396,2025-05-11 08:55:28,UPI
4672,2025-04-09 11:16:01,Cash
5902,2026-05-22 23:40:04,Net Banking
2220,2025-11-01 14:42:53,Cash
1356,2025-02-03 06:43:00,Net Banking
1652,2024-11-26 06:13:06,Net Banking
3800,2026-04-21 17:13:14,UPI
4265,2026-04-16 11:34:15,Credit Card
2455,2024-10-15 14:08:42,Net Banking
3459,2024-08-21 15:02:46,Credit Card
5518,2025-04-11 04:33:47,UPI
1019,2025-12-18 09:09:49,Credit Card
5726,2026-02-22 16:43:22,Cash
3498,2025-11-26 05:49:58,Debit Card
3062,2026-06-15 22:23:21,Debit Card
2878,2024-12-06 22:29:30,Cash
3096,2026-03-01 19:15:45,Debit Card
2511,2025-02-25 22:31:43,Net Banking
3428,2024-11-04 08:11:24,Cash
5381,2025-07-17 06:05:04,Net Banking
4223,2024-08-11 19:35:00,Net Banking
3924,2026-02-22 13:25:02,UPI
2475,2025-12-06 15:25:17,UPI
5964,2025-04-09 22:19:49,Net Banking
2001,2025-10-29 11:54:03,UPI
5056,2024-10-10 10:19:32,Debit Card
5963,2026-06-12 07:22:40,Credit Card
2854,2024-12-31 11:38:23,Net Banking
1730,2025-06-30 07:54:08,Debit Card
1806,2025-08-04 15:42:45,UPI
5775,2026-01-10 22:39:30,Debit Card
4625,2025-03-05 03:16:56,Debit Card
5164,2026-01-15 23:00:13,Debit Card
4389,2025-08-02 22:38:27,Net Banking
4603,2025-08-09 09:28:50,Debit Card
5723,2024-09-09 10:57:45,Net Banking
3257,2026-06-30 06:10:02,Credit Card
5986,2026-08-05 00:53:49,Credit Card
4945,2025-03-10 20:34:25,Net Banking
1641,2026-03-27 03:25:38,UPI
1993,2025-04-22 00:35:27,Cash
2524,2025-12-20 04:40:33,Debit Card
5891,2025-04-24 14:21:48,UPI
5146,2026-06-10 01:27:44,UPI
4572,2024-09-28 14:55:10,Debit Card
2291,2025-12-11 08:41:15,Net Banking
3839,2025-06-29 20:09:18,Debit Card
5988,2026-04-23 00:48:43,Cash
1255,2026-04-23 05:08:56,UPI
4902,2025-08-27 17:45:39,Cash
4710,2026-07-11 17:29:44,Cash
4431,2026-06-28 18:17:02,Cash
5640,2025-02-24 13:09:10,Debit Card
2884,2025-12-28 17:05:11,Cash
5657,2024-12-05 12:58:45,UPI
1309,2024-10-16 16:43:29,Credit Card
1505,2024-09-02 10:13:44,Debit Card
5738,2025-01-17 20:09:04,UPI
2128,2025-05-23 09:16:09,UPI
3880,2024-12-08 08:29:36,UPI
5722,2024-09-19 00:05:30,Net Banking
2294,2026-04-01 09:58:53,Cash
5856,2026-06-15 08:52:38,UPI
2537,2025-05-30 16:37:12,Debit Card
1975,2024-11-26 03:29:52,UPI
3907,2026-07-20 14:45:55,Net Banking
1011,2025-05-04 21:39:09,Credit Card
5116,2025-12-06 22:22:36,UPI
5199,2024-11-25 16:22:00,UPI
2093,2025-12-20 02:51:06,Debit Card
2304,2026-01-09 04:13:16,Debit Card
5732,2026-08-07 01:48:06,Cash
1960,2025-09-27 00:07:43,UPI
3197,2024-08-24 21:59:26,Credit Card
4519,2026-01-08 07:55:54,Debit Card
4975,2026-01-19 13:20:57,Net Banking
2957,2024-08-09 05:04:12,UPI
2437,2025-03-26 22:38:17,UPI
4640,2024-11-24 09:20:42,Credit Card
4990,2026-05-31 15:58:03,Credit Card
5496,2026-06-27 06:10:08,Cash
2282,2026-07-15 16:39:23,Debit Card
4704,2025-09-09 11:18:54,Net Banking
3653,2025-01-17 15:08:36,Debit Card
5979,2026-02-17 07:03:57,UPI
4817,2026-01-27 13:39:35,Cash
2357,2026-04-08 08:32:05,UPI
2231,2025-02-04 05:35:04,UPI
3368,2026-03-17 20:49:24,UPI
2614,2025-06-15 12:29:11,Net Banking
2875,2026-05-18 21:00:36,Credit Card
4297,2025-05-28 02:21:51,Cash
2743,2025-10-08 17:03:37,Debit Card
4876,2025-11-11 23:26:28,Debit Card
2563,2025-06-14 01:18:58,UPI
5079,2025-04-03 03:24:19,Credit Card
2026,2025-03-15 18:58:49,Cash
4543,2026-02-22 13:07:59,Debit Card
2994,2024-11-25 10:04:41,Net Banking
3686,2025-12-31 05:20:32,Net Banking
2136,2026-04-27 19:30:19,Net Banking
5642,2026-04-05 22:20:26,Debit Card
2957,2025-03-27 03:32:55,UPI
5229,2026-06-24 22:01:50,Net Banking
1229,2025-04-03 12:30:03,Net Banking
4746,2025-07-30 01:35:22,Credit Card
3584,2026-01-01 17:16:01,UPI
4072,2025-05-16 21:08:33,Credit Card
5495,2025-04-09 09:26:35,Debit Card
2039,2026-03-21 18:18:46,Credit Card
1017,2024-12-11 04:15:57,Debit Card
3169,2025-08-17 13:01:41,UPI
5674,2025-07-12 01:41:59,Net Banking
3704,2026-05-20 21:57:19,Cash
2980,2026-06-18 11:46:00,Credit Card
4405,2025-02-13 02:36:18,Cash
4967,2026-06-14 18:19:26,UPI
1627,2025-12-23 00:36:48,Credit Card
1965,2025-06-21 11:10:53,Cash
5656,2024-10-26 10:45:01,UPI
2551,2025-04-28 19:20:22,Net Banking
1378,2025-06-09 04:52:11,UPI
1118,2025-05-02 19:05:17,Debit Card
4913,2026-03-16 06:52:34,Net Banking
3337,2024-12-31 07:00:31,Cash
1892,2025-12-18 14:30:05,UPI
1869,2025-12-18 00:07:35,Credit Card
3429,2025-07-02 10:07:50,Debit Card
2674,2025-07-16 07:16:12,Net Banking
3971,2025-04-10 03:29:27,Debit Card
1886,2025-06-15 01:55:48,Credit Card
1460,2025-05-29 12:04:07,Debit Card
3511,2025-06-16 17:45:17,Credit Card
5285,2025-05-22 08:05:33,Debit Card
2819,2024-12-11 06:16:35,Credit Card
5321,2025-04-25 01:44:03,Debit Card
1313,2025-12-18 00:19:38,Debit Card
4537,2025-11-10 01:13:59,Net Banking
5093,2025-12-26 11:56:46,Debit Card
4924,2025-11-11 14:10:01,Debit Card
1183,2025-01-16 13:36:19,Debit Card
3260,2025-10-29 20:56:06,Net Banking
1335,2026-04-18 05:06:39,Cash
4583,2024-11-05 15:43:11,Net Banking
5372,2025-07-23 00:37:55,UPI
2700,2026-04-09 11:41:29,Credit Card
1302,2025-01-01 21:38:15,Cash
1539,2025-02-11 07:49:45,Cash
3879,2025-08-10 11:43:13,Debit Card
4393,2024-12-22 11:19:46,Net Banking
5273,2026-05-27 23:58:00,Net Banking
1457,2026-02-14 01:45:23,UPI
1203,2025-02-09 15:06:37,UPI
2900,2026-07-06 01:57:27,Net Banking
1983,2024-11-03 23:22:02,Credit Card
4293,2024-12-11 09:41:15,UPI
2689,2026-07-30 00:47:46,Debit Card
2024,2026-01-22 18:30:12,Net Banking
3737,2024-12-23 01:56:45,Cash
4945,2025-12-10 21:49:49,UPI
4209,2025-08-07 21:09:38,Net Banking
1187,2025-04-30 18:13:36,Debit Card
1868,2026-05-15 20:38:03,Debit Card
2500,2025-12-29 02:14:04,Net Banking
5788,2025-01-12 08:34:27,Credit Card
3091,2025-12-17 06:02:05,Cash
4623,2024-09-27 07:57:52,Credit Card
1064,2026-04-16 04:42:45,Cash
4571,2025-05-28 00:34:21,Credit Card
2009,2025-12-31 07:11:11,Credit Card
2969,2025-10-10 01:18:33,Credit Card
5125,2026-05-02 00:51:43,Credit Card
5046,2025-02-20 18:30:20,Net Banking
4840,2024-12-13 10:31:53,Debit Card
4522,2026-05-11 16:15:20,Net Banking
1244,2026-04-08 18:45:23,UPI
5528,2025-03-02 15:49:23,Cash
1469,2025-09-09 10:49:01,UPI
5994,2025-08-13 07:29:32,Cash
3486,2025-11-25 17:19:55,Net Banking
1291,2025-04-06 07:17:49,Credit Card
1156,2025-03-13 19:43:12,UPI
4919,2024-11-29 13:49:23,Credit Card
3887,2025-04-14 14:08:11,Debit Card
2327,2024-11-03 09:24:10,Net Banking
3824,2026-07-14 00:45:19,Credit Card
1638,2026-02-04 06:59:34,Cash
5730,2026-04-08 03:01:16,Debit Card
2670,2024-12-29 14:18:56,Net Banking
2670,2025-09-29 02:41:29,UPI
1029,2025-10-18 14:04:51,Credit Card
5747,2025-08-27 15:27:06,Cash
5031,2024-10-11 17:01:45,Debit Card
5279,2025-12-08 18:14:34,UPI
2393,2025-09-08 22:50:13,UPI
2538,2025-05-31 12:03:45,Credit Card
1239,2025-02-04 01:00:45,Credit Card
5021,2026-07-09 23:44:18,Net Banking
2279,2024-12-17 10:35:54,Credit Card
4249,2026-06-13 21:29:15,Net Banking
5401,2024-09-30 18:54:21,Cash
4205,2024-08-13 15:42:25,Credit Card
4033,2024-09-11 01:37:20,Credit Card
3119,2025-06-04 20:23:06,Debit Card
3875,2025-04-15 21:23:53,Credit Card
3989,2025-08-25 02:54:43,Credit Card
1014,2025-02-18 07:33:37,Debit Card
5625,2026-02-21 02:57:38,UPI
2383,2025-08-02 16:25:06,Net Banking
5836,2026-05-22 00:16:50,Debit Card
3747,2026-02-20 19:47:13,Credit Card
4155,2025-06-10 00:35:48,Debit Card
4517,2026-03-09 14:34:11,Debit Card
2455,2024-11-22 12:18:40,Credit Card
2484,2025-03-05 02:24:37,Debit Card
5242,2025-10-23 19:58:45,Debit Card
2670,2024-08-20 01:14:28,UPI
5626,2026-02-26 17:48:31,UPI
5957,2024-10-22 02:32:18,Cash
4384,2025-03-07 08:17:58,Debit Card
2276,2024-12-01 21:08:38,Credit Card
3227,2024-12-04 05:51:43,Cash
3113,2025-09-07 11:30:15,Net Banking
3379,2026-04-26 02:03:23,Cash
3519,2025-03-10 07:56:10,Credit Card
3560,2025-02-09 05:38:38,Cash
5826,2025-10-26 08:45:02,Net Banking
5183,2026-02-26 11:34:40,Credit Card
1859,2025-08-23 21:34:18,Net Banking
2364,2026-07-13 22:28:55,Net Banking
2417,2025-08-09 14:07:09,Debit Card
1861,2025-03-04 21:20:31,Net Banking
3647,2025-02-21 13:06:44,Debit Card
1010,2025-02-14 01:52:58,UPI
2111,2026-02-23 20:10:03,Net Banking
3217,2025-10-20 21:25:06,UPI
3846,2025-10-02 05:14:16,Debit Card
3597,2025-06-23 19:15:25,Cash
2660,2024-08-20 09:54:57,UPI
2159,2026-02-10 10:35:10,Debit Card
2146,2025-10-03 11:34:25,Cash
4745,2025-02-13 23:55:55,Credit Card
2158,2026-06-26 08:55:31,Credit Card
3576,2024-08-31 04:50:12,Cash
3308,2025-10-29 11:56:34,Cash
2410,2025-09-02 02:37:20,Cash
3326,2025-10-16 19:47:39,UPI
2242,2026-08-04 15:16:02,Debit Card
1192,2025-11-27 12:54:14,Net Banking
5986,2026-06-12 02:36:26,UPI
1670,2025-02-10 00:56:50,Debit Card
3649,2026-07-18 16:20:47,Debit Card
1337,2026-06-25 04:00:18,Debit Card
1603,2026-06-24 15:09:19,UPI
1684,2025-04-08 23:00:32,Cash
5262,2025-11-10 06:06:13,Debit Card
1941,2025-07-04 00:38:58,Debit Card
3859,2025-10-23 23:48:13,Debit Card
5837,2026-07-11 02:51:08,Debit Card
2008,2025-05-24 00:41:31,UPI
4679,2025-08-27 03:27:23,UPI
1433,2026-02-11 14:04:15,Debit Card
3918,2024-12-26 19:42:13,Credit Card
4289,2026-05-31 07:12:43,Credit Card
3623,2024-10-22 05:17:36,UPI
4772,2024-11-04 01:23:12,Credit Card
4104,2024-10-15 05:20:50,UPI
5280,2025-10-09 16:26:41,UPI
5027,2025-02-01 18:42:25,UPI
5567,2026-04-10 14:15:21,Net Banking
3785,2024-11-06 23:05:38,Credit Card
3247,2024-11-09 15:05:38,Credit Card
1735,2026-05-28 21:39:47,Net Banking
1324,2026-04-06 08:29:28,Debit Card
2527,2026-03-10 16:29:13,Credit Card
3694,2025-07-02 15:51:38,Credit Card
4893,2025-10-01 01:31:15,Credit Card
1148,2026-05-07 10:42:06,Debit Card
2067,2026-04-23 03:28:16,Cash
3404,2026-07-03 16:27:23,Net Banking
2800,2024-11-24 01:04:49,Cash
4891,2026-06-10 02:40:09,Net Banking
4267,2026-07-20 22:02:40,UPI
3760,2025-05-06 10:32:49,Cash
5722,2025-01-20 17:25:37,Debit Card
4793,2026-04-30 08:09:17,Debit Card
2272,2024-12-12 02:30:43,Cash
1392,2024-09-18 14:08:32,Debit Card
3042,2025-11-25 01:45:58,Credit Card
3181,2024-12-17 10:24:18,Credit Card
3576,2026-03-23 10:16:36,Credit Card
2739,2024-10-12 20:43:21,Credit Card
2488,2024-08-20 18:41:29,Debit Card
5994,2026-01-20 04:49:44,Cash
2445,2025-05-19 05:56:52,UPI
4557,2025-07-13 22:13:13,Net Banking
2373,2024-11-03 14:45:29,Net Banking
4007,2025-06-05 09:30:43,UPI
2018,2025-11-03 05:21:03,Credit Card
4199,2026-05-14 22:19:23,UPI
1314,2025-07-23 19:42:54,Credit Card
4347,2026-03-06 05:37:04,UPI
5628,2026-05-20 03:18:52,Debit Card
4797,2025-10-30 23:51:40,Cash
2516,2026-06-30 03:39:21,UPI
2179,2024-11-08 02:22:29,Cash
2401,2026-03-16 04:51:14,Cash
2472,2025-02-13 15:37:35,Credit Card
3865,2025-02-18 15:14:10,Credit Card
5523,2026-06-27 09:38:06,Credit Card
4102,2026-07-31 12:39:46,UPI
4625,2025-03-19 20:56:42,Debit Card
1821,2026-07-03 14:43:39,Credit Card
2471,2025-08-22 17:21:08,Net Banking
5137,2026-03-31 11:32:32,Cash
3958,2025-06-16 20:22:45,Credit Card
2129,2026-05-13 21:47:28,Cash
4488,2025-06-05 10:01:49,UPI
3134,2026-06-21 17:23:03,Net Banking
1055,2025-05-23 07:13:26,Cash
2736,2024-11-06 00:11:03,Cash
4989,2024-12-29 18:38:05,Credit Card
1738,2025-06-05 14:23:00,UPI
1165,2025-06-04 02:06:42,Debit Card
2048,2026-01-10 22:25:12,Credit Card
5268,2024-09-17 05:24:14,Cash
4841,2025-11-05 02:29:09,Debit Card
3708,2025-12-07 05:08:00,Debit Card
3060,2026-02-20 18:48:44,UPI
5164,2025-02-26 03:08:53,Net Banking
1357,2026-03-29 15:41:03,Cash
3066,2025-12-29 10:19:27,UPI
1351,2025-10-14 22:19:04,Debit Card
5411,2026-04-29 06:15:37,Net Banking
3514,2025-03-08 07:21:33,Cash
3051,2025-04-24 09:04:48,Credit Card
4165,2026-02-13 20:58:23,UPI
5118,2025-08-09 21:22:25,UPI
3031,2025-02-13 18:04:18,Credit Card
3890,2025-04-12 08:13:05,Net Banking
4689,2026-06-02 18:41:24,Cash
3719,2025-10-14 14:11:06,UPI
3128,2026-06-19 06:40:14,Credit Card
4686,2026-08-03 20:50:10,Credit Card
4880,2025-08-21 00:22:11,UPI
2516,2025-01-19 00:51:26,Debit Card
2837,2025-02-03 19:32:59,Credit Card
4447,2025-07-22 02:52:06,Net Banking
2722,2026-05-16 05:28:13,UPI
3261,2025-02-27 14:19:30,Debit Card
5530,2025-01-04 16:02:59,UPI
5492,2024-09-26 04:36:50,Net Banking
4102,2026-02-24 13:05:06,UPI
3023,2026-01-01 19:44:44,Net Banking
3075,2025-08-02 07:50:39,UPI
1573,2024-12-08 03:39:37,Debit Card
5965,2026-01-02 01:49:03,Cash
4983,2025-05-01 03:45:47,UPI
4832,2026-05-18 12:38:43,Cash
1528,2024-08-07 21:11:19,Debit Card
5728,2026-05-11 14:45:06,UPI
1175,2025-07-08 03:11:24,Cash
2573,2025-08-21 03:51:14,Cash
5613,2025-02-04 11:19:57,UPI
3991,2024-10-11 13:38:03,Cash
5699,2025-07-15 20:18:23,UPI
4510,2025-09-09 01:28:33,Debit Card
2684,2025-12-07 07:45:29,Cash
1828,2024-12-02 00:40:31,Debit Card
1467,2024-09-19 23:02:12,Cash
3331,2026-08-07 22:03:00,Cash
5319,2024-12-14 21:43:59,Cash
2986,2026-06-07 13:09:19,Debit Card
4481,2025-01-05 19:23:40,Cash
3234,2026-02-12 19:01:01,Cash
4866,2025-10-19 20:39:23,UPI
1753,2026-02-10 04:20:44,UPI
4841,2025-12-13 18:54:05,Net Banking
3476,2026-05-01 12:07:22,Cash
4483,2025-12-23 18:45:09,Credit Card
3908,2025-09-03 05:16:56,Cash
1834,2024-09-19 08:39:41,UPI
3159,2025-11-08 12:01:51,Credit Card
1564,2025-11-21 03:23:43,UPI
5236,2025-12-16 20:50:58,Debit Card
2804,2025-12-06 11:52:44,Debit Card
4756,2026-02-28 20:47:42,Debit Card
1871,2025-01-02 00:05:15,Debit Card
1130,2025-10-05 23:26:28,Credit Card
5938,2025-03-16 07:20:03,Cash
2557,2024-09-30 11:34:12,Debit Card
3637,2025-11-14 20:02:50,Credit Card
1270,2025-10-23 18:23:47,Debit Card
2254,2025-11-03 20:45:13,Debit Card
4566,2025-02-22 19:03:54,Net Banking
4271,2025-06-18 10:07:00,Cash
3468,2024-08-27 16:40:26,UPI
5256,2024-09-26 21:14:55,Cash
3009,2024-12-30 06:44:06,Cash
1511,2025-01-17 02:25:25,Debit Card
5353,2025-10-02 20:56:20,Credit Card
4442,2024-08-15 12:16:35,Debit Card
2230,2026-05-26 21:14:03,Net Banking
3629,2026-02-24 10:00:45,Credit Card
3744,2026-07-09 15:21:06,UPI
5091,2025-04-17 21:01:06,Debit Card
5887,2025-04-28 08:29:01,UPI
3522,2025-06-15 15:45:14,Net Banking
5066,2024-08-22 14:58:55,UPI
4256,2025-11-30 10:16:46,Cash
4451,2025-04-19 01:19:48,Credit Card
4788,2025-08-30 04:05:03,Debit Card
3033,2024-08-10 11:41:12,Credit Card
4805,2025-12-13 23:29:28,UPI
1711,2025-01-29 20:30:03,Cash
2953,2025-08-26 18:16:02,Credit Card
4774,2025-05-05 07:54:26,Cash
3776,2026-05-26 07:15:24,Net Banking
3989,2025-03-14 19:45:35,Debit Card
1591,2024-11-24 19:19:25,UPI
2950,2026-04-03 09:39:31,Debit Card
